Conflict Type,Source,Alternative URL or Keyword,Canonical Target,Affected Count,Resolution,Unresolved
SAME_INTENT_MODIFIER,candidate-engine,/india/customised-apparel-and-accessories,/india/custom-apparel-and-accessories,1,Merged into the custom-intent canonical to prevent spelling and same-intent cannibalization.,NO
SAME_INTENT_MODIFIER,candidate-engine,/india/personalized-apparel-and-accessories,/india/custom-apparel-and-accessories,1,Merged into the custom-intent canonical to prevent spelling and same-intent cannibalization.,NO
SAME_INTENT_MODIFIER,candidate-engine,/delhi/customised-apparel-and-accessories,/delhi/custom-apparel-and-accessories,1,Merged into the custom-intent canonical to prevent spelling and same-intent cannibalization.,NO
SAME_INTENT_MODIFIER,candidate-engine,/delhi/personalized-apparel-and-accessories,/delhi/custom-apparel-and-accessories,1,Merged into the custom-intent canonical to prevent spelling and same-intent cannibalization.,NO
SAME_INTENT_MODIFIER,candidate-engine,/noida/customised-apparel-and-accessories,/noida/custom-apparel-and-accessories,1,Merged into the custom-intent canonical to prevent spelling and same-intent cannibalization.,NO
SAME_INTENT_MODIFIER,candidate-engine,/noida/personalized-apparel-and-accessories,/noida/custom-apparel-and-accessories,1,Merged into the custom-intent canonical to prevent spelling and same-intent cannibalization.,NO
SAME_INTENT_MODIFIER,candidate-engine,/greater-noida/customised-apparel-and-accessories,/greater-noida/custom-apparel-and-accessories,1,Merged into the custom-intent canonical to prevent spelling and same-intent cannibalization.,NO
SAME_INTENT_MODIFIER,candidate-engine,/greater-noida/personalized-apparel-and-accessories,/greater-noida/custom-apparel-and-accessories,1,Merged into the custom-intent canonical to prevent spelling and same-intent cannibalization.,NO
SAME_INTENT_MODIFIER,candidate-engine,/gurgaon/customised-apparel-and-accessories,/gurgaon/custom-apparel-and-accessories,1,Merged into the custom-intent canonical to prevent spelling and same-intent cannibalization.,NO
SAME_INTENT_MODIFIER,candidate-engine,/gurgaon/personalized-apparel-and-accessories,/gurgaon/custom-apparel-and-accessories,1,Merged into the custom-intent canonical to prevent spelling and same-intent cannibalization.,NO
SAME_INTENT_MODIFIER,candidate-engine,/faridabad/customised-apparel-and-accessories,/faridabad/custom-apparel-and-accessories,1,Merged into the custom-intent canonical to prevent spelling and same-intent cannibalization.,NO
SAME_INTENT_MODIFIER,candidate-engine,/faridabad/personalized-apparel-and-accessories,/faridabad/custom-apparel-and-accessories,1,Merged into the custom-intent canonical to prevent spelling and same-intent cannibalization.,NO
SAME_INTENT_MODIFIER,candidate-engine,/ghaziabad/customised-apparel-and-accessories,/ghaziabad/custom-apparel-and-accessories,1,Merged into the custom-intent canonical to prevent spelling and same-intent cannibalization.,NO
SAME_INTENT_MODIFIER,candidate-engine,/ghaziabad/personalized-apparel-and-accessories,/ghaziabad/custom-apparel-and-accessories,1,Merged into the custom-intent canonical to prevent spelling and same-intent cannibalization.,NO
SAME_INTENT_MODIFIER,candidate-engine,/haryana/customised-apparel-and-accessories,/haryana/custom-apparel-and-accessories,1,Merged into the custom-intent canonical to prevent spelling and same-intent cannibalization.,NO
SAME_INTENT_MODIFIER,candidate-engine,/haryana/personalized-apparel-and-accessories,/haryana/custom-apparel-and-accessories,1,Merged into the custom-intent canonical to prevent spelling and same-intent cannibalization.,NO
SAME_INTENT_MODIFIER,candidate-engine,/uttar-pradesh/customised-apparel-and-accessories,/uttar-pradesh/custom-apparel-and-accessories,1,Merged into the custom-intent canonical to prevent spelling and same-intent cannibalization.,NO
SAME_INTENT_MODIFIER,candidate-engine,/uttar-pradesh/personalized-apparel-and-accessories,/uttar-pradesh/custom-apparel-and-accessories,1,Merged into the custom-intent canonical to prevent spelling and same-intent cannibalization.,NO
SAME_INTENT_MODIFIER,candidate-engine,/maharashtra/customised-apparel-and-accessories,/maharashtra/custom-apparel-and-accessories,1,Merged into the custom-intent canonical to prevent spelling and same-intent cannibalization.,NO
SAME_INTENT_MODIFIER,candidate-engine,/maharashtra/personalized-apparel-and-accessories,/maharashtra/custom-apparel-and-accessories,1,Merged into the custom-intent canonical to prevent spelling and same-intent cannibalization.,NO
SAME_INTENT_MODIFIER,candidate-engine,/karnataka/customised-apparel-and-accessories,/karnataka/custom-apparel-and-accessories,1,Merged into the custom-intent canonical to prevent spelling and same-intent cannibalization.,NO
SAME_INTENT_MODIFIER,candidate-engine,/karnataka/personalized-apparel-and-accessories,/karnataka/custom-apparel-and-accessories,1,Merged into the custom-intent canonical to prevent spelling and same-intent cannibalization.,NO
SAME_INTENT_MODIFIER,candidate-engine,/tamil-nadu/customised-apparel-and-accessories,/tamil-nadu/custom-apparel-and-accessories,1,Merged into the custom-intent canonical to prevent spelling and same-intent cannibalization.,NO
SAME_INTENT_MODIFIER,candidate-engine,/tamil-nadu/personalized-apparel-and-accessories,/tamil-nadu/custom-apparel-and-accessories,1,Merged into the custom-intent canonical to prevent spelling and same-intent cannibalization.,NO
SAME_INTENT_MODIFIER,candidate-engine,/telangana/customised-apparel-and-accessories,/telangana/custom-apparel-and-accessories,1,Merged into the custom-intent canonical to prevent spelling and same-intent cannibalization.,NO
SAME_INTENT_MODIFIER,candidate-engine,/telangana/personalized-apparel-and-accessories,/telangana/custom-apparel-and-accessories,1,Merged into the custom-intent canonical to prevent spelling and same-intent cannibalization.,NO
SAME_INTENT_MODIFIER,candidate-engine,/west-bengal/customised-apparel-and-accessories,/west-bengal/custom-apparel-and-accessories,1,Merged into the custom-intent canonical to prevent spelling and same-intent cannibalization.,NO
SAME_INTENT_MODIFIER,candidate-engine,/west-bengal/personalized-apparel-and-accessories,/west-bengal/custom-apparel-and-accessories,1,Merged into the custom-intent canonical to prevent spelling and same-intent cannibalization.,NO
SAME_INTENT_MODIFIER,candidate-engine,/mumbai/customised-apparel-and-accessories,/mumbai/custom-apparel-and-accessories,1,Merged into the custom-intent canonical to prevent spelling and same-intent cannibalization.,NO
SAME_INTENT_MODIFIER,candidate-engine,/mumbai/personalized-apparel-and-accessories,/mumbai/custom-apparel-and-accessories,1,Merged into the custom-intent canonical to prevent spelling and same-intent cannibalization.,NO
SAME_INTENT_MODIFIER,candidate-engine,/pune/customised-apparel-and-accessories,/pune/custom-apparel-and-accessories,1,Merged into the custom-intent canonical to prevent spelling and same-intent cannibalization.,NO
SAME_INTENT_MODIFIER,candidate-engine,/pune/personalized-apparel-and-accessories,/pune/custom-apparel-and-accessories,1,Merged into the custom-intent canonical to prevent spelling and same-intent cannibalization.,NO
SAME_INTENT_MODIFIER,candidate-engine,/bengaluru/customised-apparel-and-accessories,/bengaluru/custom-apparel-and-accessories,1,Merged into the custom-intent canonical to prevent spelling and same-intent cannibalization.,NO
SAME_INTENT_MODIFIER,candidate-engine,/bengaluru/personalized-apparel-and-accessories,/bengaluru/custom-apparel-and-accessories,1,Merged into the custom-intent canonical to prevent spelling and same-intent cannibalization.,NO
SAME_INTENT_MODIFIER,candidate-engine,/hyderabad/customised-apparel-and-accessories,/hyderabad/custom-apparel-and-accessories,1,Merged into the custom-intent canonical to prevent spelling and same-intent cannibalization.,NO
SAME_INTENT_MODIFIER,candidate-engine,/hyderabad/personalized-apparel-and-accessories,/hyderabad/custom-apparel-and-accessories,1,Merged into the custom-intent canonical to prevent spelling and same-intent cannibalization.,NO
SAME_INTENT_MODIFIER,candidate-engine,/chennai/customised-apparel-and-accessories,/chennai/custom-apparel-and-accessories,1,Merged into the custom-intent canonical to prevent spelling and same-intent cannibalization.,NO
SAME_INTENT_MODIFIER,candidate-engine,/chennai/personalized-apparel-and-accessories,/chennai/custom-apparel-and-accessories,1,Merged into the custom-intent canonical to prevent spelling and same-intent cannibalization.,NO
SAME_INTENT_MODIFIER,candidate-engine,/kolkata/customised-apparel-and-accessories,/kolkata/custom-apparel-and-accessories,1,Merged into the custom-intent canonical to prevent spelling and same-intent cannibalization.,NO
SAME_INTENT_MODIFIER,candidate-engine,/kolkata/personalized-apparel-and-accessories,/kolkata/custom-apparel-and-accessories,1,Merged into the custom-intent canonical to prevent spelling and same-intent cannibalization.,NO
SAME_INTENT_MODIFIER,candidate-engine,/ahmedabad/customised-apparel-and-accessories,/ahmedabad/custom-apparel-and-accessories,1,Merged into the custom-intent canonical to prevent spelling and same-intent cannibalization.,NO
SAME_INTENT_MODIFIER,candidate-engine,/ahmedabad/personalized-apparel-and-accessories,/ahmedabad/custom-apparel-and-accessories,1,Merged into the custom-intent canonical to prevent spelling and same-intent cannibalization.,NO
SAME_INTENT_MODIFIER,candidate-engine,/lucknow/customised-apparel-and-accessories,/lucknow/custom-apparel-and-accessories,1,Merged into the custom-intent canonical to prevent spelling and same-intent cannibalization.,NO
SAME_INTENT_MODIFIER,candidate-engine,/lucknow/personalized-apparel-and-accessories,/lucknow/custom-apparel-and-accessories,1,Merged into the custom-intent canonical to prevent spelling and same-intent cannibalization.,NO
SAME_INTENT_MODIFIER,candidate-engine,/india/customised-polo-t-shirts,/india/custom-polo-t-shirts,1,Merged into the custom-intent canonical to prevent spelling and same-intent cannibalization.,NO
SAME_INTENT_MODIFIER,candidate-engine,/india/personalized-polo-t-shirts,/india/custom-polo-t-shirts,1,Merged into the custom-intent canonical to prevent spelling and same-intent cannibalization.,NO
SAME_INTENT_MODIFIER,candidate-engine,/delhi/customised-polo-t-shirts,/delhi/custom-polo-t-shirts,1,Merged into the custom-intent canonical to prevent spelling and same-intent cannibalization.,NO
SAME_INTENT_MODIFIER,candidate-engine,/delhi/personalized-polo-t-shirts,/delhi/custom-polo-t-shirts,1,Merged into the custom-intent canonical to prevent spelling and same-intent cannibalization.,NO
SAME_INTENT_MODIFIER,candidate-engine,/noida/customised-polo-t-shirts,/noida/custom-polo-t-shirts,1,Merged into the custom-intent canonical to prevent spelling and same-intent cannibalization.,NO
SAME_INTENT_MODIFIER,candidate-engine,/noida/personalized-polo-t-shirts,/noida/custom-polo-t-shirts,1,Merged into the custom-intent canonical to prevent spelling and same-intent cannibalization.,NO
SAME_INTENT_MODIFIER,candidate-engine,/greater-noida/customised-polo-t-shirts,/greater-noida/custom-polo-t-shirts,1,Merged into the custom-intent canonical to prevent spelling and same-intent cannibalization.,NO
SAME_INTENT_MODIFIER,candidate-engine,/greater-noida/personalized-polo-t-shirts,/greater-noida/custom-polo-t-shirts,1,Merged into the custom-intent canonical to prevent spelling and same-intent cannibalization.,NO
SAME_INTENT_MODIFIER,candidate-engine,/gurgaon/customised-polo-t-shirts,/gurgaon/custom-polo-t-shirts,1,Merged into the custom-intent canonical to prevent spelling and same-intent cannibalization.,NO
SAME_INTENT_MODIFIER,candidate-engine,/gurgaon/personalized-polo-t-shirts,/gurgaon/custom-polo-t-shirts,1,Merged into the custom-intent canonical to prevent spelling and same-intent cannibalization.,NO
SAME_INTENT_MODIFIER,candidate-engine,/faridabad/customised-polo-t-shirts,/faridabad/custom-polo-t-shirts,1,Merged into the custom-intent canonical to prevent spelling and same-intent cannibalization.,NO
SAME_INTENT_MODIFIER,candidate-engine,/faridabad/personalized-polo-t-shirts,/faridabad/custom-polo-t-shirts,1,Merged into the custom-intent canonical to prevent spelling and same-intent cannibalization.,NO
SAME_INTENT_MODIFIER,candidate-engine,/ghaziabad/customised-polo-t-shirts,/ghaziabad/custom-polo-t-shirts,1,Merged into the custom-intent canonical to prevent spelling and same-intent cannibalization.,NO
SAME_INTENT_MODIFIER,candidate-engine,/ghaziabad/personalized-polo-t-shirts,/ghaziabad/custom-polo-t-shirts,1,Merged into the custom-intent canonical to prevent spelling and same-intent cannibalization.,NO
SAME_INTENT_MODIFIER,candidate-engine,/haryana/customised-polo-t-shirts,/haryana/custom-polo-t-shirts,1,Merged into the custom-intent canonical to prevent spelling and same-intent cannibalization.,NO
SAME_INTENT_MODIFIER,candidate-engine,/haryana/personalized-polo-t-shirts,/haryana/custom-polo-t-shirts,1,Merged into the custom-intent canonical to prevent spelling and same-intent cannibalization.,NO
SAME_INTENT_MODIFIER,candidate-engine,/uttar-pradesh/customised-polo-t-shirts,/uttar-pradesh/custom-polo-t-shirts,1,Merged into the custom-intent canonical to prevent spelling and same-intent cannibalization.,NO
SAME_INTENT_MODIFIER,candidate-engine,/uttar-pradesh/personalized-polo-t-shirts,/uttar-pradesh/custom-polo-t-shirts,1,Merged into the custom-intent canonical to prevent spelling and same-intent cannibalization.,NO
SAME_INTENT_MODIFIER,candidate-engine,/maharashtra/customised-polo-t-shirts,/maharashtra/custom-polo-t-shirts,1,Merged into the custom-intent canonical to prevent spelling and same-intent cannibalization.,NO
SAME_INTENT_MODIFIER,candidate-engine,/maharashtra/personalized-polo-t-shirts,/maharashtra/custom-polo-t-shirts,1,Merged into the custom-intent canonical to prevent spelling and same-intent cannibalization.,NO
SAME_INTENT_MODIFIER,candidate-engine,/karnataka/customised-polo-t-shirts,/karnataka/custom-polo-t-shirts,1,Merged into the custom-intent canonical to prevent spelling and same-intent cannibalization.,NO
SAME_INTENT_MODIFIER,candidate-engine,/karnataka/personalized-polo-t-shirts,/karnataka/custom-polo-t-shirts,1,Merged into the custom-intent canonical to prevent spelling and same-intent cannibalization.,NO
SAME_INTENT_MODIFIER,candidate-engine,/tamil-nadu/customised-polo-t-shirts,/tamil-nadu/custom-polo-t-shirts,1,Merged into the custom-intent canonical to prevent spelling and same-intent cannibalization.,NO
SAME_INTENT_MODIFIER,candidate-engine,/tamil-nadu/personalized-polo-t-shirts,/tamil-nadu/custom-polo-t-shirts,1,Merged into the custom-intent canonical to prevent spelling and same-intent cannibalization.,NO
SAME_INTENT_MODIFIER,candidate-engine,/telangana/customised-polo-t-shirts,/telangana/custom-polo-t-shirts,1,Merged into the custom-intent canonical to prevent spelling and same-intent cannibalization.,NO
SAME_INTENT_MODIFIER,candidate-engine,/telangana/personalized-polo-t-shirts,/telangana/custom-polo-t-shirts,1,Merged into the custom-intent canonical to prevent spelling and same-intent cannibalization.,NO
SAME_INTENT_MODIFIER,candidate-engine,/west-bengal/customised-polo-t-shirts,/west-bengal/custom-polo-t-shirts,1,Merged into the custom-intent canonical to prevent spelling and same-intent cannibalization.,NO
SAME_INTENT_MODIFIER,candidate-engine,/west-bengal/personalized-polo-t-shirts,/west-bengal/custom-polo-t-shirts,1,Merged into the custom-intent canonical to prevent spelling and same-intent cannibalization.,NO
SAME_INTENT_MODIFIER,candidate-engine,/mumbai/customised-polo-t-shirts,/mumbai/custom-polo-t-shirts,1,Merged into the custom-intent canonical to prevent spelling and same-intent cannibalization.,NO
SAME_INTENT_MODIFIER,candidate-engine,/mumbai/personalized-polo-t-shirts,/mumbai/custom-polo-t-shirts,1,Merged into the custom-intent canonical to prevent spelling and same-intent cannibalization.,NO
SAME_INTENT_MODIFIER,candidate-engine,/pune/customised-polo-t-shirts,/pune/custom-polo-t-shirts,1,Merged into the custom-intent canonical to prevent spelling and same-intent cannibalization.,NO
SAME_INTENT_MODIFIER,candidate-engine,/pune/personalized-polo-t-shirts,/pune/custom-polo-t-shirts,1,Merged into the custom-intent canonical to prevent spelling and same-intent cannibalization.,NO
SAME_INTENT_MODIFIER,candidate-engine,/bengaluru/customised-polo-t-shirts,/bengaluru/custom-polo-t-shirts,1,Merged into the custom-intent canonical to prevent spelling and same-intent cannibalization.,NO
SAME_INTENT_MODIFIER,candidate-engine,/bengaluru/personalized-polo-t-shirts,/bengaluru/custom-polo-t-shirts,1,Merged into the custom-intent canonical to prevent spelling and same-intent cannibalization.,NO
SAME_INTENT_MODIFIER,candidate-engine,/hyderabad/customised-polo-t-shirts,/hyderabad/custom-polo-t-shirts,1,Merged into the custom-intent canonical to prevent spelling and same-intent cannibalization.,NO
SAME_INTENT_MODIFIER,candidate-engine,/hyderabad/personalized-polo-t-shirts,/hyderabad/custom-polo-t-shirts,1,Merged into the custom-intent canonical to prevent spelling and same-intent cannibalization.,NO
SAME_INTENT_MODIFIER,candidate-engine,/chennai/customised-polo-t-shirts,/chennai/custom-polo-t-shirts,1,Merged into the custom-intent canonical to prevent spelling and same-intent cannibalization.,NO
SAME_INTENT_MODIFIER,candidate-engine,/chennai/personalized-polo-t-shirts,/chennai/custom-polo-t-shirts,1,Merged into the custom-intent canonical to prevent spelling and same-intent cannibalization.,NO
SAME_INTENT_MODIFIER,candidate-engine,/kolkata/customised-polo-t-shirts,/kolkata/custom-polo-t-shirts,1,Merged into the custom-intent canonical to prevent spelling and same-intent cannibalization.,NO
SAME_INTENT_MODIFIER,candidate-engine,/kolkata/personalized-polo-t-shirts,/kolkata/custom-polo-t-shirts,1,Merged into the custom-intent canonical to prevent spelling and same-intent cannibalization.,NO
SAME_INTENT_MODIFIER,candidate-engine,/ahmedabad/customised-polo-t-shirts,/ahmedabad/custom-polo-t-shirts,1,Merged into the custom-intent canonical to prevent spelling and same-intent cannibalization.,NO
SAME_INTENT_MODIFIER,candidate-engine,/ahmedabad/personalized-polo-t-shirts,/ahmedabad/custom-polo-t-shirts,1,Merged into the custom-intent canonical to prevent spelling and same-intent cannibalization.,NO
SAME_INTENT_MODIFIER,candidate-engine,/lucknow/customised-polo-t-shirts,/lucknow/custom-polo-t-shirts,1,Merged into the custom-intent canonical to prevent spelling and same-intent cannibalization.,NO
SAME_INTENT_MODIFIER,candidate-engine,/lucknow/personalized-polo-t-shirts,/lucknow/custom-polo-t-shirts,1,Merged into the custom-intent canonical to prevent spelling and same-intent cannibalization.,NO
SAME_INTENT_MODIFIER,candidate-engine,/india/customised-round-neck-t-shirts,/india/custom-round-neck-t-shirts,1,Merged into the custom-intent canonical to prevent spelling and same-intent cannibalization.,NO
SAME_INTENT_MODIFIER,candidate-engine,/india/personalized-round-neck-t-shirts,/india/custom-round-neck-t-shirts,1,Merged into the custom-intent canonical to prevent spelling and same-intent cannibalization.,NO
SAME_INTENT_MODIFIER,candidate-engine,/delhi/customised-round-neck-t-shirts,/delhi/custom-round-neck-t-shirts,1,Merged into the custom-intent canonical to prevent spelling and same-intent cannibalization.,NO
SAME_INTENT_MODIFIER,candidate-engine,/delhi/personalized-round-neck-t-shirts,/delhi/custom-round-neck-t-shirts,1,Merged into the custom-intent canonical to prevent spelling and same-intent cannibalization.,NO
SAME_INTENT_MODIFIER,candidate-engine,/noida/customised-round-neck-t-shirts,/noida/custom-round-neck-t-shirts,1,Merged into the custom-intent canonical to prevent spelling and same-intent cannibalization.,NO
SAME_INTENT_MODIFIER,candidate-engine,/noida/personalized-round-neck-t-shirts,/noida/custom-round-neck-t-shirts,1,Merged into the custom-intent canonical to prevent spelling and same-intent cannibalization.,NO
SAME_INTENT_MODIFIER,candidate-engine,/greater-noida/customised-round-neck-t-shirts,/greater-noida/custom-round-neck-t-shirts,1,Merged into the custom-intent canonical to prevent spelling and same-intent cannibalization.,NO
SAME_INTENT_MODIFIER,candidate-engine,/greater-noida/personalized-round-neck-t-shirts,/greater-noida/custom-round-neck-t-shirts,1,Merged into the custom-intent canonical to prevent spelling and same-intent cannibalization.,NO
SAME_INTENT_MODIFIER,candidate-engine,/gurgaon/customised-round-neck-t-shirts,/gurgaon/custom-round-neck-t-shirts,1,Merged into the custom-intent canonical to prevent spelling and same-intent cannibalization.,NO
SAME_INTENT_MODIFIER,candidate-engine,/gurgaon/personalized-round-neck-t-shirts,/gurgaon/custom-round-neck-t-shirts,1,Merged into the custom-intent canonical to prevent spelling and same-intent cannibalization.,NO
SAME_INTENT_MODIFIER,candidate-engine,/faridabad/customised-round-neck-t-shirts,/faridabad/custom-round-neck-t-shirts,1,Merged into the custom-intent canonical to prevent spelling and same-intent cannibalization.,NO
SAME_INTENT_MODIFIER,candidate-engine,/faridabad/personalized-round-neck-t-shirts,/faridabad/custom-round-neck-t-shirts,1,Merged into the custom-intent canonical to prevent spelling and same-intent cannibalization.,NO
SAME_INTENT_MODIFIER,candidate-engine,/ghaziabad/customised-round-neck-t-shirts,/ghaziabad/custom-round-neck-t-shirts,1,Merged into the custom-intent canonical to prevent spelling and same-intent cannibalization.,NO
SAME_INTENT_MODIFIER,candidate-engine,/ghaziabad/personalized-round-neck-t-shirts,/ghaziabad/custom-round-neck-t-shirts,1,Merged into the custom-intent canonical to prevent spelling and same-intent cannibalization.,NO
SAME_INTENT_MODIFIER,candidate-engine,/haryana/customised-round-neck-t-shirts,/haryana/custom-round-neck-t-shirts,1,Merged into the custom-intent canonical to prevent spelling and same-intent cannibalization.,NO
SAME_INTENT_MODIFIER,candidate-engine,/haryana/personalized-round-neck-t-shirts,/haryana/custom-round-neck-t-shirts,1,Merged into the custom-intent canonical to prevent spelling and same-intent cannibalization.,NO
SAME_INTENT_MODIFIER,candidate-engine,/uttar-pradesh/customised-round-neck-t-shirts,/uttar-pradesh/custom-round-neck-t-shirts,1,Merged into the custom-intent canonical to prevent spelling and same-intent cannibalization.,NO
SAME_INTENT_MODIFIER,candidate-engine,/uttar-pradesh/personalized-round-neck-t-shirts,/uttar-pradesh/custom-round-neck-t-shirts,1,Merged into the custom-intent canonical to prevent spelling and same-intent cannibalization.,NO
SAME_INTENT_MODIFIER,candidate-engine,/maharashtra/customised-round-neck-t-shirts,/maharashtra/custom-round-neck-t-shirts,1,Merged into the custom-intent canonical to prevent spelling and same-intent cannibalization.,NO
SAME_INTENT_MODIFIER,candidate-engine,/maharashtra/personalized-round-neck-t-shirts,/maharashtra/custom-round-neck-t-shirts,1,Merged into the custom-intent canonical to prevent spelling and same-intent cannibalization.,NO
SAME_INTENT_MODIFIER,candidate-engine,/karnataka/customised-round-neck-t-shirts,/karnataka/custom-round-neck-t-shirts,1,Merged into the custom-intent canonical to prevent spelling and same-intent cannibalization.,NO
SAME_INTENT_MODIFIER,candidate-engine,/karnataka/personalized-round-neck-t-shirts,/karnataka/custom-round-neck-t-shirts,1,Merged into the custom-intent canonical to prevent spelling and same-intent cannibalization.,NO
SAME_INTENT_MODIFIER,candidate-engine,/tamil-nadu/customised-round-neck-t-shirts,/tamil-nadu/custom-round-neck-t-shirts,1,Merged into the custom-intent canonical to prevent spelling and same-intent cannibalization.,NO
SAME_INTENT_MODIFIER,candidate-engine,/tamil-nadu/personalized-round-neck-t-shirts,/tamil-nadu/custom-round-neck-t-shirts,1,Merged into the custom-intent canonical to prevent spelling and same-intent cannibalization.,NO
SAME_INTENT_MODIFIER,candidate-engine,/telangana/customised-round-neck-t-shirts,/telangana/custom-round-neck-t-shirts,1,Merged into the custom-intent canonical to prevent spelling and same-intent cannibalization.,NO
SAME_INTENT_MODIFIER,candidate-engine,/telangana/personalized-round-neck-t-shirts,/telangana/custom-round-neck-t-shirts,1,Merged into the custom-intent canonical to prevent spelling and same-intent cannibalization.,NO
SAME_INTENT_MODIFIER,candidate-engine,/west-bengal/customised-round-neck-t-shirts,/west-bengal/custom-round-neck-t-shirts,1,Merged into the custom-intent canonical to prevent spelling and same-intent cannibalization.,NO
SAME_INTENT_MODIFIER,candidate-engine,/west-bengal/personalized-round-neck-t-shirts,/west-bengal/custom-round-neck-t-shirts,1,Merged into the custom-intent canonical to prevent spelling and same-intent cannibalization.,NO
SAME_INTENT_MODIFIER,candidate-engine,/mumbai/customised-round-neck-t-shirts,/mumbai/custom-round-neck-t-shirts,1,Merged into the custom-intent canonical to prevent spelling and same-intent cannibalization.,NO
SAME_INTENT_MODIFIER,candidate-engine,/mumbai/personalized-round-neck-t-shirts,/mumbai/custom-round-neck-t-shirts,1,Merged into the custom-intent canonical to prevent spelling and same-intent cannibalization.,NO
SAME_INTENT_MODIFIER,candidate-engine,/pune/customised-round-neck-t-shirts,/pune/custom-round-neck-t-shirts,1,Merged into the custom-intent canonical to prevent spelling and same-intent cannibalization.,NO
SAME_INTENT_MODIFIER,candidate-engine,/pune/personalized-round-neck-t-shirts,/pune/custom-round-neck-t-shirts,1,Merged into the custom-intent canonical to prevent spelling and same-intent cannibalization.,NO
SAME_INTENT_MODIFIER,candidate-engine,/bengaluru/customised-round-neck-t-shirts,/bengaluru/custom-round-neck-t-shirts,1,Merged into the custom-intent canonical to prevent spelling and same-intent cannibalization.,NO
SAME_INTENT_MODIFIER,candidate-engine,/bengaluru/personalized-round-neck-t-shirts,/bengaluru/custom-round-neck-t-shirts,1,Merged into the custom-intent canonical to prevent spelling and same-intent cannibalization.,NO
SAME_INTENT_MODIFIER,candidate-engine,/hyderabad/customised-round-neck-t-shirts,/hyderabad/custom-round-neck-t-shirts,1,Merged into the custom-intent canonical to prevent spelling and same-intent cannibalization.,NO
SAME_INTENT_MODIFIER,candidate-engine,/hyderabad/personalized-round-neck-t-shirts,/hyderabad/custom-round-neck-t-shirts,1,Merged into the custom-intent canonical to prevent spelling and same-intent cannibalization.,NO
SAME_INTENT_MODIFIER,candidate-engine,/chennai/customised-round-neck-t-shirts,/chennai/custom-round-neck-t-shirts,1,Merged into the custom-intent canonical to prevent spelling and same-intent cannibalization.,NO
SAME_INTENT_MODIFIER,candidate-engine,/chennai/personalized-round-neck-t-shirts,/chennai/custom-round-neck-t-shirts,1,Merged into the custom-intent canonical to prevent spelling and same-intent cannibalization.,NO
SAME_INTENT_MODIFIER,candidate-engine,/kolkata/customised-round-neck-t-shirts,/kolkata/custom-round-neck-t-shirts,1,Merged into the custom-intent canonical to prevent spelling and same-intent cannibalization.,NO
SAME_INTENT_MODIFIER,candidate-engine,/kolkata/personalized-round-neck-t-shirts,/kolkata/custom-round-neck-t-shirts,1,Merged into the custom-intent canonical to prevent spelling and same-intent cannibalization.,NO
SAME_INTENT_MODIFIER,candidate-engine,/ahmedabad/customised-round-neck-t-shirts,/ahmedabad/custom-round-neck-t-shirts,1,Merged into the custom-intent canonical to prevent spelling and same-intent cannibalization.,NO
SAME_INTENT_MODIFIER,candidate-engine,/ahmedabad/personalized-round-neck-t-shirts,/ahmedabad/custom-round-neck-t-shirts,1,Merged into the custom-intent canonical to prevent spelling and same-intent cannibalization.,NO
SAME_INTENT_MODIFIER,candidate-engine,/lucknow/customised-round-neck-t-shirts,/lucknow/custom-round-neck-t-shirts,1,Merged into the custom-intent canonical to prevent spelling and same-intent cannibalization.,NO
SAME_INTENT_MODIFIER,candidate-engine,/lucknow/personalized-round-neck-t-shirts,/lucknow/custom-round-neck-t-shirts,1,Merged into the custom-intent canonical to prevent spelling and same-intent cannibalization.,NO
SAME_INTENT_MODIFIER,candidate-engine,/india/customised-caps,/india/custom-caps,1,Merged into the custom-intent canonical to prevent spelling and same-intent cannibalization.,NO
SAME_INTENT_MODIFIER,candidate-engine,/india/personalized-caps,/india/custom-caps,1,Merged into the custom-intent canonical to prevent spelling and same-intent cannibalization.,NO
SAME_INTENT_MODIFIER,candidate-engine,/delhi/customised-caps,/delhi/custom-caps,1,Merged into the custom-intent canonical to prevent spelling and same-intent cannibalization.,NO
SAME_INTENT_MODIFIER,candidate-engine,/delhi/personalized-caps,/delhi/custom-caps,1,Merged into the custom-intent canonical to prevent spelling and same-intent cannibalization.,NO
SAME_INTENT_MODIFIER,candidate-engine,/noida/customised-caps,/noida/custom-caps,1,Merged into the custom-intent canonical to prevent spelling and same-intent cannibalization.,NO
SAME_INTENT_MODIFIER,candidate-engine,/noida/personalized-caps,/noida/custom-caps,1,Merged into the custom-intent canonical to prevent spelling and same-intent cannibalization.,NO
SAME_INTENT_MODIFIER,candidate-engine,/greater-noida/customised-caps,/greater-noida/custom-caps,1,Merged into the custom-intent canonical to prevent spelling and same-intent cannibalization.,NO
SAME_INTENT_MODIFIER,candidate-engine,/greater-noida/personalized-caps,/greater-noida/custom-caps,1,Merged into the custom-intent canonical to prevent spelling and same-intent cannibalization.,NO
SAME_INTENT_MODIFIER,candidate-engine,/gurgaon/customised-caps,/gurgaon/custom-caps,1,Merged into the custom-intent canonical to prevent spelling and same-intent cannibalization.,NO
SAME_INTENT_MODIFIER,candidate-engine,/gurgaon/personalized-caps,/gurgaon/custom-caps,1,Merged into the custom-intent canonical to prevent spelling and same-intent cannibalization.,NO
SAME_INTENT_MODIFIER,candidate-engine,/faridabad/customised-caps,/faridabad/custom-caps,1,Merged into the custom-intent canonical to prevent spelling and same-intent cannibalization.,NO
SAME_INTENT_MODIFIER,candidate-engine,/faridabad/personalized-caps,/faridabad/custom-caps,1,Merged into the custom-intent canonical to prevent spelling and same-intent cannibalization.,NO
SAME_INTENT_MODIFIER,candidate-engine,/ghaziabad/customised-caps,/ghaziabad/custom-caps,1,Merged into the custom-intent canonical to prevent spelling and same-intent cannibalization.,NO
SAME_INTENT_MODIFIER,candidate-engine,/ghaziabad/personalized-caps,/ghaziabad/custom-caps,1,Merged into the custom-intent canonical to prevent spelling and same-intent cannibalization.,NO
SAME_INTENT_MODIFIER,candidate-engine,/haryana/customised-caps,/haryana/custom-caps,1,Merged into the custom-intent canonical to prevent spelling and same-intent cannibalization.,NO
SAME_INTENT_MODIFIER,candidate-engine,/haryana/personalized-caps,/haryana/custom-caps,1,Merged into the custom-intent canonical to prevent spelling and same-intent cannibalization.,NO
SAME_INTENT_MODIFIER,candidate-engine,/uttar-pradesh/customised-caps,/uttar-pradesh/custom-caps,1,Merged into the custom-intent canonical to prevent spelling and same-intent cannibalization.,NO
SAME_INTENT_MODIFIER,candidate-engine,/uttar-pradesh/personalized-caps,/uttar-pradesh/custom-caps,1,Merged into the custom-intent canonical to prevent spelling and same-intent cannibalization.,NO
SAME_INTENT_MODIFIER,candidate-engine,/maharashtra/customised-caps,/maharashtra/custom-caps,1,Merged into the custom-intent canonical to prevent spelling and same-intent cannibalization.,NO
SAME_INTENT_MODIFIER,candidate-engine,/maharashtra/personalized-caps,/maharashtra/custom-caps,1,Merged into the custom-intent canonical to prevent spelling and same-intent cannibalization.,NO
SAME_INTENT_MODIFIER,candidate-engine,/karnataka/customised-caps,/karnataka/custom-caps,1,Merged into the custom-intent canonical to prevent spelling and same-intent cannibalization.,NO
SAME_INTENT_MODIFIER,candidate-engine,/karnataka/personalized-caps,/karnataka/custom-caps,1,Merged into the custom-intent canonical to prevent spelling and same-intent cannibalization.,NO
SAME_INTENT_MODIFIER,candidate-engine,/tamil-nadu/customised-caps,/tamil-nadu/custom-caps,1,Merged into the custom-intent canonical to prevent spelling and same-intent cannibalization.,NO
SAME_INTENT_MODIFIER,candidate-engine,/tamil-nadu/personalized-caps,/tamil-nadu/custom-caps,1,Merged into the custom-intent canonical to prevent spelling and same-intent cannibalization.,NO
SAME_INTENT_MODIFIER,candidate-engine,/telangana/customised-caps,/telangana/custom-caps,1,Merged into the custom-intent canonical to prevent spelling and same-intent cannibalization.,NO
SAME_INTENT_MODIFIER,candidate-engine,/telangana/personalized-caps,/telangana/custom-caps,1,Merged into the custom-intent canonical to prevent spelling and same-intent cannibalization.,NO
SAME_INTENT_MODIFIER,candidate-engine,/west-bengal/customised-caps,/west-bengal/custom-caps,1,Merged into the custom-intent canonical to prevent spelling and same-intent cannibalization.,NO
SAME_INTENT_MODIFIER,candidate-engine,/west-bengal/personalized-caps,/west-bengal/custom-caps,1,Merged into the custom-intent canonical to prevent spelling and same-intent cannibalization.,NO
SAME_INTENT_MODIFIER,candidate-engine,/mumbai/customised-caps,/mumbai/custom-caps,1,Merged into the custom-intent canonical to prevent spelling and same-intent cannibalization.,NO
SAME_INTENT_MODIFIER,candidate-engine,/mumbai/personalized-caps,/mumbai/custom-caps,1,Merged into the custom-intent canonical to prevent spelling and same-intent cannibalization.,NO
SAME_INTENT_MODIFIER,candidate-engine,/pune/customised-caps,/pune/custom-caps,1,Merged into the custom-intent canonical to prevent spelling and same-intent cannibalization.,NO
SAME_INTENT_MODIFIER,candidate-engine,/pune/personalized-caps,/pune/custom-caps,1,Merged into the custom-intent canonical to prevent spelling and same-intent cannibalization.,NO
SAME_INTENT_MODIFIER,candidate-engine,/bengaluru/customised-caps,/bengaluru/custom-caps,1,Merged into the custom-intent canonical to prevent spelling and same-intent cannibalization.,NO
SAME_INTENT_MODIFIER,candidate-engine,/bengaluru/personalized-caps,/bengaluru/custom-caps,1,Merged into the custom-intent canonical to prevent spelling and same-intent cannibalization.,NO
SAME_INTENT_MODIFIER,candidate-engine,/hyderabad/customised-caps,/hyderabad/custom-caps,1,Merged into the custom-intent canonical to prevent spelling and same-intent cannibalization.,NO
SAME_INTENT_MODIFIER,candidate-engine,/hyderabad/personalized-caps,/hyderabad/custom-caps,1,Merged into the custom-intent canonical to prevent spelling and same-intent cannibalization.,NO
SAME_INTENT_MODIFIER,candidate-engine,/chennai/customised-caps,/chennai/custom-caps,1,Merged into the custom-intent canonical to prevent spelling and same-intent cannibalization.,NO
SAME_INTENT_MODIFIER,candidate-engine,/chennai/personalized-caps,/chennai/custom-caps,1,Merged into the custom-intent canonical to prevent spelling and same-intent cannibalization.,NO
SAME_INTENT_MODIFIER,candidate-engine,/kolkata/customised-caps,/kolkata/custom-caps,1,Merged into the custom-intent canonical to prevent spelling and same-intent cannibalization.,NO
SAME_INTENT_MODIFIER,candidate-engine,/kolkata/personalized-caps,/kolkata/custom-caps,1,Merged into the custom-intent canonical to prevent spelling and same-intent cannibalization.,NO
SAME_INTENT_MODIFIER,candidate-engine,/ahmedabad/customised-caps,/ahmedabad/custom-caps,1,Merged into the custom-intent canonical to prevent spelling and same-intent cannibalization.,NO
SAME_INTENT_MODIFIER,candidate-engine,/ahmedabad/personalized-caps,/ahmedabad/custom-caps,1,Merged into the custom-intent canonical to prevent spelling and same-intent cannibalization.,NO
SAME_INTENT_MODIFIER,candidate-engine,/lucknow/customised-caps,/lucknow/custom-caps,1,Merged into the custom-intent canonical to prevent spelling and same-intent cannibalization.,NO
SAME_INTENT_MODIFIER,candidate-engine,/lucknow/personalized-caps,/lucknow/custom-caps,1,Merged into the custom-intent canonical to prevent spelling and same-intent cannibalization.,NO
SAME_INTENT_MODIFIER,candidate-engine,/india/customised-hats,/india/custom-hats,1,Merged into the custom-intent canonical to prevent spelling and same-intent cannibalization.,NO
SAME_INTENT_MODIFIER,candidate-engine,/india/personalized-hats,/india/custom-hats,1,Merged into the custom-intent canonical to prevent spelling and same-intent cannibalization.,NO
SAME_INTENT_MODIFIER,candidate-engine,/delhi/customised-hats,/delhi/custom-hats,1,Merged into the custom-intent canonical to prevent spelling and same-intent cannibalization.,NO
SAME_INTENT_MODIFIER,candidate-engine,/delhi/personalized-hats,/delhi/custom-hats,1,Merged into the custom-intent canonical to prevent spelling and same-intent cannibalization.,NO
SAME_INTENT_MODIFIER,candidate-engine,/noida/customised-hats,/noida/custom-hats,1,Merged into the custom-intent canonical to prevent spelling and same-intent cannibalization.,NO
SAME_INTENT_MODIFIER,candidate-engine,/noida/personalized-hats,/noida/custom-hats,1,Merged into the custom-intent canonical to prevent spelling and same-intent cannibalization.,NO
SAME_INTENT_MODIFIER,candidate-engine,/greater-noida/customised-hats,/greater-noida/custom-hats,1,Merged into the custom-intent canonical to prevent spelling and same-intent cannibalization.,NO
SAME_INTENT_MODIFIER,candidate-engine,/greater-noida/personalized-hats,/greater-noida/custom-hats,1,Merged into the custom-intent canonical to prevent spelling and same-intent cannibalization.,NO
SAME_INTENT_MODIFIER,candidate-engine,/gurgaon/customised-hats,/gurgaon/custom-hats,1,Merged into the custom-intent canonical to prevent spelling and same-intent cannibalization.,NO
SAME_INTENT_MODIFIER,candidate-engine,/gurgaon/personalized-hats,/gurgaon/custom-hats,1,Merged into the custom-intent canonical to prevent spelling and same-intent cannibalization.,NO
SAME_INTENT_MODIFIER,candidate-engine,/faridabad/customised-hats,/faridabad/custom-hats,1,Merged into the custom-intent canonical to prevent spelling and same-intent cannibalization.,NO
SAME_INTENT_MODIFIER,candidate-engine,/faridabad/personalized-hats,/faridabad/custom-hats,1,Merged into the custom-intent canonical to prevent spelling and same-intent cannibalization.,NO
SAME_INTENT_MODIFIER,candidate-engine,/ghaziabad/customised-hats,/ghaziabad/custom-hats,1,Merged into the custom-intent canonical to prevent spelling and same-intent cannibalization.,NO
SAME_INTENT_MODIFIER,candidate-engine,/ghaziabad/personalized-hats,/ghaziabad/custom-hats,1,Merged into the custom-intent canonical to prevent spelling and same-intent cannibalization.,NO
SAME_INTENT_MODIFIER,candidate-engine,/haryana/customised-hats,/haryana/custom-hats,1,Merged into the custom-intent canonical to prevent spelling and same-intent cannibalization.,NO
SAME_INTENT_MODIFIER,candidate-engine,/haryana/personalized-hats,/haryana/custom-hats,1,Merged into the custom-intent canonical to prevent spelling and same-intent cannibalization.,NO
SAME_INTENT_MODIFIER,candidate-engine,/uttar-pradesh/customised-hats,/uttar-pradesh/custom-hats,1,Merged into the custom-intent canonical to prevent spelling and same-intent cannibalization.,NO
SAME_INTENT_MODIFIER,candidate-engine,/uttar-pradesh/personalized-hats,/uttar-pradesh/custom-hats,1,Merged into the custom-intent canonical to prevent spelling and same-intent cannibalization.,NO
SAME_INTENT_MODIFIER,candidate-engine,/maharashtra/customised-hats,/maharashtra/custom-hats,1,Merged into the custom-intent canonical to prevent spelling and same-intent cannibalization.,NO
SAME_INTENT_MODIFIER,candidate-engine,/maharashtra/personalized-hats,/maharashtra/custom-hats,1,Merged into the custom-intent canonical to prevent spelling and same-intent cannibalization.,NO
SAME_INTENT_MODIFIER,candidate-engine,/karnataka/customised-hats,/karnataka/custom-hats,1,Merged into the custom-intent canonical to prevent spelling and same-intent cannibalization.,NO
SAME_INTENT_MODIFIER,candidate-engine,/karnataka/personalized-hats,/karnataka/custom-hats,1,Merged into the custom-intent canonical to prevent spelling and same-intent cannibalization.,NO
SAME_INTENT_MODIFIER,candidate-engine,/tamil-nadu/customised-hats,/tamil-nadu/custom-hats,1,Merged into the custom-intent canonical to prevent spelling and same-intent cannibalization.,NO
SAME_INTENT_MODIFIER,candidate-engine,/tamil-nadu/personalized-hats,/tamil-nadu/custom-hats,1,Merged into the custom-intent canonical to prevent spelling and same-intent cannibalization.,NO
SAME_INTENT_MODIFIER,candidate-engine,/telangana/customised-hats,/telangana/custom-hats,1,Merged into the custom-intent canonical to prevent spelling and same-intent cannibalization.,NO
SAME_INTENT_MODIFIER,candidate-engine,/telangana/personalized-hats,/telangana/custom-hats,1,Merged into the custom-intent canonical to prevent spelling and same-intent cannibalization.,NO
SAME_INTENT_MODIFIER,candidate-engine,/west-bengal/customised-hats,/west-bengal/custom-hats,1,Merged into the custom-intent canonical to prevent spelling and same-intent cannibalization.,NO
SAME_INTENT_MODIFIER,candidate-engine,/west-bengal/personalized-hats,/west-bengal/custom-hats,1,Merged into the custom-intent canonical to prevent spelling and same-intent cannibalization.,NO
SAME_INTENT_MODIFIER,candidate-engine,/mumbai/customised-hats,/mumbai/custom-hats,1,Merged into the custom-intent canonical to prevent spelling and same-intent cannibalization.,NO
SAME_INTENT_MODIFIER,candidate-engine,/mumbai/personalized-hats,/mumbai/custom-hats,1,Merged into the custom-intent canonical to prevent spelling and same-intent cannibalization.,NO
SAME_INTENT_MODIFIER,candidate-engine,/pune/customised-hats,/pune/custom-hats,1,Merged into the custom-intent canonical to prevent spelling and same-intent cannibalization.,NO
SAME_INTENT_MODIFIER,candidate-engine,/pune/personalized-hats,/pune/custom-hats,1,Merged into the custom-intent canonical to prevent spelling and same-intent cannibalization.,NO
SAME_INTENT_MODIFIER,candidate-engine,/bengaluru/customised-hats,/bengaluru/custom-hats,1,Merged into the custom-intent canonical to prevent spelling and same-intent cannibalization.,NO
SAME_INTENT_MODIFIER,candidate-engine,/bengaluru/personalized-hats,/bengaluru/custom-hats,1,Merged into the custom-intent canonical to prevent spelling and same-intent cannibalization.,NO
SAME_INTENT_MODIFIER,candidate-engine,/hyderabad/customised-hats,/hyderabad/custom-hats,1,Merged into the custom-intent canonical to prevent spelling and same-intent cannibalization.,NO
SAME_INTENT_MODIFIER,candidate-engine,/hyderabad/personalized-hats,/hyderabad/custom-hats,1,Merged into the custom-intent canonical to prevent spelling and same-intent cannibalization.,NO
SAME_INTENT_MODIFIER,candidate-engine,/chennai/customised-hats,/chennai/custom-hats,1,Merged into the custom-intent canonical to prevent spelling and same-intent cannibalization.,NO
SAME_INTENT_MODIFIER,candidate-engine,/chennai/personalized-hats,/chennai/custom-hats,1,Merged into the custom-intent canonical to prevent spelling and same-intent cannibalization.,NO
SAME_INTENT_MODIFIER,candidate-engine,/kolkata/customised-hats,/kolkata/custom-hats,1,Merged into the custom-intent canonical to prevent spelling and same-intent cannibalization.,NO
SAME_INTENT_MODIFIER,candidate-engine,/kolkata/personalized-hats,/kolkata/custom-hats,1,Merged into the custom-intent canonical to prevent spelling and same-intent cannibalization.,NO
SAME_INTENT_MODIFIER,candidate-engine,/ahmedabad/customised-hats,/ahmedabad/custom-hats,1,Merged into the custom-intent canonical to prevent spelling and same-intent cannibalization.,NO
SAME_INTENT_MODIFIER,candidate-engine,/ahmedabad/personalized-hats,/ahmedabad/custom-hats,1,Merged into the custom-intent canonical to prevent spelling and same-intent cannibalization.,NO
SAME_INTENT_MODIFIER,candidate-engine,/lucknow/customised-hats,/lucknow/custom-hats,1,Merged into the custom-intent canonical to prevent spelling and same-intent cannibalization.,NO
SAME_INTENT_MODIFIER,candidate-engine,/lucknow/personalized-hats,/lucknow/custom-hats,1,Merged into the custom-intent canonical to prevent spelling and same-intent cannibalization.,NO
SAME_INTENT_MODIFIER,candidate-engine,/india/customised-corporate-shirts,/india/custom-corporate-shirts,1,Merged into the custom-intent canonical to prevent spelling and same-intent cannibalization.,NO
SAME_INTENT_MODIFIER,candidate-engine,/india/personalized-corporate-shirts,/india/custom-corporate-shirts,1,Merged into the custom-intent canonical to prevent spelling and same-intent cannibalization.,NO
SAME_INTENT_MODIFIER,candidate-engine,/delhi/customised-corporate-shirts,/delhi/custom-corporate-shirts,1,Merged into the custom-intent canonical to prevent spelling and same-intent cannibalization.,NO
SAME_INTENT_MODIFIER,candidate-engine,/delhi/personalized-corporate-shirts,/delhi/custom-corporate-shirts,1,Merged into the custom-intent canonical to prevent spelling and same-intent cannibalization.,NO
SAME_INTENT_MODIFIER,candidate-engine,/noida/customised-corporate-shirts,/noida/custom-corporate-shirts,1,Merged into the custom-intent canonical to prevent spelling and same-intent cannibalization.,NO
SAME_INTENT_MODIFIER,candidate-engine,/noida/personalized-corporate-shirts,/noida/custom-corporate-shirts,1,Merged into the custom-intent canonical to prevent spelling and same-intent cannibalization.,NO
SAME_INTENT_MODIFIER,candidate-engine,/greater-noida/customised-corporate-shirts,/greater-noida/custom-corporate-shirts,1,Merged into the custom-intent canonical to prevent spelling and same-intent cannibalization.,NO
SAME_INTENT_MODIFIER,candidate-engine,/greater-noida/personalized-corporate-shirts,/greater-noida/custom-corporate-shirts,1,Merged into the custom-intent canonical to prevent spelling and same-intent cannibalization.,NO
SAME_INTENT_MODIFIER,candidate-engine,/gurgaon/customised-corporate-shirts,/gurgaon/custom-corporate-shirts,1,Merged into the custom-intent canonical to prevent spelling and same-intent cannibalization.,NO
SAME_INTENT_MODIFIER,candidate-engine,/gurgaon/personalized-corporate-shirts,/gurgaon/custom-corporate-shirts,1,Merged into the custom-intent canonical to prevent spelling and same-intent cannibalization.,NO
SAME_INTENT_MODIFIER,candidate-engine,/faridabad/customised-corporate-shirts,/faridabad/custom-corporate-shirts,1,Merged into the custom-intent canonical to prevent spelling and same-intent cannibalization.,NO
SAME_INTENT_MODIFIER,candidate-engine,/faridabad/personalized-corporate-shirts,/faridabad/custom-corporate-shirts,1,Merged into the custom-intent canonical to prevent spelling and same-intent cannibalization.,NO
SAME_INTENT_MODIFIER,candidate-engine,/ghaziabad/customised-corporate-shirts,/ghaziabad/custom-corporate-shirts,1,Merged into the custom-intent canonical to prevent spelling and same-intent cannibalization.,NO
SAME_INTENT_MODIFIER,candidate-engine,/ghaziabad/personalized-corporate-shirts,/ghaziabad/custom-corporate-shirts,1,Merged into the custom-intent canonical to prevent spelling and same-intent cannibalization.,NO
SAME_INTENT_MODIFIER,candidate-engine,/haryana/customised-corporate-shirts,/haryana/custom-corporate-shirts,1,Merged into the custom-intent canonical to prevent spelling and same-intent cannibalization.,NO
SAME_INTENT_MODIFIER,candidate-engine,/haryana/personalized-corporate-shirts,/haryana/custom-corporate-shirts,1,Merged into the custom-intent canonical to prevent spelling and same-intent cannibalization.,NO
SAME_INTENT_MODIFIER,candidate-engine,/uttar-pradesh/customised-corporate-shirts,/uttar-pradesh/custom-corporate-shirts,1,Merged into the custom-intent canonical to prevent spelling and same-intent cannibalization.,NO
SAME_INTENT_MODIFIER,candidate-engine,/uttar-pradesh/personalized-corporate-shirts,/uttar-pradesh/custom-corporate-shirts,1,Merged into the custom-intent canonical to prevent spelling and same-intent cannibalization.,NO
SAME_INTENT_MODIFIER,candidate-engine,/maharashtra/customised-corporate-shirts,/maharashtra/custom-corporate-shirts,1,Merged into the custom-intent canonical to prevent spelling and same-intent cannibalization.,NO
SAME_INTENT_MODIFIER,candidate-engine,/maharashtra/personalized-corporate-shirts,/maharashtra/custom-corporate-shirts,1,Merged into the custom-intent canonical to prevent spelling and same-intent cannibalization.,NO
SAME_INTENT_MODIFIER,candidate-engine,/karnataka/customised-corporate-shirts,/karnataka/custom-corporate-shirts,1,Merged into the custom-intent canonical to prevent spelling and same-intent cannibalization.,NO
SAME_INTENT_MODIFIER,candidate-engine,/karnataka/personalized-corporate-shirts,/karnataka/custom-corporate-shirts,1,Merged into the custom-intent canonical to prevent spelling and same-intent cannibalization.,NO
SAME_INTENT_MODIFIER,candidate-engine,/tamil-nadu/customised-corporate-shirts,/tamil-nadu/custom-corporate-shirts,1,Merged into the custom-intent canonical to prevent spelling and same-intent cannibalization.,NO
SAME_INTENT_MODIFIER,candidate-engine,/tamil-nadu/personalized-corporate-shirts,/tamil-nadu/custom-corporate-shirts,1,Merged into the custom-intent canonical to prevent spelling and same-intent cannibalization.,NO
SAME_INTENT_MODIFIER,candidate-engine,/telangana/customised-corporate-shirts,/telangana/custom-corporate-shirts,1,Merged into the custom-intent canonical to prevent spelling and same-intent cannibalization.,NO
SAME_INTENT_MODIFIER,candidate-engine,/telangana/personalized-corporate-shirts,/telangana/custom-corporate-shirts,1,Merged into the custom-intent canonical to prevent spelling and same-intent cannibalization.,NO
SAME_INTENT_MODIFIER,candidate-engine,/west-bengal/customised-corporate-shirts,/west-bengal/custom-corporate-shirts,1,Merged into the custom-intent canonical to prevent spelling and same-intent cannibalization.,NO
SAME_INTENT_MODIFIER,candidate-engine,/west-bengal/personalized-corporate-shirts,/west-bengal/custom-corporate-shirts,1,Merged into the custom-intent canonical to prevent spelling and same-intent cannibalization.,NO
SAME_INTENT_MODIFIER,candidate-engine,/mumbai/customised-corporate-shirts,/mumbai/custom-corporate-shirts,1,Merged into the custom-intent canonical to prevent spelling and same-intent cannibalization.,NO
SAME_INTENT_MODIFIER,candidate-engine,/mumbai/personalized-corporate-shirts,/mumbai/custom-corporate-shirts,1,Merged into the custom-intent canonical to prevent spelling and same-intent cannibalization.,NO
SAME_INTENT_MODIFIER,candidate-engine,/pune/customised-corporate-shirts,/pune/custom-corporate-shirts,1,Merged into the custom-intent canonical to prevent spelling and same-intent cannibalization.,NO
SAME_INTENT_MODIFIER,candidate-engine,/pune/personalized-corporate-shirts,/pune/custom-corporate-shirts,1,Merged into the custom-intent canonical to prevent spelling and same-intent cannibalization.,NO
SAME_INTENT_MODIFIER,candidate-engine,/bengaluru/customised-corporate-shirts,/bengaluru/custom-corporate-shirts,1,Merged into the custom-intent canonical to prevent spelling and same-intent cannibalization.,NO
SAME_INTENT_MODIFIER,candidate-engine,/bengaluru/personalized-corporate-shirts,/bengaluru/custom-corporate-shirts,1,Merged into the custom-intent canonical to prevent spelling and same-intent cannibalization.,NO
SAME_INTENT_MODIFIER,candidate-engine,/hyderabad/customised-corporate-shirts,/hyderabad/custom-corporate-shirts,1,Merged into the custom-intent canonical to prevent spelling and same-intent cannibalization.,NO
SAME_INTENT_MODIFIER,candidate-engine,/hyderabad/personalized-corporate-shirts,/hyderabad/custom-corporate-shirts,1,Merged into the custom-intent canonical to prevent spelling and same-intent cannibalization.,NO
SAME_INTENT_MODIFIER,candidate-engine,/chennai/customised-corporate-shirts,/chennai/custom-corporate-shirts,1,Merged into the custom-intent canonical to prevent spelling and same-intent cannibalization.,NO
SAME_INTENT_MODIFIER,candidate-engine,/chennai/personalized-corporate-shirts,/chennai/custom-corporate-shirts,1,Merged into the custom-intent canonical to prevent spelling and same-intent cannibalization.,NO
SAME_INTENT_MODIFIER,candidate-engine,/kolkata/customised-corporate-shirts,/kolkata/custom-corporate-shirts,1,Merged into the custom-intent canonical to prevent spelling and same-intent cannibalization.,NO
SAME_INTENT_MODIFIER,candidate-engine,/kolkata/personalized-corporate-shirts,/kolkata/custom-corporate-shirts,1,Merged into the custom-intent canonical to prevent spelling and same-intent cannibalization.,NO
SAME_INTENT_MODIFIER,candidate-engine,/ahmedabad/customised-corporate-shirts,/ahmedabad/custom-corporate-shirts,1,Merged into the custom-intent canonical to prevent spelling and same-intent cannibalization.,NO
SAME_INTENT_MODIFIER,candidate-engine,/ahmedabad/personalized-corporate-shirts,/ahmedabad/custom-corporate-shirts,1,Merged into the custom-intent canonical to prevent spelling and same-intent cannibalization.,NO
SAME_INTENT_MODIFIER,candidate-engine,/lucknow/customised-corporate-shirts,/lucknow/custom-corporate-shirts,1,Merged into the custom-intent canonical to prevent spelling and same-intent cannibalization.,NO
SAME_INTENT_MODIFIER,candidate-engine,/lucknow/personalized-corporate-shirts,/lucknow/custom-corporate-shirts,1,Merged into the custom-intent canonical to prevent spelling and same-intent cannibalization.,NO
SAME_INTENT_MODIFIER,candidate-engine,/india/customised-ties,/india/custom-ties,1,Merged into the custom-intent canonical to prevent spelling and same-intent cannibalization.,NO
SAME_INTENT_MODIFIER,candidate-engine,/india/personalized-ties,/india/custom-ties,1,Merged into the custom-intent canonical to prevent spelling and same-intent cannibalization.,NO
SAME_INTENT_MODIFIER,candidate-engine,/delhi/customised-ties,/delhi/custom-ties,1,Merged into the custom-intent canonical to prevent spelling and same-intent cannibalization.,NO
SAME_INTENT_MODIFIER,candidate-engine,/delhi/personalized-ties,/delhi/custom-ties,1,Merged into the custom-intent canonical to prevent spelling and same-intent cannibalization.,NO
SAME_INTENT_MODIFIER,candidate-engine,/noida/customised-ties,/noida/custom-ties,1,Merged into the custom-intent canonical to prevent spelling and same-intent cannibalization.,NO
SAME_INTENT_MODIFIER,candidate-engine,/noida/personalized-ties,/noida/custom-ties,1,Merged into the custom-intent canonical to prevent spelling and same-intent cannibalization.,NO
SAME_INTENT_MODIFIER,candidate-engine,/greater-noida/customised-ties,/greater-noida/custom-ties,1,Merged into the custom-intent canonical to prevent spelling and same-intent cannibalization.,NO
SAME_INTENT_MODIFIER,candidate-engine,/greater-noida/personalized-ties,/greater-noida/custom-ties,1,Merged into the custom-intent canonical to prevent spelling and same-intent cannibalization.,NO
SAME_INTENT_MODIFIER,candidate-engine,/gurgaon/customised-ties,/gurgaon/custom-ties,1,Merged into the custom-intent canonical to prevent spelling and same-intent cannibalization.,NO
SAME_INTENT_MODIFIER,candidate-engine,/gurgaon/personalized-ties,/gurgaon/custom-ties,1,Merged into the custom-intent canonical to prevent spelling and same-intent cannibalization.,NO
SAME_INTENT_MODIFIER,candidate-engine,/faridabad/customised-ties,/faridabad/custom-ties,1,Merged into the custom-intent canonical to prevent spelling and same-intent cannibalization.,NO
SAME_INTENT_MODIFIER,candidate-engine,/faridabad/personalized-ties,/faridabad/custom-ties,1,Merged into the custom-intent canonical to prevent spelling and same-intent cannibalization.,NO
SAME_INTENT_MODIFIER,candidate-engine,/ghaziabad/customised-ties,/ghaziabad/custom-ties,1,Merged into the custom-intent canonical to prevent spelling and same-intent cannibalization.,NO
SAME_INTENT_MODIFIER,candidate-engine,/ghaziabad/personalized-ties,/ghaziabad/custom-ties,1,Merged into the custom-intent canonical to prevent spelling and same-intent cannibalization.,NO
SAME_INTENT_MODIFIER,candidate-engine,/haryana/customised-ties,/haryana/custom-ties,1,Merged into the custom-intent canonical to prevent spelling and same-intent cannibalization.,NO
SAME_INTENT_MODIFIER,candidate-engine,/haryana/personalized-ties,/haryana/custom-ties,1,Merged into the custom-intent canonical to prevent spelling and same-intent cannibalization.,NO
SAME_INTENT_MODIFIER,candidate-engine,/uttar-pradesh/customised-ties,/uttar-pradesh/custom-ties,1,Merged into the custom-intent canonical to prevent spelling and same-intent cannibalization.,NO
SAME_INTENT_MODIFIER,candidate-engine,/uttar-pradesh/personalized-ties,/uttar-pradesh/custom-ties,1,Merged into the custom-intent canonical to prevent spelling and same-intent cannibalization.,NO
SAME_INTENT_MODIFIER,candidate-engine,/maharashtra/customised-ties,/maharashtra/custom-ties,1,Merged into the custom-intent canonical to prevent spelling and same-intent cannibalization.,NO
SAME_INTENT_MODIFIER,candidate-engine,/maharashtra/personalized-ties,/maharashtra/custom-ties,1,Merged into the custom-intent canonical to prevent spelling and same-intent cannibalization.,NO
SAME_INTENT_MODIFIER,candidate-engine,/karnataka/customised-ties,/karnataka/custom-ties,1,Merged into the custom-intent canonical to prevent spelling and same-intent cannibalization.,NO
SAME_INTENT_MODIFIER,candidate-engine,/karnataka/personalized-ties,/karnataka/custom-ties,1,Merged into the custom-intent canonical to prevent spelling and same-intent cannibalization.,NO
SAME_INTENT_MODIFIER,candidate-engine,/tamil-nadu/customised-ties,/tamil-nadu/custom-ties,1,Merged into the custom-intent canonical to prevent spelling and same-intent cannibalization.,NO
SAME_INTENT_MODIFIER,candidate-engine,/tamil-nadu/personalized-ties,/tamil-nadu/custom-ties,1,Merged into the custom-intent canonical to prevent spelling and same-intent cannibalization.,NO
SAME_INTENT_MODIFIER,candidate-engine,/telangana/customised-ties,/telangana/custom-ties,1,Merged into the custom-intent canonical to prevent spelling and same-intent cannibalization.,NO
SAME_INTENT_MODIFIER,candidate-engine,/telangana/personalized-ties,/telangana/custom-ties,1,Merged into the custom-intent canonical to prevent spelling and same-intent cannibalization.,NO
SAME_INTENT_MODIFIER,candidate-engine,/west-bengal/customised-ties,/west-bengal/custom-ties,1,Merged into the custom-intent canonical to prevent spelling and same-intent cannibalization.,NO
SAME_INTENT_MODIFIER,candidate-engine,/west-bengal/personalized-ties,/west-bengal/custom-ties,1,Merged into the custom-intent canonical to prevent spelling and same-intent cannibalization.,NO
SAME_INTENT_MODIFIER,candidate-engine,/mumbai/customised-ties,/mumbai/custom-ties,1,Merged into the custom-intent canonical to prevent spelling and same-intent cannibalization.,NO
SAME_INTENT_MODIFIER,candidate-engine,/mumbai/personalized-ties,/mumbai/custom-ties,1,Merged into the custom-intent canonical to prevent spelling and same-intent cannibalization.,NO
SAME_INTENT_MODIFIER,candidate-engine,/pune/customised-ties,/pune/custom-ties,1,Merged into the custom-intent canonical to prevent spelling and same-intent cannibalization.,NO
SAME_INTENT_MODIFIER,candidate-engine,/pune/personalized-ties,/pune/custom-ties,1,Merged into the custom-intent canonical to prevent spelling and same-intent cannibalization.,NO
SAME_INTENT_MODIFIER,candidate-engine,/bengaluru/customised-ties,/bengaluru/custom-ties,1,Merged into the custom-intent canonical to prevent spelling and same-intent cannibalization.,NO
SAME_INTENT_MODIFIER,candidate-engine,/bengaluru/personalized-ties,/bengaluru/custom-ties,1,Merged into the custom-intent canonical to prevent spelling and same-intent cannibalization.,NO
SAME_INTENT_MODIFIER,candidate-engine,/hyderabad/customised-ties,/hyderabad/custom-ties,1,Merged into the custom-intent canonical to prevent spelling and same-intent cannibalization.,NO
SAME_INTENT_MODIFIER,candidate-engine,/hyderabad/personalized-ties,/hyderabad/custom-ties,1,Merged into the custom-intent canonical to prevent spelling and same-intent cannibalization.,NO
SAME_INTENT_MODIFIER,candidate-engine,/chennai/customised-ties,/chennai/custom-ties,1,Merged into the custom-intent canonical to prevent spelling and same-intent cannibalization.,NO
SAME_INTENT_MODIFIER,candidate-engine,/chennai/personalized-ties,/chennai/custom-ties,1,Merged into the custom-intent canonical to prevent spelling and same-intent cannibalization.,NO
SAME_INTENT_MODIFIER,candidate-engine,/kolkata/customised-ties,/kolkata/custom-ties,1,Merged into the custom-intent canonical to prevent spelling and same-intent cannibalization.,NO
SAME_INTENT_MODIFIER,candidate-engine,/kolkata/personalized-ties,/kolkata/custom-ties,1,Merged into the custom-intent canonical to prevent spelling and same-intent cannibalization.,NO
SAME_INTENT_MODIFIER,candidate-engine,/ahmedabad/customised-ties,/ahmedabad/custom-ties,1,Merged into the custom-intent canonical to prevent spelling and same-intent cannibalization.,NO
SAME_INTENT_MODIFIER,candidate-engine,/ahmedabad/personalized-ties,/ahmedabad/custom-ties,1,Merged into the custom-intent canonical to prevent spelling and same-intent cannibalization.,NO
SAME_INTENT_MODIFIER,candidate-engine,/lucknow/customised-ties,/lucknow/custom-ties,1,Merged into the custom-intent canonical to prevent spelling and same-intent cannibalization.,NO
SAME_INTENT_MODIFIER,candidate-engine,/lucknow/personalized-ties,/lucknow/custom-ties,1,Merged into the custom-intent canonical to prevent spelling and same-intent cannibalization.,NO
SAME_INTENT_MODIFIER,candidate-engine,/india/customised-aprons,/india/custom-aprons,1,Merged into the custom-intent canonical to prevent spelling and same-intent cannibalization.,NO
SAME_INTENT_MODIFIER,candidate-engine,/india/personalized-aprons,/india/custom-aprons,1,Merged into the custom-intent canonical to prevent spelling and same-intent cannibalization.,NO
SAME_INTENT_MODIFIER,candidate-engine,/delhi/customised-aprons,/delhi/custom-aprons,1,Merged into the custom-intent canonical to prevent spelling and same-intent cannibalization.,NO
SAME_INTENT_MODIFIER,candidate-engine,/delhi/personalized-aprons,/delhi/custom-aprons,1,Merged into the custom-intent canonical to prevent spelling and same-intent cannibalization.,NO
SAME_INTENT_MODIFIER,candidate-engine,/noida/customised-aprons,/noida/custom-aprons,1,Merged into the custom-intent canonical to prevent spelling and same-intent cannibalization.,NO
SAME_INTENT_MODIFIER,candidate-engine,/noida/personalized-aprons,/noida/custom-aprons,1,Merged into the custom-intent canonical to prevent spelling and same-intent cannibalization.,NO
SAME_INTENT_MODIFIER,candidate-engine,/greater-noida/customised-aprons,/greater-noida/custom-aprons,1,Merged into the custom-intent canonical to prevent spelling and same-intent cannibalization.,NO
SAME_INTENT_MODIFIER,candidate-engine,/greater-noida/personalized-aprons,/greater-noida/custom-aprons,1,Merged into the custom-intent canonical to prevent spelling and same-intent cannibalization.,NO
SAME_INTENT_MODIFIER,candidate-engine,/gurgaon/customised-aprons,/gurgaon/custom-aprons,1,Merged into the custom-intent canonical to prevent spelling and same-intent cannibalization.,NO
SAME_INTENT_MODIFIER,candidate-engine,/gurgaon/personalized-aprons,/gurgaon/custom-aprons,1,Merged into the custom-intent canonical to prevent spelling and same-intent cannibalization.,NO
SAME_INTENT_MODIFIER,candidate-engine,/faridabad/customised-aprons,/faridabad/custom-aprons,1,Merged into the custom-intent canonical to prevent spelling and same-intent cannibalization.,NO
SAME_INTENT_MODIFIER,candidate-engine,/faridabad/personalized-aprons,/faridabad/custom-aprons,1,Merged into the custom-intent canonical to prevent spelling and same-intent cannibalization.,NO
SAME_INTENT_MODIFIER,candidate-engine,/ghaziabad/customised-aprons,/ghaziabad/custom-aprons,1,Merged into the custom-intent canonical to prevent spelling and same-intent cannibalization.,NO
SAME_INTENT_MODIFIER,candidate-engine,/ghaziabad/personalized-aprons,/ghaziabad/custom-aprons,1,Merged into the custom-intent canonical to prevent spelling and same-intent cannibalization.,NO
SAME_INTENT_MODIFIER,candidate-engine,/haryana/customised-aprons,/haryana/custom-aprons,1,Merged into the custom-intent canonical to prevent spelling and same-intent cannibalization.,NO
SAME_INTENT_MODIFIER,candidate-engine,/haryana/personalized-aprons,/haryana/custom-aprons,1,Merged into the custom-intent canonical to prevent spelling and same-intent cannibalization.,NO
SAME_INTENT_MODIFIER,candidate-engine,/uttar-pradesh/customised-aprons,/uttar-pradesh/custom-aprons,1,Merged into the custom-intent canonical to prevent spelling and same-intent cannibalization.,NO
SAME_INTENT_MODIFIER,candidate-engine,/uttar-pradesh/personalized-aprons,/uttar-pradesh/custom-aprons,1,Merged into the custom-intent canonical to prevent spelling and same-intent cannibalization.,NO
SAME_INTENT_MODIFIER,candidate-engine,/maharashtra/customised-aprons,/maharashtra/custom-aprons,1,Merged into the custom-intent canonical to prevent spelling and same-intent cannibalization.,NO
SAME_INTENT_MODIFIER,candidate-engine,/maharashtra/personalized-aprons,/maharashtra/custom-aprons,1,Merged into the custom-intent canonical to prevent spelling and same-intent cannibalization.,NO
SAME_INTENT_MODIFIER,candidate-engine,/karnataka/customised-aprons,/karnataka/custom-aprons,1,Merged into the custom-intent canonical to prevent spelling and same-intent cannibalization.,NO
SAME_INTENT_MODIFIER,candidate-engine,/karnataka/personalized-aprons,/karnataka/custom-aprons,1,Merged into the custom-intent canonical to prevent spelling and same-intent cannibalization.,NO
SAME_INTENT_MODIFIER,candidate-engine,/tamil-nadu/customised-aprons,/tamil-nadu/custom-aprons,1,Merged into the custom-intent canonical to prevent spelling and same-intent cannibalization.,NO
SAME_INTENT_MODIFIER,candidate-engine,/tamil-nadu/personalized-aprons,/tamil-nadu/custom-aprons,1,Merged into the custom-intent canonical to prevent spelling and same-intent cannibalization.,NO
SAME_INTENT_MODIFIER,candidate-engine,/telangana/customised-aprons,/telangana/custom-aprons,1,Merged into the custom-intent canonical to prevent spelling and same-intent cannibalization.,NO
SAME_INTENT_MODIFIER,candidate-engine,/telangana/personalized-aprons,/telangana/custom-aprons,1,Merged into the custom-intent canonical to prevent spelling and same-intent cannibalization.,NO
SAME_INTENT_MODIFIER,candidate-engine,/west-bengal/customised-aprons,/west-bengal/custom-aprons,1,Merged into the custom-intent canonical to prevent spelling and same-intent cannibalization.,NO
SAME_INTENT_MODIFIER,candidate-engine,/west-bengal/personalized-aprons,/west-bengal/custom-aprons,1,Merged into the custom-intent canonical to prevent spelling and same-intent cannibalization.,NO
SAME_INTENT_MODIFIER,candidate-engine,/mumbai/customised-aprons,/mumbai/custom-aprons,1,Merged into the custom-intent canonical to prevent spelling and same-intent cannibalization.,NO
SAME_INTENT_MODIFIER,candidate-engine,/mumbai/personalized-aprons,/mumbai/custom-aprons,1,Merged into the custom-intent canonical to prevent spelling and same-intent cannibalization.,NO
SAME_INTENT_MODIFIER,candidate-engine,/pune/customised-aprons,/pune/custom-aprons,1,Merged into the custom-intent canonical to prevent spelling and same-intent cannibalization.,NO
SAME_INTENT_MODIFIER,candidate-engine,/pune/personalized-aprons,/pune/custom-aprons,1,Merged into the custom-intent canonical to prevent spelling and same-intent cannibalization.,NO
SAME_INTENT_MODIFIER,candidate-engine,/bengaluru/customised-aprons,/bengaluru/custom-aprons,1,Merged into the custom-intent canonical to prevent spelling and same-intent cannibalization.,NO
SAME_INTENT_MODIFIER,candidate-engine,/bengaluru/personalized-aprons,/bengaluru/custom-aprons,1,Merged into the custom-intent canonical to prevent spelling and same-intent cannibalization.,NO
SAME_INTENT_MODIFIER,candidate-engine,/hyderabad/customised-aprons,/hyderabad/custom-aprons,1,Merged into the custom-intent canonical to prevent spelling and same-intent cannibalization.,NO
SAME_INTENT_MODIFIER,candidate-engine,/hyderabad/personalized-aprons,/hyderabad/custom-aprons,1,Merged into the custom-intent canonical to prevent spelling and same-intent cannibalization.,NO
SAME_INTENT_MODIFIER,candidate-engine,/chennai/customised-aprons,/chennai/custom-aprons,1,Merged into the custom-intent canonical to prevent spelling and same-intent cannibalization.,NO
SAME_INTENT_MODIFIER,candidate-engine,/chennai/personalized-aprons,/chennai/custom-aprons,1,Merged into the custom-intent canonical to prevent spelling and same-intent cannibalization.,NO
SAME_INTENT_MODIFIER,candidate-engine,/kolkata/customised-aprons,/kolkata/custom-aprons,1,Merged into the custom-intent canonical to prevent spelling and same-intent cannibalization.,NO
SAME_INTENT_MODIFIER,candidate-engine,/kolkata/personalized-aprons,/kolkata/custom-aprons,1,Merged into the custom-intent canonical to prevent spelling and same-intent cannibalization.,NO
SAME_INTENT_MODIFIER,candidate-engine,/ahmedabad/customised-aprons,/ahmedabad/custom-aprons,1,Merged into the custom-intent canonical to prevent spelling and same-intent cannibalization.,NO
SAME_INTENT_MODIFIER,candidate-engine,/ahmedabad/personalized-aprons,/ahmedabad/custom-aprons,1,Merged into the custom-intent canonical to prevent spelling and same-intent cannibalization.,NO
SAME_INTENT_MODIFIER,candidate-engine,/lucknow/customised-aprons,/lucknow/custom-aprons,1,Merged into the custom-intent canonical to prevent spelling and same-intent cannibalization.,NO
SAME_INTENT_MODIFIER,candidate-engine,/lucknow/personalized-aprons,/lucknow/custom-aprons,1,Merged into the custom-intent canonical to prevent spelling and same-intent cannibalization.,NO
SAME_INTENT_MODIFIER,candidate-engine,/india/customised-winter-wear,/india/custom-winter-wear,1,Merged into the custom-intent canonical to prevent spelling and same-intent cannibalization.,NO
SAME_INTENT_MODIFIER,candidate-engine,/india/personalized-winter-wear,/india/custom-winter-wear,1,Merged into the custom-intent canonical to prevent spelling and same-intent cannibalization.,NO
SAME_INTENT_MODIFIER,candidate-engine,/delhi/customised-winter-wear,/delhi/custom-winter-wear,1,Merged into the custom-intent canonical to prevent spelling and same-intent cannibalization.,NO
SAME_INTENT_MODIFIER,candidate-engine,/delhi/personalized-winter-wear,/delhi/custom-winter-wear,1,Merged into the custom-intent canonical to prevent spelling and same-intent cannibalization.,NO
SAME_INTENT_MODIFIER,candidate-engine,/noida/customised-winter-wear,/noida/custom-winter-wear,1,Merged into the custom-intent canonical to prevent spelling and same-intent cannibalization.,NO
SAME_INTENT_MODIFIER,candidate-engine,/noida/personalized-winter-wear,/noida/custom-winter-wear,1,Merged into the custom-intent canonical to prevent spelling and same-intent cannibalization.,NO
SAME_INTENT_MODIFIER,candidate-engine,/greater-noida/customised-winter-wear,/greater-noida/custom-winter-wear,1,Merged into the custom-intent canonical to prevent spelling and same-intent cannibalization.,NO
SAME_INTENT_MODIFIER,candidate-engine,/greater-noida/personalized-winter-wear,/greater-noida/custom-winter-wear,1,Merged into the custom-intent canonical to prevent spelling and same-intent cannibalization.,NO
SAME_INTENT_MODIFIER,candidate-engine,/gurgaon/customised-winter-wear,/gurgaon/custom-winter-wear,1,Merged into the custom-intent canonical to prevent spelling and same-intent cannibalization.,NO
SAME_INTENT_MODIFIER,candidate-engine,/gurgaon/personalized-winter-wear,/gurgaon/custom-winter-wear,1,Merged into the custom-intent canonical to prevent spelling and same-intent cannibalization.,NO
SAME_INTENT_MODIFIER,candidate-engine,/faridabad/customised-winter-wear,/faridabad/custom-winter-wear,1,Merged into the custom-intent canonical to prevent spelling and same-intent cannibalization.,NO
SAME_INTENT_MODIFIER,candidate-engine,/faridabad/personalized-winter-wear,/faridabad/custom-winter-wear,1,Merged into the custom-intent canonical to prevent spelling and same-intent cannibalization.,NO
SAME_INTENT_MODIFIER,candidate-engine,/ghaziabad/customised-winter-wear,/ghaziabad/custom-winter-wear,1,Merged into the custom-intent canonical to prevent spelling and same-intent cannibalization.,NO
SAME_INTENT_MODIFIER,candidate-engine,/ghaziabad/personalized-winter-wear,/ghaziabad/custom-winter-wear,1,Merged into the custom-intent canonical to prevent spelling and same-intent cannibalization.,NO
SAME_INTENT_MODIFIER,candidate-engine,/haryana/customised-winter-wear,/haryana/custom-winter-wear,1,Merged into the custom-intent canonical to prevent spelling and same-intent cannibalization.,NO
SAME_INTENT_MODIFIER,candidate-engine,/haryana/personalized-winter-wear,/haryana/custom-winter-wear,1,Merged into the custom-intent canonical to prevent spelling and same-intent cannibalization.,NO
SAME_INTENT_MODIFIER,candidate-engine,/uttar-pradesh/customised-winter-wear,/uttar-pradesh/custom-winter-wear,1,Merged into the custom-intent canonical to prevent spelling and same-intent cannibalization.,NO
SAME_INTENT_MODIFIER,candidate-engine,/uttar-pradesh/personalized-winter-wear,/uttar-pradesh/custom-winter-wear,1,Merged into the custom-intent canonical to prevent spelling and same-intent cannibalization.,NO
SAME_INTENT_MODIFIER,candidate-engine,/maharashtra/customised-winter-wear,/maharashtra/custom-winter-wear,1,Merged into the custom-intent canonical to prevent spelling and same-intent cannibalization.,NO
SAME_INTENT_MODIFIER,candidate-engine,/maharashtra/personalized-winter-wear,/maharashtra/custom-winter-wear,1,Merged into the custom-intent canonical to prevent spelling and same-intent cannibalization.,NO
SAME_INTENT_MODIFIER,candidate-engine,/karnataka/customised-winter-wear,/karnataka/custom-winter-wear,1,Merged into the custom-intent canonical to prevent spelling and same-intent cannibalization.,NO
SAME_INTENT_MODIFIER,candidate-engine,/karnataka/personalized-winter-wear,/karnataka/custom-winter-wear,1,Merged into the custom-intent canonical to prevent spelling and same-intent cannibalization.,NO
SAME_INTENT_MODIFIER,candidate-engine,/tamil-nadu/customised-winter-wear,/tamil-nadu/custom-winter-wear,1,Merged into the custom-intent canonical to prevent spelling and same-intent cannibalization.,NO
SAME_INTENT_MODIFIER,candidate-engine,/tamil-nadu/personalized-winter-wear,/tamil-nadu/custom-winter-wear,1,Merged into the custom-intent canonical to prevent spelling and same-intent cannibalization.,NO
SAME_INTENT_MODIFIER,candidate-engine,/telangana/customised-winter-wear,/telangana/custom-winter-wear,1,Merged into the custom-intent canonical to prevent spelling and same-intent cannibalization.,NO
SAME_INTENT_MODIFIER,candidate-engine,/telangana/personalized-winter-wear,/telangana/custom-winter-wear,1,Merged into the custom-intent canonical to prevent spelling and same-intent cannibalization.,NO
SAME_INTENT_MODIFIER,candidate-engine,/west-bengal/customised-winter-wear,/west-bengal/custom-winter-wear,1,Merged into the custom-intent canonical to prevent spelling and same-intent cannibalization.,NO
SAME_INTENT_MODIFIER,candidate-engine,/west-bengal/personalized-winter-wear,/west-bengal/custom-winter-wear,1,Merged into the custom-intent canonical to prevent spelling and same-intent cannibalization.,NO
SAME_INTENT_MODIFIER,candidate-engine,/mumbai/customised-winter-wear,/mumbai/custom-winter-wear,1,Merged into the custom-intent canonical to prevent spelling and same-intent cannibalization.,NO
SAME_INTENT_MODIFIER,candidate-engine,/mumbai/personalized-winter-wear,/mumbai/custom-winter-wear,1,Merged into the custom-intent canonical to prevent spelling and same-intent cannibalization.,NO
SAME_INTENT_MODIFIER,candidate-engine,/pune/customised-winter-wear,/pune/custom-winter-wear,1,Merged into the custom-intent canonical to prevent spelling and same-intent cannibalization.,NO
SAME_INTENT_MODIFIER,candidate-engine,/pune/personalized-winter-wear,/pune/custom-winter-wear,1,Merged into the custom-intent canonical to prevent spelling and same-intent cannibalization.,NO
SAME_INTENT_MODIFIER,candidate-engine,/bengaluru/customised-winter-wear,/bengaluru/custom-winter-wear,1,Merged into the custom-intent canonical to prevent spelling and same-intent cannibalization.,NO
SAME_INTENT_MODIFIER,candidate-engine,/bengaluru/personalized-winter-wear,/bengaluru/custom-winter-wear,1,Merged into the custom-intent canonical to prevent spelling and same-intent cannibalization.,NO
SAME_INTENT_MODIFIER,candidate-engine,/hyderabad/customised-winter-wear,/hyderabad/custom-winter-wear,1,Merged into the custom-intent canonical to prevent spelling and same-intent cannibalization.,NO
SAME_INTENT_MODIFIER,candidate-engine,/hyderabad/personalized-winter-wear,/hyderabad/custom-winter-wear,1,Merged into the custom-intent canonical to prevent spelling and same-intent cannibalization.,NO
SAME_INTENT_MODIFIER,candidate-engine,/chennai/customised-winter-wear,/chennai/custom-winter-wear,1,Merged into the custom-intent canonical to prevent spelling and same-intent cannibalization.,NO
SAME_INTENT_MODIFIER,candidate-engine,/chennai/personalized-winter-wear,/chennai/custom-winter-wear,1,Merged into the custom-intent canonical to prevent spelling and same-intent cannibalization.,NO
SAME_INTENT_MODIFIER,candidate-engine,/kolkata/customised-winter-wear,/kolkata/custom-winter-wear,1,Merged into the custom-intent canonical to prevent spelling and same-intent cannibalization.,NO
SAME_INTENT_MODIFIER,candidate-engine,/kolkata/personalized-winter-wear,/kolkata/custom-winter-wear,1,Merged into the custom-intent canonical to prevent spelling and same-intent cannibalization.,NO
SAME_INTENT_MODIFIER,candidate-engine,/ahmedabad/customised-winter-wear,/ahmedabad/custom-winter-wear,1,Merged into the custom-intent canonical to prevent spelling and same-intent cannibalization.,NO
SAME_INTENT_MODIFIER,candidate-engine,/ahmedabad/personalized-winter-wear,/ahmedabad/custom-winter-wear,1,Merged into the custom-intent canonical to prevent spelling and same-intent cannibalization.,NO
SAME_INTENT_MODIFIER,candidate-engine,/lucknow/customised-winter-wear,/lucknow/custom-winter-wear,1,Merged into the custom-intent canonical to prevent spelling and same-intent cannibalization.,NO
SAME_INTENT_MODIFIER,candidate-engine,/lucknow/personalized-winter-wear,/lucknow/custom-winter-wear,1,Merged into the custom-intent canonical to prevent spelling and same-intent cannibalization.,NO
SAME_INTENT_MODIFIER,candidate-engine,/india/customised-office-and-writing,/india/custom-office-and-writing,1,Merged into the custom-intent canonical to prevent spelling and same-intent cannibalization.,NO
SAME_INTENT_MODIFIER,candidate-engine,/india/personalized-office-and-writing,/india/custom-office-and-writing,1,Merged into the custom-intent canonical to prevent spelling and same-intent cannibalization.,NO
SAME_INTENT_MODIFIER,candidate-engine,/delhi/customised-office-and-writing,/delhi/custom-office-and-writing,1,Merged into the custom-intent canonical to prevent spelling and same-intent cannibalization.,NO
SAME_INTENT_MODIFIER,candidate-engine,/delhi/personalized-office-and-writing,/delhi/custom-office-and-writing,1,Merged into the custom-intent canonical to prevent spelling and same-intent cannibalization.,NO
SAME_INTENT_MODIFIER,candidate-engine,/noida/customised-office-and-writing,/noida/custom-office-and-writing,1,Merged into the custom-intent canonical to prevent spelling and same-intent cannibalization.,NO
SAME_INTENT_MODIFIER,candidate-engine,/noida/personalized-office-and-writing,/noida/custom-office-and-writing,1,Merged into the custom-intent canonical to prevent spelling and same-intent cannibalization.,NO
SAME_INTENT_MODIFIER,candidate-engine,/greater-noida/customised-office-and-writing,/greater-noida/custom-office-and-writing,1,Merged into the custom-intent canonical to prevent spelling and same-intent cannibalization.,NO
SAME_INTENT_MODIFIER,candidate-engine,/greater-noida/personalized-office-and-writing,/greater-noida/custom-office-and-writing,1,Merged into the custom-intent canonical to prevent spelling and same-intent cannibalization.,NO
SAME_INTENT_MODIFIER,candidate-engine,/gurgaon/customised-office-and-writing,/gurgaon/custom-office-and-writing,1,Merged into the custom-intent canonical to prevent spelling and same-intent cannibalization.,NO
SAME_INTENT_MODIFIER,candidate-engine,/gurgaon/personalized-office-and-writing,/gurgaon/custom-office-and-writing,1,Merged into the custom-intent canonical to prevent spelling and same-intent cannibalization.,NO
SAME_INTENT_MODIFIER,candidate-engine,/faridabad/customised-office-and-writing,/faridabad/custom-office-and-writing,1,Merged into the custom-intent canonical to prevent spelling and same-intent cannibalization.,NO
SAME_INTENT_MODIFIER,candidate-engine,/faridabad/personalized-office-and-writing,/faridabad/custom-office-and-writing,1,Merged into the custom-intent canonical to prevent spelling and same-intent cannibalization.,NO
SAME_INTENT_MODIFIER,candidate-engine,/ghaziabad/customised-office-and-writing,/ghaziabad/custom-office-and-writing,1,Merged into the custom-intent canonical to prevent spelling and same-intent cannibalization.,NO
SAME_INTENT_MODIFIER,candidate-engine,/ghaziabad/personalized-office-and-writing,/ghaziabad/custom-office-and-writing,1,Merged into the custom-intent canonical to prevent spelling and same-intent cannibalization.,NO
SAME_INTENT_MODIFIER,candidate-engine,/haryana/customised-office-and-writing,/haryana/custom-office-and-writing,1,Merged into the custom-intent canonical to prevent spelling and same-intent cannibalization.,NO
SAME_INTENT_MODIFIER,candidate-engine,/haryana/personalized-office-and-writing,/haryana/custom-office-and-writing,1,Merged into the custom-intent canonical to prevent spelling and same-intent cannibalization.,NO
SAME_INTENT_MODIFIER,candidate-engine,/uttar-pradesh/customised-office-and-writing,/uttar-pradesh/custom-office-and-writing,1,Merged into the custom-intent canonical to prevent spelling and same-intent cannibalization.,NO
SAME_INTENT_MODIFIER,candidate-engine,/uttar-pradesh/personalized-office-and-writing,/uttar-pradesh/custom-office-and-writing,1,Merged into the custom-intent canonical to prevent spelling and same-intent cannibalization.,NO
SAME_INTENT_MODIFIER,candidate-engine,/maharashtra/customised-office-and-writing,/maharashtra/custom-office-and-writing,1,Merged into the custom-intent canonical to prevent spelling and same-intent cannibalization.,NO
SAME_INTENT_MODIFIER,candidate-engine,/maharashtra/personalized-office-and-writing,/maharashtra/custom-office-and-writing,1,Merged into the custom-intent canonical to prevent spelling and same-intent cannibalization.,NO
SAME_INTENT_MODIFIER,candidate-engine,/karnataka/customised-office-and-writing,/karnataka/custom-office-and-writing,1,Merged into the custom-intent canonical to prevent spelling and same-intent cannibalization.,NO
SAME_INTENT_MODIFIER,candidate-engine,/karnataka/personalized-office-and-writing,/karnataka/custom-office-and-writing,1,Merged into the custom-intent canonical to prevent spelling and same-intent cannibalization.,NO
SAME_INTENT_MODIFIER,candidate-engine,/tamil-nadu/customised-office-and-writing,/tamil-nadu/custom-office-and-writing,1,Merged into the custom-intent canonical to prevent spelling and same-intent cannibalization.,NO
SAME_INTENT_MODIFIER,candidate-engine,/tamil-nadu/personalized-office-and-writing,/tamil-nadu/custom-office-and-writing,1,Merged into the custom-intent canonical to prevent spelling and same-intent cannibalization.,NO
SAME_INTENT_MODIFIER,candidate-engine,/telangana/customised-office-and-writing,/telangana/custom-office-and-writing,1,Merged into the custom-intent canonical to prevent spelling and same-intent cannibalization.,NO
SAME_INTENT_MODIFIER,candidate-engine,/telangana/personalized-office-and-writing,/telangana/custom-office-and-writing,1,Merged into the custom-intent canonical to prevent spelling and same-intent cannibalization.,NO
SAME_INTENT_MODIFIER,candidate-engine,/west-bengal/customised-office-and-writing,/west-bengal/custom-office-and-writing,1,Merged into the custom-intent canonical to prevent spelling and same-intent cannibalization.,NO
SAME_INTENT_MODIFIER,candidate-engine,/west-bengal/personalized-office-and-writing,/west-bengal/custom-office-and-writing,1,Merged into the custom-intent canonical to prevent spelling and same-intent cannibalization.,NO
SAME_INTENT_MODIFIER,candidate-engine,/mumbai/customised-office-and-writing,/mumbai/custom-office-and-writing,1,Merged into the custom-intent canonical to prevent spelling and same-intent cannibalization.,NO
SAME_INTENT_MODIFIER,candidate-engine,/mumbai/personalized-office-and-writing,/mumbai/custom-office-and-writing,1,Merged into the custom-intent canonical to prevent spelling and same-intent cannibalization.,NO
SAME_INTENT_MODIFIER,candidate-engine,/pune/customised-office-and-writing,/pune/custom-office-and-writing,1,Merged into the custom-intent canonical to prevent spelling and same-intent cannibalization.,NO
SAME_INTENT_MODIFIER,candidate-engine,/pune/personalized-office-and-writing,/pune/custom-office-and-writing,1,Merged into the custom-intent canonical to prevent spelling and same-intent cannibalization.,NO
SAME_INTENT_MODIFIER,candidate-engine,/bengaluru/customised-office-and-writing,/bengaluru/custom-office-and-writing,1,Merged into the custom-intent canonical to prevent spelling and same-intent cannibalization.,NO
SAME_INTENT_MODIFIER,candidate-engine,/bengaluru/personalized-office-and-writing,/bengaluru/custom-office-and-writing,1,Merged into the custom-intent canonical to prevent spelling and same-intent cannibalization.,NO
SAME_INTENT_MODIFIER,candidate-engine,/hyderabad/customised-office-and-writing,/hyderabad/custom-office-and-writing,1,Merged into the custom-intent canonical to prevent spelling and same-intent cannibalization.,NO
SAME_INTENT_MODIFIER,candidate-engine,/hyderabad/personalized-office-and-writing,/hyderabad/custom-office-and-writing,1,Merged into the custom-intent canonical to prevent spelling and same-intent cannibalization.,NO
SAME_INTENT_MODIFIER,candidate-engine,/chennai/customised-office-and-writing,/chennai/custom-office-and-writing,1,Merged into the custom-intent canonical to prevent spelling and same-intent cannibalization.,NO
SAME_INTENT_MODIFIER,candidate-engine,/chennai/personalized-office-and-writing,/chennai/custom-office-and-writing,1,Merged into the custom-intent canonical to prevent spelling and same-intent cannibalization.,NO
SAME_INTENT_MODIFIER,candidate-engine,/kolkata/customised-office-and-writing,/kolkata/custom-office-and-writing,1,Merged into the custom-intent canonical to prevent spelling and same-intent cannibalization.,NO
SAME_INTENT_MODIFIER,candidate-engine,/kolkata/personalized-office-and-writing,/kolkata/custom-office-and-writing,1,Merged into the custom-intent canonical to prevent spelling and same-intent cannibalization.,NO
SAME_INTENT_MODIFIER,candidate-engine,/ahmedabad/customised-office-and-writing,/ahmedabad/custom-office-and-writing,1,Merged into the custom-intent canonical to prevent spelling and same-intent cannibalization.,NO
SAME_INTENT_MODIFIER,candidate-engine,/ahmedabad/personalized-office-and-writing,/ahmedabad/custom-office-and-writing,1,Merged into the custom-intent canonical to prevent spelling and same-intent cannibalization.,NO
SAME_INTENT_MODIFIER,candidate-engine,/lucknow/customised-office-and-writing,/lucknow/custom-office-and-writing,1,Merged into the custom-intent canonical to prevent spelling and same-intent cannibalization.,NO
SAME_INTENT_MODIFIER,candidate-engine,/lucknow/personalized-office-and-writing,/lucknow/custom-office-and-writing,1,Merged into the custom-intent canonical to prevent spelling and same-intent cannibalization.,NO
SAME_INTENT_MODIFIER,candidate-engine,/india/customised-file-and-folder,/india/custom-file-and-folder,1,Merged into the custom-intent canonical to prevent spelling and same-intent cannibalization.,NO
SAME_INTENT_MODIFIER,candidate-engine,/india/personalized-file-and-folder,/india/custom-file-and-folder,1,Merged into the custom-intent canonical to prevent spelling and same-intent cannibalization.,NO
SAME_INTENT_MODIFIER,candidate-engine,/delhi/customised-file-and-folder,/delhi/custom-file-and-folder,1,Merged into the custom-intent canonical to prevent spelling and same-intent cannibalization.,NO
SAME_INTENT_MODIFIER,candidate-engine,/delhi/personalized-file-and-folder,/delhi/custom-file-and-folder,1,Merged into the custom-intent canonical to prevent spelling and same-intent cannibalization.,NO
SAME_INTENT_MODIFIER,candidate-engine,/noida/customised-file-and-folder,/noida/custom-file-and-folder,1,Merged into the custom-intent canonical to prevent spelling and same-intent cannibalization.,NO
SAME_INTENT_MODIFIER,candidate-engine,/noida/personalized-file-and-folder,/noida/custom-file-and-folder,1,Merged into the custom-intent canonical to prevent spelling and same-intent cannibalization.,NO
SAME_INTENT_MODIFIER,candidate-engine,/greater-noida/customised-file-and-folder,/greater-noida/custom-file-and-folder,1,Merged into the custom-intent canonical to prevent spelling and same-intent cannibalization.,NO
SAME_INTENT_MODIFIER,candidate-engine,/greater-noida/personalized-file-and-folder,/greater-noida/custom-file-and-folder,1,Merged into the custom-intent canonical to prevent spelling and same-intent cannibalization.,NO
SAME_INTENT_MODIFIER,candidate-engine,/gurgaon/customised-file-and-folder,/gurgaon/custom-file-and-folder,1,Merged into the custom-intent canonical to prevent spelling and same-intent cannibalization.,NO
SAME_INTENT_MODIFIER,candidate-engine,/gurgaon/personalized-file-and-folder,/gurgaon/custom-file-and-folder,1,Merged into the custom-intent canonical to prevent spelling and same-intent cannibalization.,NO
SAME_INTENT_MODIFIER,candidate-engine,/faridabad/customised-file-and-folder,/faridabad/custom-file-and-folder,1,Merged into the custom-intent canonical to prevent spelling and same-intent cannibalization.,NO
SAME_INTENT_MODIFIER,candidate-engine,/faridabad/personalized-file-and-folder,/faridabad/custom-file-and-folder,1,Merged into the custom-intent canonical to prevent spelling and same-intent cannibalization.,NO
SAME_INTENT_MODIFIER,candidate-engine,/ghaziabad/customised-file-and-folder,/ghaziabad/custom-file-and-folder,1,Merged into the custom-intent canonical to prevent spelling and same-intent cannibalization.,NO
SAME_INTENT_MODIFIER,candidate-engine,/ghaziabad/personalized-file-and-folder,/ghaziabad/custom-file-and-folder,1,Merged into the custom-intent canonical to prevent spelling and same-intent cannibalization.,NO
SAME_INTENT_MODIFIER,candidate-engine,/haryana/customised-file-and-folder,/haryana/custom-file-and-folder,1,Merged into the custom-intent canonical to prevent spelling and same-intent cannibalization.,NO
SAME_INTENT_MODIFIER,candidate-engine,/haryana/personalized-file-and-folder,/haryana/custom-file-and-folder,1,Merged into the custom-intent canonical to prevent spelling and same-intent cannibalization.,NO
SAME_INTENT_MODIFIER,candidate-engine,/uttar-pradesh/customised-file-and-folder,/uttar-pradesh/custom-file-and-folder,1,Merged into the custom-intent canonical to prevent spelling and same-intent cannibalization.,NO
SAME_INTENT_MODIFIER,candidate-engine,/uttar-pradesh/personalized-file-and-folder,/uttar-pradesh/custom-file-and-folder,1,Merged into the custom-intent canonical to prevent spelling and same-intent cannibalization.,NO
SAME_INTENT_MODIFIER,candidate-engine,/maharashtra/customised-file-and-folder,/maharashtra/custom-file-and-folder,1,Merged into the custom-intent canonical to prevent spelling and same-intent cannibalization.,NO
SAME_INTENT_MODIFIER,candidate-engine,/maharashtra/personalized-file-and-folder,/maharashtra/custom-file-and-folder,1,Merged into the custom-intent canonical to prevent spelling and same-intent cannibalization.,NO
SAME_INTENT_MODIFIER,candidate-engine,/karnataka/customised-file-and-folder,/karnataka/custom-file-and-folder,1,Merged into the custom-intent canonical to prevent spelling and same-intent cannibalization.,NO
SAME_INTENT_MODIFIER,candidate-engine,/karnataka/personalized-file-and-folder,/karnataka/custom-file-and-folder,1,Merged into the custom-intent canonical to prevent spelling and same-intent cannibalization.,NO
SAME_INTENT_MODIFIER,candidate-engine,/tamil-nadu/customised-file-and-folder,/tamil-nadu/custom-file-and-folder,1,Merged into the custom-intent canonical to prevent spelling and same-intent cannibalization.,NO
SAME_INTENT_MODIFIER,candidate-engine,/tamil-nadu/personalized-file-and-folder,/tamil-nadu/custom-file-and-folder,1,Merged into the custom-intent canonical to prevent spelling and same-intent cannibalization.,NO
SAME_INTENT_MODIFIER,candidate-engine,/telangana/customised-file-and-folder,/telangana/custom-file-and-folder,1,Merged into the custom-intent canonical to prevent spelling and same-intent cannibalization.,NO
SAME_INTENT_MODIFIER,candidate-engine,/telangana/personalized-file-and-folder,/telangana/custom-file-and-folder,1,Merged into the custom-intent canonical to prevent spelling and same-intent cannibalization.,NO
SAME_INTENT_MODIFIER,candidate-engine,/west-bengal/customised-file-and-folder,/west-bengal/custom-file-and-folder,1,Merged into the custom-intent canonical to prevent spelling and same-intent cannibalization.,NO
SAME_INTENT_MODIFIER,candidate-engine,/west-bengal/personalized-file-and-folder,/west-bengal/custom-file-and-folder,1,Merged into the custom-intent canonical to prevent spelling and same-intent cannibalization.,NO
SAME_INTENT_MODIFIER,candidate-engine,/mumbai/customised-file-and-folder,/mumbai/custom-file-and-folder,1,Merged into the custom-intent canonical to prevent spelling and same-intent cannibalization.,NO
SAME_INTENT_MODIFIER,candidate-engine,/mumbai/personalized-file-and-folder,/mumbai/custom-file-and-folder,1,Merged into the custom-intent canonical to prevent spelling and same-intent cannibalization.,NO
SAME_INTENT_MODIFIER,candidate-engine,/pune/customised-file-and-folder,/pune/custom-file-and-folder,1,Merged into the custom-intent canonical to prevent spelling and same-intent cannibalization.,NO
SAME_INTENT_MODIFIER,candidate-engine,/pune/personalized-file-and-folder,/pune/custom-file-and-folder,1,Merged into the custom-intent canonical to prevent spelling and same-intent cannibalization.,NO
SAME_INTENT_MODIFIER,candidate-engine,/bengaluru/customised-file-and-folder,/bengaluru/custom-file-and-folder,1,Merged into the custom-intent canonical to prevent spelling and same-intent cannibalization.,NO
SAME_INTENT_MODIFIER,candidate-engine,/bengaluru/personalized-file-and-folder,/bengaluru/custom-file-and-folder,1,Merged into the custom-intent canonical to prevent spelling and same-intent cannibalization.,NO
SAME_INTENT_MODIFIER,candidate-engine,/hyderabad/customised-file-and-folder,/hyderabad/custom-file-and-folder,1,Merged into the custom-intent canonical to prevent spelling and same-intent cannibalization.,NO
SAME_INTENT_MODIFIER,candidate-engine,/hyderabad/personalized-file-and-folder,/hyderabad/custom-file-and-folder,1,Merged into the custom-intent canonical to prevent spelling and same-intent cannibalization.,NO
SAME_INTENT_MODIFIER,candidate-engine,/chennai/customised-file-and-folder,/chennai/custom-file-and-folder,1,Merged into the custom-intent canonical to prevent spelling and same-intent cannibalization.,NO
SAME_INTENT_MODIFIER,candidate-engine,/chennai/personalized-file-and-folder,/chennai/custom-file-and-folder,1,Merged into the custom-intent canonical to prevent spelling and same-intent cannibalization.,NO
SAME_INTENT_MODIFIER,candidate-engine,/kolkata/customised-file-and-folder,/kolkata/custom-file-and-folder,1,Merged into the custom-intent canonical to prevent spelling and same-intent cannibalization.,NO
SAME_INTENT_MODIFIER,candidate-engine,/kolkata/personalized-file-and-folder,/kolkata/custom-file-and-folder,1,Merged into the custom-intent canonical to prevent spelling and same-intent cannibalization.,NO
SAME_INTENT_MODIFIER,candidate-engine,/ahmedabad/customised-file-and-folder,/ahmedabad/custom-file-and-folder,1,Merged into the custom-intent canonical to prevent spelling and same-intent cannibalization.,NO
SAME_INTENT_MODIFIER,candidate-engine,/ahmedabad/personalized-file-and-folder,/ahmedabad/custom-file-and-folder,1,Merged into the custom-intent canonical to prevent spelling and same-intent cannibalization.,NO
SAME_INTENT_MODIFIER,candidate-engine,/lucknow/customised-file-and-folder,/lucknow/custom-file-and-folder,1,Merged into the custom-intent canonical to prevent spelling and same-intent cannibalization.,NO
SAME_INTENT_MODIFIER,candidate-engine,/lucknow/personalized-file-and-folder,/lucknow/custom-file-and-folder,1,Merged into the custom-intent canonical to prevent spelling and same-intent cannibalization.,NO
SAME_INTENT_MODIFIER,candidate-engine,/india/customised-pen-and-writing-set,/india/custom-pen-and-writing-set,1,Merged into the custom-intent canonical to prevent spelling and same-intent cannibalization.,NO
SAME_INTENT_MODIFIER,candidate-engine,/india/personalized-pen-and-writing-set,/india/custom-pen-and-writing-set,1,Merged into the custom-intent canonical to prevent spelling and same-intent cannibalization.,NO
SAME_INTENT_MODIFIER,candidate-engine,/delhi/customised-pen-and-writing-set,/delhi/custom-pen-and-writing-set,1,Merged into the custom-intent canonical to prevent spelling and same-intent cannibalization.,NO
SAME_INTENT_MODIFIER,candidate-engine,/delhi/personalized-pen-and-writing-set,/delhi/custom-pen-and-writing-set,1,Merged into the custom-intent canonical to prevent spelling and same-intent cannibalization.,NO
SAME_INTENT_MODIFIER,candidate-engine,/noida/customised-pen-and-writing-set,/noida/custom-pen-and-writing-set,1,Merged into the custom-intent canonical to prevent spelling and same-intent cannibalization.,NO
SAME_INTENT_MODIFIER,candidate-engine,/noida/personalized-pen-and-writing-set,/noida/custom-pen-and-writing-set,1,Merged into the custom-intent canonical to prevent spelling and same-intent cannibalization.,NO
SAME_INTENT_MODIFIER,candidate-engine,/greater-noida/customised-pen-and-writing-set,/greater-noida/custom-pen-and-writing-set,1,Merged into the custom-intent canonical to prevent spelling and same-intent cannibalization.,NO
SAME_INTENT_MODIFIER,candidate-engine,/greater-noida/personalized-pen-and-writing-set,/greater-noida/custom-pen-and-writing-set,1,Merged into the custom-intent canonical to prevent spelling and same-intent cannibalization.,NO
SAME_INTENT_MODIFIER,candidate-engine,/gurgaon/customised-pen-and-writing-set,/gurgaon/custom-pen-and-writing-set,1,Merged into the custom-intent canonical to prevent spelling and same-intent cannibalization.,NO
SAME_INTENT_MODIFIER,candidate-engine,/gurgaon/personalized-pen-and-writing-set,/gurgaon/custom-pen-and-writing-set,1,Merged into the custom-intent canonical to prevent spelling and same-intent cannibalization.,NO
SAME_INTENT_MODIFIER,candidate-engine,/faridabad/customised-pen-and-writing-set,/faridabad/custom-pen-and-writing-set,1,Merged into the custom-intent canonical to prevent spelling and same-intent cannibalization.,NO
SAME_INTENT_MODIFIER,candidate-engine,/faridabad/personalized-pen-and-writing-set,/faridabad/custom-pen-and-writing-set,1,Merged into the custom-intent canonical to prevent spelling and same-intent cannibalization.,NO
SAME_INTENT_MODIFIER,candidate-engine,/ghaziabad/customised-pen-and-writing-set,/ghaziabad/custom-pen-and-writing-set,1,Merged into the custom-intent canonical to prevent spelling and same-intent cannibalization.,NO
SAME_INTENT_MODIFIER,candidate-engine,/ghaziabad/personalized-pen-and-writing-set,/ghaziabad/custom-pen-and-writing-set,1,Merged into the custom-intent canonical to prevent spelling and same-intent cannibalization.,NO
SAME_INTENT_MODIFIER,candidate-engine,/haryana/customised-pen-and-writing-set,/haryana/custom-pen-and-writing-set,1,Merged into the custom-intent canonical to prevent spelling and same-intent cannibalization.,NO
SAME_INTENT_MODIFIER,candidate-engine,/haryana/personalized-pen-and-writing-set,/haryana/custom-pen-and-writing-set,1,Merged into the custom-intent canonical to prevent spelling and same-intent cannibalization.,NO
SAME_INTENT_MODIFIER,candidate-engine,/uttar-pradesh/customised-pen-and-writing-set,/uttar-pradesh/custom-pen-and-writing-set,1,Merged into the custom-intent canonical to prevent spelling and same-intent cannibalization.,NO
SAME_INTENT_MODIFIER,candidate-engine,/uttar-pradesh/personalized-pen-and-writing-set,/uttar-pradesh/custom-pen-and-writing-set,1,Merged into the custom-intent canonical to prevent spelling and same-intent cannibalization.,NO
SAME_INTENT_MODIFIER,candidate-engine,/maharashtra/customised-pen-and-writing-set,/maharashtra/custom-pen-and-writing-set,1,Merged into the custom-intent canonical to prevent spelling and same-intent cannibalization.,NO
SAME_INTENT_MODIFIER,candidate-engine,/maharashtra/personalized-pen-and-writing-set,/maharashtra/custom-pen-and-writing-set,1,Merged into the custom-intent canonical to prevent spelling and same-intent cannibalization.,NO
SAME_INTENT_MODIFIER,candidate-engine,/karnataka/customised-pen-and-writing-set,/karnataka/custom-pen-and-writing-set,1,Merged into the custom-intent canonical to prevent spelling and same-intent cannibalization.,NO
SAME_INTENT_MODIFIER,candidate-engine,/karnataka/personalized-pen-and-writing-set,/karnataka/custom-pen-and-writing-set,1,Merged into the custom-intent canonical to prevent spelling and same-intent cannibalization.,NO
SAME_INTENT_MODIFIER,candidate-engine,/tamil-nadu/customised-pen-and-writing-set,/tamil-nadu/custom-pen-and-writing-set,1,Merged into the custom-intent canonical to prevent spelling and same-intent cannibalization.,NO
SAME_INTENT_MODIFIER,candidate-engine,/tamil-nadu/personalized-pen-and-writing-set,/tamil-nadu/custom-pen-and-writing-set,1,Merged into the custom-intent canonical to prevent spelling and same-intent cannibalization.,NO
SAME_INTENT_MODIFIER,candidate-engine,/telangana/customised-pen-and-writing-set,/telangana/custom-pen-and-writing-set,1,Merged into the custom-intent canonical to prevent spelling and same-intent cannibalization.,NO
SAME_INTENT_MODIFIER,candidate-engine,/telangana/personalized-pen-and-writing-set,/telangana/custom-pen-and-writing-set,1,Merged into the custom-intent canonical to prevent spelling and same-intent cannibalization.,NO
SAME_INTENT_MODIFIER,candidate-engine,/west-bengal/customised-pen-and-writing-set,/west-bengal/custom-pen-and-writing-set,1,Merged into the custom-intent canonical to prevent spelling and same-intent cannibalization.,NO
SAME_INTENT_MODIFIER,candidate-engine,/west-bengal/personalized-pen-and-writing-set,/west-bengal/custom-pen-and-writing-set,1,Merged into the custom-intent canonical to prevent spelling and same-intent cannibalization.,NO
SAME_INTENT_MODIFIER,candidate-engine,/mumbai/customised-pen-and-writing-set,/mumbai/custom-pen-and-writing-set,1,Merged into the custom-intent canonical to prevent spelling and same-intent cannibalization.,NO
SAME_INTENT_MODIFIER,candidate-engine,/mumbai/personalized-pen-and-writing-set,/mumbai/custom-pen-and-writing-set,1,Merged into the custom-intent canonical to prevent spelling and same-intent cannibalization.,NO
SAME_INTENT_MODIFIER,candidate-engine,/pune/customised-pen-and-writing-set,/pune/custom-pen-and-writing-set,1,Merged into the custom-intent canonical to prevent spelling and same-intent cannibalization.,NO
SAME_INTENT_MODIFIER,candidate-engine,/pune/personalized-pen-and-writing-set,/pune/custom-pen-and-writing-set,1,Merged into the custom-intent canonical to prevent spelling and same-intent cannibalization.,NO
SAME_INTENT_MODIFIER,candidate-engine,/bengaluru/customised-pen-and-writing-set,/bengaluru/custom-pen-and-writing-set,1,Merged into the custom-intent canonical to prevent spelling and same-intent cannibalization.,NO
SAME_INTENT_MODIFIER,candidate-engine,/bengaluru/personalized-pen-and-writing-set,/bengaluru/custom-pen-and-writing-set,1,Merged into the custom-intent canonical to prevent spelling and same-intent cannibalization.,NO
SAME_INTENT_MODIFIER,candidate-engine,/hyderabad/customised-pen-and-writing-set,/hyderabad/custom-pen-and-writing-set,1,Merged into the custom-intent canonical to prevent spelling and same-intent cannibalization.,NO
SAME_INTENT_MODIFIER,candidate-engine,/hyderabad/personalized-pen-and-writing-set,/hyderabad/custom-pen-and-writing-set,1,Merged into the custom-intent canonical to prevent spelling and same-intent cannibalization.,NO
SAME_INTENT_MODIFIER,candidate-engine,/chennai/customised-pen-and-writing-set,/chennai/custom-pen-and-writing-set,1,Merged into the custom-intent canonical to prevent spelling and same-intent cannibalization.,NO
SAME_INTENT_MODIFIER,candidate-engine,/chennai/personalized-pen-and-writing-set,/chennai/custom-pen-and-writing-set,1,Merged into the custom-intent canonical to prevent spelling and same-intent cannibalization.,NO
SAME_INTENT_MODIFIER,candidate-engine,/kolkata/customised-pen-and-writing-set,/kolkata/custom-pen-and-writing-set,1,Merged into the custom-intent canonical to prevent spelling and same-intent cannibalization.,NO
SAME_INTENT_MODIFIER,candidate-engine,/kolkata/personalized-pen-and-writing-set,/kolkata/custom-pen-and-writing-set,1,Merged into the custom-intent canonical to prevent spelling and same-intent cannibalization.,NO
SAME_INTENT_MODIFIER,candidate-engine,/ahmedabad/customised-pen-and-writing-set,/ahmedabad/custom-pen-and-writing-set,1,Merged into the custom-intent canonical to prevent spelling and same-intent cannibalization.,NO
SAME_INTENT_MODIFIER,candidate-engine,/ahmedabad/personalized-pen-and-writing-set,/ahmedabad/custom-pen-and-writing-set,1,Merged into the custom-intent canonical to prevent spelling and same-intent cannibalization.,NO
SAME_INTENT_MODIFIER,candidate-engine,/lucknow/customised-pen-and-writing-set,/lucknow/custom-pen-and-writing-set,1,Merged into the custom-intent canonical to prevent spelling and same-intent cannibalization.,NO
SAME_INTENT_MODIFIER,candidate-engine,/lucknow/personalized-pen-and-writing-set,/lucknow/custom-pen-and-writing-set,1,Merged into the custom-intent canonical to prevent spelling and same-intent cannibalization.,NO
SAME_INTENT_MODIFIER,candidate-engine,/india/customised-lanyard-and-id-card,/india/custom-lanyard-and-id-card,1,Merged into the custom-intent canonical to prevent spelling and same-intent cannibalization.,NO
SAME_INTENT_MODIFIER,candidate-engine,/india/personalized-lanyard-and-id-card,/india/custom-lanyard-and-id-card,1,Merged into the custom-intent canonical to prevent spelling and same-intent cannibalization.,NO
SAME_INTENT_MODIFIER,candidate-engine,/delhi/customised-lanyard-and-id-card,/delhi/custom-lanyard-and-id-card,1,Merged into the custom-intent canonical to prevent spelling and same-intent cannibalization.,NO
SAME_INTENT_MODIFIER,candidate-engine,/delhi/personalized-lanyard-and-id-card,/delhi/custom-lanyard-and-id-card,1,Merged into the custom-intent canonical to prevent spelling and same-intent cannibalization.,NO
SAME_INTENT_MODIFIER,candidate-engine,/noida/customised-lanyard-and-id-card,/noida/custom-lanyard-and-id-card,1,Merged into the custom-intent canonical to prevent spelling and same-intent cannibalization.,NO
SAME_INTENT_MODIFIER,candidate-engine,/noida/personalized-lanyard-and-id-card,/noida/custom-lanyard-and-id-card,1,Merged into the custom-intent canonical to prevent spelling and same-intent cannibalization.,NO
SAME_INTENT_MODIFIER,candidate-engine,/greater-noida/customised-lanyard-and-id-card,/greater-noida/custom-lanyard-and-id-card,1,Merged into the custom-intent canonical to prevent spelling and same-intent cannibalization.,NO
SAME_INTENT_MODIFIER,candidate-engine,/greater-noida/personalized-lanyard-and-id-card,/greater-noida/custom-lanyard-and-id-card,1,Merged into the custom-intent canonical to prevent spelling and same-intent cannibalization.,NO
SAME_INTENT_MODIFIER,candidate-engine,/gurgaon/customised-lanyard-and-id-card,/gurgaon/custom-lanyard-and-id-card,1,Merged into the custom-intent canonical to prevent spelling and same-intent cannibalization.,NO
SAME_INTENT_MODIFIER,candidate-engine,/gurgaon/personalized-lanyard-and-id-card,/gurgaon/custom-lanyard-and-id-card,1,Merged into the custom-intent canonical to prevent spelling and same-intent cannibalization.,NO
SAME_INTENT_MODIFIER,candidate-engine,/faridabad/customised-lanyard-and-id-card,/faridabad/custom-lanyard-and-id-card,1,Merged into the custom-intent canonical to prevent spelling and same-intent cannibalization.,NO
SAME_INTENT_MODIFIER,candidate-engine,/faridabad/personalized-lanyard-and-id-card,/faridabad/custom-lanyard-and-id-card,1,Merged into the custom-intent canonical to prevent spelling and same-intent cannibalization.,NO
SAME_INTENT_MODIFIER,candidate-engine,/ghaziabad/customised-lanyard-and-id-card,/ghaziabad/custom-lanyard-and-id-card,1,Merged into the custom-intent canonical to prevent spelling and same-intent cannibalization.,NO
SAME_INTENT_MODIFIER,candidate-engine,/ghaziabad/personalized-lanyard-and-id-card,/ghaziabad/custom-lanyard-and-id-card,1,Merged into the custom-intent canonical to prevent spelling and same-intent cannibalization.,NO
SAME_INTENT_MODIFIER,candidate-engine,/haryana/customised-lanyard-and-id-card,/haryana/custom-lanyard-and-id-card,1,Merged into the custom-intent canonical to prevent spelling and same-intent cannibalization.,NO
SAME_INTENT_MODIFIER,candidate-engine,/haryana/personalized-lanyard-and-id-card,/haryana/custom-lanyard-and-id-card,1,Merged into the custom-intent canonical to prevent spelling and same-intent cannibalization.,NO
SAME_INTENT_MODIFIER,candidate-engine,/uttar-pradesh/customised-lanyard-and-id-card,/uttar-pradesh/custom-lanyard-and-id-card,1,Merged into the custom-intent canonical to prevent spelling and same-intent cannibalization.,NO
SAME_INTENT_MODIFIER,candidate-engine,/uttar-pradesh/personalized-lanyard-and-id-card,/uttar-pradesh/custom-lanyard-and-id-card,1,Merged into the custom-intent canonical to prevent spelling and same-intent cannibalization.,NO
SAME_INTENT_MODIFIER,candidate-engine,/maharashtra/customised-lanyard-and-id-card,/maharashtra/custom-lanyard-and-id-card,1,Merged into the custom-intent canonical to prevent spelling and same-intent cannibalization.,NO
SAME_INTENT_MODIFIER,candidate-engine,/maharashtra/personalized-lanyard-and-id-card,/maharashtra/custom-lanyard-and-id-card,1,Merged into the custom-intent canonical to prevent spelling and same-intent cannibalization.,NO
SAME_INTENT_MODIFIER,candidate-engine,/karnataka/customised-lanyard-and-id-card,/karnataka/custom-lanyard-and-id-card,1,Merged into the custom-intent canonical to prevent spelling and same-intent cannibalization.,NO
SAME_INTENT_MODIFIER,candidate-engine,/karnataka/personalized-lanyard-and-id-card,/karnataka/custom-lanyard-and-id-card,1,Merged into the custom-intent canonical to prevent spelling and same-intent cannibalization.,NO
SAME_INTENT_MODIFIER,candidate-engine,/tamil-nadu/customised-lanyard-and-id-card,/tamil-nadu/custom-lanyard-and-id-card,1,Merged into the custom-intent canonical to prevent spelling and same-intent cannibalization.,NO
SAME_INTENT_MODIFIER,candidate-engine,/tamil-nadu/personalized-lanyard-and-id-card,/tamil-nadu/custom-lanyard-and-id-card,1,Merged into the custom-intent canonical to prevent spelling and same-intent cannibalization.,NO
SAME_INTENT_MODIFIER,candidate-engine,/telangana/customised-lanyard-and-id-card,/telangana/custom-lanyard-and-id-card,1,Merged into the custom-intent canonical to prevent spelling and same-intent cannibalization.,NO
SAME_INTENT_MODIFIER,candidate-engine,/telangana/personalized-lanyard-and-id-card,/telangana/custom-lanyard-and-id-card,1,Merged into the custom-intent canonical to prevent spelling and same-intent cannibalization.,NO
SAME_INTENT_MODIFIER,candidate-engine,/west-bengal/customised-lanyard-and-id-card,/west-bengal/custom-lanyard-and-id-card,1,Merged into the custom-intent canonical to prevent spelling and same-intent cannibalization.,NO
SAME_INTENT_MODIFIER,candidate-engine,/west-bengal/personalized-lanyard-and-id-card,/west-bengal/custom-lanyard-and-id-card,1,Merged into the custom-intent canonical to prevent spelling and same-intent cannibalization.,NO
SAME_INTENT_MODIFIER,candidate-engine,/mumbai/customised-lanyard-and-id-card,/mumbai/custom-lanyard-and-id-card,1,Merged into the custom-intent canonical to prevent spelling and same-intent cannibalization.,NO
SAME_INTENT_MODIFIER,candidate-engine,/mumbai/personalized-lanyard-and-id-card,/mumbai/custom-lanyard-and-id-card,1,Merged into the custom-intent canonical to prevent spelling and same-intent cannibalization.,NO
SAME_INTENT_MODIFIER,candidate-engine,/pune/customised-lanyard-and-id-card,/pune/custom-lanyard-and-id-card,1,Merged into the custom-intent canonical to prevent spelling and same-intent cannibalization.,NO
SAME_INTENT_MODIFIER,candidate-engine,/pune/personalized-lanyard-and-id-card,/pune/custom-lanyard-and-id-card,1,Merged into the custom-intent canonical to prevent spelling and same-intent cannibalization.,NO
SAME_INTENT_MODIFIER,candidate-engine,/bengaluru/customised-lanyard-and-id-card,/bengaluru/custom-lanyard-and-id-card,1,Merged into the custom-intent canonical to prevent spelling and same-intent cannibalization.,NO
SAME_INTENT_MODIFIER,candidate-engine,/bengaluru/personalized-lanyard-and-id-card,/bengaluru/custom-lanyard-and-id-card,1,Merged into the custom-intent canonical to prevent spelling and same-intent cannibalization.,NO
SAME_INTENT_MODIFIER,candidate-engine,/hyderabad/customised-lanyard-and-id-card,/hyderabad/custom-lanyard-and-id-card,1,Merged into the custom-intent canonical to prevent spelling and same-intent cannibalization.,NO
SAME_INTENT_MODIFIER,candidate-engine,/hyderabad/personalized-lanyard-and-id-card,/hyderabad/custom-lanyard-and-id-card,1,Merged into the custom-intent canonical to prevent spelling and same-intent cannibalization.,NO
SAME_INTENT_MODIFIER,candidate-engine,/chennai/customised-lanyard-and-id-card,/chennai/custom-lanyard-and-id-card,1,Merged into the custom-intent canonical to prevent spelling and same-intent cannibalization.,NO
SAME_INTENT_MODIFIER,candidate-engine,/chennai/personalized-lanyard-and-id-card,/chennai/custom-lanyard-and-id-card,1,Merged into the custom-intent canonical to prevent spelling and same-intent cannibalization.,NO
SAME_INTENT_MODIFIER,candidate-engine,/kolkata/customised-lanyard-and-id-card,/kolkata/custom-lanyard-and-id-card,1,Merged into the custom-intent canonical to prevent spelling and same-intent cannibalization.,NO
SAME_INTENT_MODIFIER,candidate-engine,/kolkata/personalized-lanyard-and-id-card,/kolkata/custom-lanyard-and-id-card,1,Merged into the custom-intent canonical to prevent spelling and same-intent cannibalization.,NO
SAME_INTENT_MODIFIER,candidate-engine,/ahmedabad/customised-lanyard-and-id-card,/ahmedabad/custom-lanyard-and-id-card,1,Merged into the custom-intent canonical to prevent spelling and same-intent cannibalization.,NO
SAME_INTENT_MODIFIER,candidate-engine,/ahmedabad/personalized-lanyard-and-id-card,/ahmedabad/custom-lanyard-and-id-card,1,Merged into the custom-intent canonical to prevent spelling and same-intent cannibalization.,NO
SAME_INTENT_MODIFIER,candidate-engine,/lucknow/customised-lanyard-and-id-card,/lucknow/custom-lanyard-and-id-card,1,Merged into the custom-intent canonical to prevent spelling and same-intent cannibalization.,NO
SAME_INTENT_MODIFIER,candidate-engine,/lucknow/personalized-lanyard-and-id-card,/lucknow/custom-lanyard-and-id-card,1,Merged into the custom-intent canonical to prevent spelling and same-intent cannibalization.,NO
SAME_INTENT_MODIFIER,candidate-engine,/india/customised-notebooks-and-diary-sets,/india/custom-notebooks-and-diary-sets,1,Merged into the custom-intent canonical to prevent spelling and same-intent cannibalization.,NO
SAME_INTENT_MODIFIER,candidate-engine,/india/personalized-notebooks-and-diary-sets,/india/custom-notebooks-and-diary-sets,1,Merged into the custom-intent canonical to prevent spelling and same-intent cannibalization.,NO
SAME_INTENT_MODIFIER,candidate-engine,/delhi/customised-notebooks-and-diary-sets,/delhi/custom-notebooks-and-diary-sets,1,Merged into the custom-intent canonical to prevent spelling and same-intent cannibalization.,NO
SAME_INTENT_MODIFIER,candidate-engine,/delhi/personalized-notebooks-and-diary-sets,/delhi/custom-notebooks-and-diary-sets,1,Merged into the custom-intent canonical to prevent spelling and same-intent cannibalization.,NO
SAME_INTENT_MODIFIER,candidate-engine,/noida/customised-notebooks-and-diary-sets,/noida/custom-notebooks-and-diary-sets,1,Merged into the custom-intent canonical to prevent spelling and same-intent cannibalization.,NO
SAME_INTENT_MODIFIER,candidate-engine,/noida/personalized-notebooks-and-diary-sets,/noida/custom-notebooks-and-diary-sets,1,Merged into the custom-intent canonical to prevent spelling and same-intent cannibalization.,NO
SAME_INTENT_MODIFIER,candidate-engine,/greater-noida/customised-notebooks-and-diary-sets,/greater-noida/custom-notebooks-and-diary-sets,1,Merged into the custom-intent canonical to prevent spelling and same-intent cannibalization.,NO
SAME_INTENT_MODIFIER,candidate-engine,/greater-noida/personalized-notebooks-and-diary-sets,/greater-noida/custom-notebooks-and-diary-sets,1,Merged into the custom-intent canonical to prevent spelling and same-intent cannibalization.,NO
SAME_INTENT_MODIFIER,candidate-engine,/gurgaon/customised-notebooks-and-diary-sets,/gurgaon/custom-notebooks-and-diary-sets,1,Merged into the custom-intent canonical to prevent spelling and same-intent cannibalization.,NO
SAME_INTENT_MODIFIER,candidate-engine,/gurgaon/personalized-notebooks-and-diary-sets,/gurgaon/custom-notebooks-and-diary-sets,1,Merged into the custom-intent canonical to prevent spelling and same-intent cannibalization.,NO
SAME_INTENT_MODIFIER,candidate-engine,/faridabad/customised-notebooks-and-diary-sets,/faridabad/custom-notebooks-and-diary-sets,1,Merged into the custom-intent canonical to prevent spelling and same-intent cannibalization.,NO
SAME_INTENT_MODIFIER,candidate-engine,/faridabad/personalized-notebooks-and-diary-sets,/faridabad/custom-notebooks-and-diary-sets,1,Merged into the custom-intent canonical to prevent spelling and same-intent cannibalization.,NO
SAME_INTENT_MODIFIER,candidate-engine,/ghaziabad/customised-notebooks-and-diary-sets,/ghaziabad/custom-notebooks-and-diary-sets,1,Merged into the custom-intent canonical to prevent spelling and same-intent cannibalization.,NO
SAME_INTENT_MODIFIER,candidate-engine,/ghaziabad/personalized-notebooks-and-diary-sets,/ghaziabad/custom-notebooks-and-diary-sets,1,Merged into the custom-intent canonical to prevent spelling and same-intent cannibalization.,NO
SAME_INTENT_MODIFIER,candidate-engine,/haryana/customised-notebooks-and-diary-sets,/haryana/custom-notebooks-and-diary-sets,1,Merged into the custom-intent canonical to prevent spelling and same-intent cannibalization.,NO
SAME_INTENT_MODIFIER,candidate-engine,/haryana/personalized-notebooks-and-diary-sets,/haryana/custom-notebooks-and-diary-sets,1,Merged into the custom-intent canonical to prevent spelling and same-intent cannibalization.,NO
SAME_INTENT_MODIFIER,candidate-engine,/uttar-pradesh/customised-notebooks-and-diary-sets,/uttar-pradesh/custom-notebooks-and-diary-sets,1,Merged into the custom-intent canonical to prevent spelling and same-intent cannibalization.,NO
SAME_INTENT_MODIFIER,candidate-engine,/uttar-pradesh/personalized-notebooks-and-diary-sets,/uttar-pradesh/custom-notebooks-and-diary-sets,1,Merged into the custom-intent canonical to prevent spelling and same-intent cannibalization.,NO
SAME_INTENT_MODIFIER,candidate-engine,/maharashtra/customised-notebooks-and-diary-sets,/maharashtra/custom-notebooks-and-diary-sets,1,Merged into the custom-intent canonical to prevent spelling and same-intent cannibalization.,NO
SAME_INTENT_MODIFIER,candidate-engine,/maharashtra/personalized-notebooks-and-diary-sets,/maharashtra/custom-notebooks-and-diary-sets,1,Merged into the custom-intent canonical to prevent spelling and same-intent cannibalization.,NO
SAME_INTENT_MODIFIER,candidate-engine,/karnataka/customised-notebooks-and-diary-sets,/karnataka/custom-notebooks-and-diary-sets,1,Merged into the custom-intent canonical to prevent spelling and same-intent cannibalization.,NO
SAME_INTENT_MODIFIER,candidate-engine,/karnataka/personalized-notebooks-and-diary-sets,/karnataka/custom-notebooks-and-diary-sets,1,Merged into the custom-intent canonical to prevent spelling and same-intent cannibalization.,NO
SAME_INTENT_MODIFIER,candidate-engine,/tamil-nadu/customised-notebooks-and-diary-sets,/tamil-nadu/custom-notebooks-and-diary-sets,1,Merged into the custom-intent canonical to prevent spelling and same-intent cannibalization.,NO
SAME_INTENT_MODIFIER,candidate-engine,/tamil-nadu/personalized-notebooks-and-diary-sets,/tamil-nadu/custom-notebooks-and-diary-sets,1,Merged into the custom-intent canonical to prevent spelling and same-intent cannibalization.,NO
SAME_INTENT_MODIFIER,candidate-engine,/telangana/customised-notebooks-and-diary-sets,/telangana/custom-notebooks-and-diary-sets,1,Merged into the custom-intent canonical to prevent spelling and same-intent cannibalization.,NO
SAME_INTENT_MODIFIER,candidate-engine,/telangana/personalized-notebooks-and-diary-sets,/telangana/custom-notebooks-and-diary-sets,1,Merged into the custom-intent canonical to prevent spelling and same-intent cannibalization.,NO
SAME_INTENT_MODIFIER,candidate-engine,/west-bengal/customised-notebooks-and-diary-sets,/west-bengal/custom-notebooks-and-diary-sets,1,Merged into the custom-intent canonical to prevent spelling and same-intent cannibalization.,NO
SAME_INTENT_MODIFIER,candidate-engine,/west-bengal/personalized-notebooks-and-diary-sets,/west-bengal/custom-notebooks-and-diary-sets,1,Merged into the custom-intent canonical to prevent spelling and same-intent cannibalization.,NO
SAME_INTENT_MODIFIER,candidate-engine,/mumbai/customised-notebooks-and-diary-sets,/mumbai/custom-notebooks-and-diary-sets,1,Merged into the custom-intent canonical to prevent spelling and same-intent cannibalization.,NO
SAME_INTENT_MODIFIER,candidate-engine,/mumbai/personalized-notebooks-and-diary-sets,/mumbai/custom-notebooks-and-diary-sets,1,Merged into the custom-intent canonical to prevent spelling and same-intent cannibalization.,NO
SAME_INTENT_MODIFIER,candidate-engine,/pune/customised-notebooks-and-diary-sets,/pune/custom-notebooks-and-diary-sets,1,Merged into the custom-intent canonical to prevent spelling and same-intent cannibalization.,NO
SAME_INTENT_MODIFIER,candidate-engine,/pune/personalized-notebooks-and-diary-sets,/pune/custom-notebooks-and-diary-sets,1,Merged into the custom-intent canonical to prevent spelling and same-intent cannibalization.,NO
SAME_INTENT_MODIFIER,candidate-engine,/bengaluru/customised-notebooks-and-diary-sets,/bengaluru/custom-notebooks-and-diary-sets,1,Merged into the custom-intent canonical to prevent spelling and same-intent cannibalization.,NO
SAME_INTENT_MODIFIER,candidate-engine,/bengaluru/personalized-notebooks-and-diary-sets,/bengaluru/custom-notebooks-and-diary-sets,1,Merged into the custom-intent canonical to prevent spelling and same-intent cannibalization.,NO
SAME_INTENT_MODIFIER,candidate-engine,/hyderabad/customised-notebooks-and-diary-sets,/hyderabad/custom-notebooks-and-diary-sets,1,Merged into the custom-intent canonical to prevent spelling and same-intent cannibalization.,NO
SAME_INTENT_MODIFIER,candidate-engine,/hyderabad/personalized-notebooks-and-diary-sets,/hyderabad/custom-notebooks-and-diary-sets,1,Merged into the custom-intent canonical to prevent spelling and same-intent cannibalization.,NO
SAME_INTENT_MODIFIER,candidate-engine,/chennai/customised-notebooks-and-diary-sets,/chennai/custom-notebooks-and-diary-sets,1,Merged into the custom-intent canonical to prevent spelling and same-intent cannibalization.,NO
SAME_INTENT_MODIFIER,candidate-engine,/chennai/personalized-notebooks-and-diary-sets,/chennai/custom-notebooks-and-diary-sets,1,Merged into the custom-intent canonical to prevent spelling and same-intent cannibalization.,NO
SAME_INTENT_MODIFIER,candidate-engine,/kolkata/customised-notebooks-and-diary-sets,/kolkata/custom-notebooks-and-diary-sets,1,Merged into the custom-intent canonical to prevent spelling and same-intent cannibalization.,NO
SAME_INTENT_MODIFIER,candidate-engine,/kolkata/personalized-notebooks-and-diary-sets,/kolkata/custom-notebooks-and-diary-sets,1,Merged into the custom-intent canonical to prevent spelling and same-intent cannibalization.,NO
SAME_INTENT_MODIFIER,candidate-engine,/ahmedabad/customised-notebooks-and-diary-sets,/ahmedabad/custom-notebooks-and-diary-sets,1,Merged into the custom-intent canonical to prevent spelling and same-intent cannibalization.,NO
SAME_INTENT_MODIFIER,candidate-engine,/ahmedabad/personalized-notebooks-and-diary-sets,/ahmedabad/custom-notebooks-and-diary-sets,1,Merged into the custom-intent canonical to prevent spelling and same-intent cannibalization.,NO
SAME_INTENT_MODIFIER,candidate-engine,/lucknow/customised-notebooks-and-diary-sets,/lucknow/custom-notebooks-and-diary-sets,1,Merged into the custom-intent canonical to prevent spelling and same-intent cannibalization.,NO
SAME_INTENT_MODIFIER,candidate-engine,/lucknow/personalized-notebooks-and-diary-sets,/lucknow/custom-notebooks-and-diary-sets,1,Merged into the custom-intent canonical to prevent spelling and same-intent cannibalization.,NO
SAME_INTENT_MODIFIER,candidate-engine,/india/customised-collection,/india/custom-collection,1,Merged into the custom-intent canonical to prevent spelling and same-intent cannibalization.,NO
SAME_INTENT_MODIFIER,candidate-engine,/india/personalized-collection,/india/custom-collection,1,Merged into the custom-intent canonical to prevent spelling and same-intent cannibalization.,NO
SAME_INTENT_MODIFIER,candidate-engine,/delhi/customised-collection,/delhi/custom-collection,1,Merged into the custom-intent canonical to prevent spelling and same-intent cannibalization.,NO
SAME_INTENT_MODIFIER,candidate-engine,/delhi/personalized-collection,/delhi/custom-collection,1,Merged into the custom-intent canonical to prevent spelling and same-intent cannibalization.,NO
SAME_INTENT_MODIFIER,candidate-engine,/noida/customised-collection,/noida/custom-collection,1,Merged into the custom-intent canonical to prevent spelling and same-intent cannibalization.,NO
SAME_INTENT_MODIFIER,candidate-engine,/noida/personalized-collection,/noida/custom-collection,1,Merged into the custom-intent canonical to prevent spelling and same-intent cannibalization.,NO
SAME_INTENT_MODIFIER,candidate-engine,/greater-noida/customised-collection,/greater-noida/custom-collection,1,Merged into the custom-intent canonical to prevent spelling and same-intent cannibalization.,NO
SAME_INTENT_MODIFIER,candidate-engine,/greater-noida/personalized-collection,/greater-noida/custom-collection,1,Merged into the custom-intent canonical to prevent spelling and same-intent cannibalization.,NO
SAME_INTENT_MODIFIER,candidate-engine,/gurgaon/customised-collection,/gurgaon/custom-collection,1,Merged into the custom-intent canonical to prevent spelling and same-intent cannibalization.,NO
SAME_INTENT_MODIFIER,candidate-engine,/gurgaon/personalized-collection,/gurgaon/custom-collection,1,Merged into the custom-intent canonical to prevent spelling and same-intent cannibalization.,NO
SAME_INTENT_MODIFIER,candidate-engine,/faridabad/customised-collection,/faridabad/custom-collection,1,Merged into the custom-intent canonical to prevent spelling and same-intent cannibalization.,NO
SAME_INTENT_MODIFIER,candidate-engine,/faridabad/personalized-collection,/faridabad/custom-collection,1,Merged into the custom-intent canonical to prevent spelling and same-intent cannibalization.,NO
SAME_INTENT_MODIFIER,candidate-engine,/ghaziabad/customised-collection,/ghaziabad/custom-collection,1,Merged into the custom-intent canonical to prevent spelling and same-intent cannibalization.,NO
SAME_INTENT_MODIFIER,candidate-engine,/ghaziabad/personalized-collection,/ghaziabad/custom-collection,1,Merged into the custom-intent canonical to prevent spelling and same-intent cannibalization.,NO
SAME_INTENT_MODIFIER,candidate-engine,/haryana/customised-collection,/haryana/custom-collection,1,Merged into the custom-intent canonical to prevent spelling and same-intent cannibalization.,NO
SAME_INTENT_MODIFIER,candidate-engine,/haryana/personalized-collection,/haryana/custom-collection,1,Merged into the custom-intent canonical to prevent spelling and same-intent cannibalization.,NO
SAME_INTENT_MODIFIER,candidate-engine,/uttar-pradesh/customised-collection,/uttar-pradesh/custom-collection,1,Merged into the custom-intent canonical to prevent spelling and same-intent cannibalization.,NO
SAME_INTENT_MODIFIER,candidate-engine,/uttar-pradesh/personalized-collection,/uttar-pradesh/custom-collection,1,Merged into the custom-intent canonical to prevent spelling and same-intent cannibalization.,NO
SAME_INTENT_MODIFIER,candidate-engine,/maharashtra/customised-collection,/maharashtra/custom-collection,1,Merged into the custom-intent canonical to prevent spelling and same-intent cannibalization.,NO
SAME_INTENT_MODIFIER,candidate-engine,/maharashtra/personalized-collection,/maharashtra/custom-collection,1,Merged into the custom-intent canonical to prevent spelling and same-intent cannibalization.,NO
SAME_INTENT_MODIFIER,candidate-engine,/karnataka/customised-collection,/karnataka/custom-collection,1,Merged into the custom-intent canonical to prevent spelling and same-intent cannibalization.,NO
SAME_INTENT_MODIFIER,candidate-engine,/karnataka/personalized-collection,/karnataka/custom-collection,1,Merged into the custom-intent canonical to prevent spelling and same-intent cannibalization.,NO
SAME_INTENT_MODIFIER,candidate-engine,/tamil-nadu/customised-collection,/tamil-nadu/custom-collection,1,Merged into the custom-intent canonical to prevent spelling and same-intent cannibalization.,NO
SAME_INTENT_MODIFIER,candidate-engine,/tamil-nadu/personalized-collection,/tamil-nadu/custom-collection,1,Merged into the custom-intent canonical to prevent spelling and same-intent cannibalization.,NO
SAME_INTENT_MODIFIER,candidate-engine,/telangana/customised-collection,/telangana/custom-collection,1,Merged into the custom-intent canonical to prevent spelling and same-intent cannibalization.,NO
SAME_INTENT_MODIFIER,candidate-engine,/telangana/personalized-collection,/telangana/custom-collection,1,Merged into the custom-intent canonical to prevent spelling and same-intent cannibalization.,NO
SAME_INTENT_MODIFIER,candidate-engine,/west-bengal/customised-collection,/west-bengal/custom-collection,1,Merged into the custom-intent canonical to prevent spelling and same-intent cannibalization.,NO
SAME_INTENT_MODIFIER,candidate-engine,/west-bengal/personalized-collection,/west-bengal/custom-collection,1,Merged into the custom-intent canonical to prevent spelling and same-intent cannibalization.,NO
SAME_INTENT_MODIFIER,candidate-engine,/mumbai/customised-collection,/mumbai/custom-collection,1,Merged into the custom-intent canonical to prevent spelling and same-intent cannibalization.,NO
SAME_INTENT_MODIFIER,candidate-engine,/mumbai/personalized-collection,/mumbai/custom-collection,1,Merged into the custom-intent canonical to prevent spelling and same-intent cannibalization.,NO
SAME_INTENT_MODIFIER,candidate-engine,/pune/customised-collection,/pune/custom-collection,1,Merged into the custom-intent canonical to prevent spelling and same-intent cannibalization.,NO
SAME_INTENT_MODIFIER,candidate-engine,/pune/personalized-collection,/pune/custom-collection,1,Merged into the custom-intent canonical to prevent spelling and same-intent cannibalization.,NO
SAME_INTENT_MODIFIER,candidate-engine,/bengaluru/customised-collection,/bengaluru/custom-collection,1,Merged into the custom-intent canonical to prevent spelling and same-intent cannibalization.,NO
SAME_INTENT_MODIFIER,candidate-engine,/bengaluru/personalized-collection,/bengaluru/custom-collection,1,Merged into the custom-intent canonical to prevent spelling and same-intent cannibalization.,NO
SAME_INTENT_MODIFIER,candidate-engine,/hyderabad/customised-collection,/hyderabad/custom-collection,1,Merged into the custom-intent canonical to prevent spelling and same-intent cannibalization.,NO
SAME_INTENT_MODIFIER,candidate-engine,/hyderabad/personalized-collection,/hyderabad/custom-collection,1,Merged into the custom-intent canonical to prevent spelling and same-intent cannibalization.,NO
SAME_INTENT_MODIFIER,candidate-engine,/chennai/customised-collection,/chennai/custom-collection,1,Merged into the custom-intent canonical to prevent spelling and same-intent cannibalization.,NO
SAME_INTENT_MODIFIER,candidate-engine,/chennai/personalized-collection,/chennai/custom-collection,1,Merged into the custom-intent canonical to prevent spelling and same-intent cannibalization.,NO
SAME_INTENT_MODIFIER,candidate-engine,/kolkata/customised-collection,/kolkata/custom-collection,1,Merged into the custom-intent canonical to prevent spelling and same-intent cannibalization.,NO
SAME_INTENT_MODIFIER,candidate-engine,/kolkata/personalized-collection,/kolkata/custom-collection,1,Merged into the custom-intent canonical to prevent spelling and same-intent cannibalization.,NO
SAME_INTENT_MODIFIER,candidate-engine,/ahmedabad/customised-collection,/ahmedabad/custom-collection,1,Merged into the custom-intent canonical to prevent spelling and same-intent cannibalization.,NO
SAME_INTENT_MODIFIER,candidate-engine,/ahmedabad/personalized-collection,/ahmedabad/custom-collection,1,Merged into the custom-intent canonical to prevent spelling and same-intent cannibalization.,NO
SAME_INTENT_MODIFIER,candidate-engine,/lucknow/customised-collection,/lucknow/custom-collection,1,Merged into the custom-intent canonical to prevent spelling and same-intent cannibalization.,NO
SAME_INTENT_MODIFIER,candidate-engine,/lucknow/personalized-collection,/lucknow/custom-collection,1,Merged into the custom-intent canonical to prevent spelling and same-intent cannibalization.,NO
SAME_INTENT_MODIFIER,candidate-engine,/india/customised-welcome-kits,/india/custom-welcome-kits,1,Merged into the custom-intent canonical to prevent spelling and same-intent cannibalization.,NO
SAME_INTENT_MODIFIER,candidate-engine,/india/personalized-welcome-kits,/india/custom-welcome-kits,1,Merged into the custom-intent canonical to prevent spelling and same-intent cannibalization.,NO
SAME_INTENT_MODIFIER,candidate-engine,/delhi/customised-welcome-kits,/delhi/custom-welcome-kits,1,Merged into the custom-intent canonical to prevent spelling and same-intent cannibalization.,NO
SAME_INTENT_MODIFIER,candidate-engine,/delhi/personalized-welcome-kits,/delhi/custom-welcome-kits,1,Merged into the custom-intent canonical to prevent spelling and same-intent cannibalization.,NO
SAME_INTENT_MODIFIER,candidate-engine,/noida/customised-welcome-kits,/noida/custom-welcome-kits,1,Merged into the custom-intent canonical to prevent spelling and same-intent cannibalization.,NO
SAME_INTENT_MODIFIER,candidate-engine,/noida/personalized-welcome-kits,/noida/custom-welcome-kits,1,Merged into the custom-intent canonical to prevent spelling and same-intent cannibalization.,NO
SAME_INTENT_MODIFIER,candidate-engine,/greater-noida/customised-welcome-kits,/greater-noida/custom-welcome-kits,1,Merged into the custom-intent canonical to prevent spelling and same-intent cannibalization.,NO
SAME_INTENT_MODIFIER,candidate-engine,/greater-noida/personalized-welcome-kits,/greater-noida/custom-welcome-kits,1,Merged into the custom-intent canonical to prevent spelling and same-intent cannibalization.,NO
SAME_INTENT_MODIFIER,candidate-engine,/gurgaon/customised-welcome-kits,/gurgaon/custom-welcome-kits,1,Merged into the custom-intent canonical to prevent spelling and same-intent cannibalization.,NO
SAME_INTENT_MODIFIER,candidate-engine,/gurgaon/personalized-welcome-kits,/gurgaon/custom-welcome-kits,1,Merged into the custom-intent canonical to prevent spelling and same-intent cannibalization.,NO
SAME_INTENT_MODIFIER,candidate-engine,/faridabad/customised-welcome-kits,/faridabad/custom-welcome-kits,1,Merged into the custom-intent canonical to prevent spelling and same-intent cannibalization.,NO
SAME_INTENT_MODIFIER,candidate-engine,/faridabad/personalized-welcome-kits,/faridabad/custom-welcome-kits,1,Merged into the custom-intent canonical to prevent spelling and same-intent cannibalization.,NO
SAME_INTENT_MODIFIER,candidate-engine,/ghaziabad/customised-welcome-kits,/ghaziabad/custom-welcome-kits,1,Merged into the custom-intent canonical to prevent spelling and same-intent cannibalization.,NO
SAME_INTENT_MODIFIER,candidate-engine,/ghaziabad/personalized-welcome-kits,/ghaziabad/custom-welcome-kits,1,Merged into the custom-intent canonical to prevent spelling and same-intent cannibalization.,NO
SAME_INTENT_MODIFIER,candidate-engine,/haryana/customised-welcome-kits,/haryana/custom-welcome-kits,1,Merged into the custom-intent canonical to prevent spelling and same-intent cannibalization.,NO
SAME_INTENT_MODIFIER,candidate-engine,/haryana/personalized-welcome-kits,/haryana/custom-welcome-kits,1,Merged into the custom-intent canonical to prevent spelling and same-intent cannibalization.,NO
SAME_INTENT_MODIFIER,candidate-engine,/uttar-pradesh/customised-welcome-kits,/uttar-pradesh/custom-welcome-kits,1,Merged into the custom-intent canonical to prevent spelling and same-intent cannibalization.,NO
SAME_INTENT_MODIFIER,candidate-engine,/uttar-pradesh/personalized-welcome-kits,/uttar-pradesh/custom-welcome-kits,1,Merged into the custom-intent canonical to prevent spelling and same-intent cannibalization.,NO
SAME_INTENT_MODIFIER,candidate-engine,/maharashtra/customised-welcome-kits,/maharashtra/custom-welcome-kits,1,Merged into the custom-intent canonical to prevent spelling and same-intent cannibalization.,NO
SAME_INTENT_MODIFIER,candidate-engine,/maharashtra/personalized-welcome-kits,/maharashtra/custom-welcome-kits,1,Merged into the custom-intent canonical to prevent spelling and same-intent cannibalization.,NO
SAME_INTENT_MODIFIER,candidate-engine,/karnataka/customised-welcome-kits,/karnataka/custom-welcome-kits,1,Merged into the custom-intent canonical to prevent spelling and same-intent cannibalization.,NO
SAME_INTENT_MODIFIER,candidate-engine,/karnataka/personalized-welcome-kits,/karnataka/custom-welcome-kits,1,Merged into the custom-intent canonical to prevent spelling and same-intent cannibalization.,NO
SAME_INTENT_MODIFIER,candidate-engine,/tamil-nadu/customised-welcome-kits,/tamil-nadu/custom-welcome-kits,1,Merged into the custom-intent canonical to prevent spelling and same-intent cannibalization.,NO
SAME_INTENT_MODIFIER,candidate-engine,/tamil-nadu/personalized-welcome-kits,/tamil-nadu/custom-welcome-kits,1,Merged into the custom-intent canonical to prevent spelling and same-intent cannibalization.,NO
SAME_INTENT_MODIFIER,candidate-engine,/telangana/customised-welcome-kits,/telangana/custom-welcome-kits,1,Merged into the custom-intent canonical to prevent spelling and same-intent cannibalization.,NO
SAME_INTENT_MODIFIER,candidate-engine,/telangana/personalized-welcome-kits,/telangana/custom-welcome-kits,1,Merged into the custom-intent canonical to prevent spelling and same-intent cannibalization.,NO
SAME_INTENT_MODIFIER,candidate-engine,/west-bengal/customised-welcome-kits,/west-bengal/custom-welcome-kits,1,Merged into the custom-intent canonical to prevent spelling and same-intent cannibalization.,NO
SAME_INTENT_MODIFIER,candidate-engine,/west-bengal/personalized-welcome-kits,/west-bengal/custom-welcome-kits,1,Merged into the custom-intent canonical to prevent spelling and same-intent cannibalization.,NO
SAME_INTENT_MODIFIER,candidate-engine,/mumbai/customised-welcome-kits,/mumbai/custom-welcome-kits,1,Merged into the custom-intent canonical to prevent spelling and same-intent cannibalization.,NO
SAME_INTENT_MODIFIER,candidate-engine,/mumbai/personalized-welcome-kits,/mumbai/custom-welcome-kits,1,Merged into the custom-intent canonical to prevent spelling and same-intent cannibalization.,NO
SAME_INTENT_MODIFIER,candidate-engine,/pune/customised-welcome-kits,/pune/custom-welcome-kits,1,Merged into the custom-intent canonical to prevent spelling and same-intent cannibalization.,NO
SAME_INTENT_MODIFIER,candidate-engine,/pune/personalized-welcome-kits,/pune/custom-welcome-kits,1,Merged into the custom-intent canonical to prevent spelling and same-intent cannibalization.,NO
SAME_INTENT_MODIFIER,candidate-engine,/bengaluru/customised-welcome-kits,/bengaluru/custom-welcome-kits,1,Merged into the custom-intent canonical to prevent spelling and same-intent cannibalization.,NO
SAME_INTENT_MODIFIER,candidate-engine,/bengaluru/personalized-welcome-kits,/bengaluru/custom-welcome-kits,1,Merged into the custom-intent canonical to prevent spelling and same-intent cannibalization.,NO
SAME_INTENT_MODIFIER,candidate-engine,/hyderabad/customised-welcome-kits,/hyderabad/custom-welcome-kits,1,Merged into the custom-intent canonical to prevent spelling and same-intent cannibalization.,NO
SAME_INTENT_MODIFIER,candidate-engine,/hyderabad/personalized-welcome-kits,/hyderabad/custom-welcome-kits,1,Merged into the custom-intent canonical to prevent spelling and same-intent cannibalization.,NO
SAME_INTENT_MODIFIER,candidate-engine,/chennai/customised-welcome-kits,/chennai/custom-welcome-kits,1,Merged into the custom-intent canonical to prevent spelling and same-intent cannibalization.,NO
SAME_INTENT_MODIFIER,candidate-engine,/chennai/personalized-welcome-kits,/chennai/custom-welcome-kits,1,Merged into the custom-intent canonical to prevent spelling and same-intent cannibalization.,NO
SAME_INTENT_MODIFIER,candidate-engine,/kolkata/customised-welcome-kits,/kolkata/custom-welcome-kits,1,Merged into the custom-intent canonical to prevent spelling and same-intent cannibalization.,NO
SAME_INTENT_MODIFIER,candidate-engine,/kolkata/personalized-welcome-kits,/kolkata/custom-welcome-kits,1,Merged into the custom-intent canonical to prevent spelling and same-intent cannibalization.,NO
SAME_INTENT_MODIFIER,candidate-engine,/ahmedabad/customised-welcome-kits,/ahmedabad/custom-welcome-kits,1,Merged into the custom-intent canonical to prevent spelling and same-intent cannibalization.,NO
SAME_INTENT_MODIFIER,candidate-engine,/ahmedabad/personalized-welcome-kits,/ahmedabad/custom-welcome-kits,1,Merged into the custom-intent canonical to prevent spelling and same-intent cannibalization.,NO
SAME_INTENT_MODIFIER,candidate-engine,/lucknow/customised-welcome-kits,/lucknow/custom-welcome-kits,1,Merged into the custom-intent canonical to prevent spelling and same-intent cannibalization.,NO
SAME_INTENT_MODIFIER,candidate-engine,/lucknow/personalized-welcome-kits,/lucknow/custom-welcome-kits,1,Merged into the custom-intent canonical to prevent spelling and same-intent cannibalization.,NO
SAME_INTENT_MODIFIER,candidate-engine,/india/customised-promotional-clocks,/india/custom-promotional-clocks,1,Merged into the custom-intent canonical to prevent spelling and same-intent cannibalization.,NO
SAME_INTENT_MODIFIER,candidate-engine,/india/personalized-promotional-clocks,/india/custom-promotional-clocks,1,Merged into the custom-intent canonical to prevent spelling and same-intent cannibalization.,NO
SAME_INTENT_MODIFIER,candidate-engine,/delhi/customised-promotional-clocks,/delhi/custom-promotional-clocks,1,Merged into the custom-intent canonical to prevent spelling and same-intent cannibalization.,NO
SAME_INTENT_MODIFIER,candidate-engine,/delhi/personalized-promotional-clocks,/delhi/custom-promotional-clocks,1,Merged into the custom-intent canonical to prevent spelling and same-intent cannibalization.,NO
SAME_INTENT_MODIFIER,candidate-engine,/noida/customised-promotional-clocks,/noida/custom-promotional-clocks,1,Merged into the custom-intent canonical to prevent spelling and same-intent cannibalization.,NO
SAME_INTENT_MODIFIER,candidate-engine,/noida/personalized-promotional-clocks,/noida/custom-promotional-clocks,1,Merged into the custom-intent canonical to prevent spelling and same-intent cannibalization.,NO
SAME_INTENT_MODIFIER,candidate-engine,/greater-noida/customised-promotional-clocks,/greater-noida/custom-promotional-clocks,1,Merged into the custom-intent canonical to prevent spelling and same-intent cannibalization.,NO
SAME_INTENT_MODIFIER,candidate-engine,/greater-noida/personalized-promotional-clocks,/greater-noida/custom-promotional-clocks,1,Merged into the custom-intent canonical to prevent spelling and same-intent cannibalization.,NO
SAME_INTENT_MODIFIER,candidate-engine,/gurgaon/customised-promotional-clocks,/gurgaon/custom-promotional-clocks,1,Merged into the custom-intent canonical to prevent spelling and same-intent cannibalization.,NO
SAME_INTENT_MODIFIER,candidate-engine,/gurgaon/personalized-promotional-clocks,/gurgaon/custom-promotional-clocks,1,Merged into the custom-intent canonical to prevent spelling and same-intent cannibalization.,NO
SAME_INTENT_MODIFIER,candidate-engine,/faridabad/customised-promotional-clocks,/faridabad/custom-promotional-clocks,1,Merged into the custom-intent canonical to prevent spelling and same-intent cannibalization.,NO
SAME_INTENT_MODIFIER,candidate-engine,/faridabad/personalized-promotional-clocks,/faridabad/custom-promotional-clocks,1,Merged into the custom-intent canonical to prevent spelling and same-intent cannibalization.,NO
SAME_INTENT_MODIFIER,candidate-engine,/ghaziabad/customised-promotional-clocks,/ghaziabad/custom-promotional-clocks,1,Merged into the custom-intent canonical to prevent spelling and same-intent cannibalization.,NO
SAME_INTENT_MODIFIER,candidate-engine,/ghaziabad/personalized-promotional-clocks,/ghaziabad/custom-promotional-clocks,1,Merged into the custom-intent canonical to prevent spelling and same-intent cannibalization.,NO
SAME_INTENT_MODIFIER,candidate-engine,/haryana/customised-promotional-clocks,/haryana/custom-promotional-clocks,1,Merged into the custom-intent canonical to prevent spelling and same-intent cannibalization.,NO
SAME_INTENT_MODIFIER,candidate-engine,/haryana/personalized-promotional-clocks,/haryana/custom-promotional-clocks,1,Merged into the custom-intent canonical to prevent spelling and same-intent cannibalization.,NO
SAME_INTENT_MODIFIER,candidate-engine,/uttar-pradesh/customised-promotional-clocks,/uttar-pradesh/custom-promotional-clocks,1,Merged into the custom-intent canonical to prevent spelling and same-intent cannibalization.,NO
SAME_INTENT_MODIFIER,candidate-engine,/uttar-pradesh/personalized-promotional-clocks,/uttar-pradesh/custom-promotional-clocks,1,Merged into the custom-intent canonical to prevent spelling and same-intent cannibalization.,NO
SAME_INTENT_MODIFIER,candidate-engine,/maharashtra/customised-promotional-clocks,/maharashtra/custom-promotional-clocks,1,Merged into the custom-intent canonical to prevent spelling and same-intent cannibalization.,NO
SAME_INTENT_MODIFIER,candidate-engine,/maharashtra/personalized-promotional-clocks,/maharashtra/custom-promotional-clocks,1,Merged into the custom-intent canonical to prevent spelling and same-intent cannibalization.,NO
SAME_INTENT_MODIFIER,candidate-engine,/karnataka/customised-promotional-clocks,/karnataka/custom-promotional-clocks,1,Merged into the custom-intent canonical to prevent spelling and same-intent cannibalization.,NO
SAME_INTENT_MODIFIER,candidate-engine,/karnataka/personalized-promotional-clocks,/karnataka/custom-promotional-clocks,1,Merged into the custom-intent canonical to prevent spelling and same-intent cannibalization.,NO
SAME_INTENT_MODIFIER,candidate-engine,/tamil-nadu/customised-promotional-clocks,/tamil-nadu/custom-promotional-clocks,1,Merged into the custom-intent canonical to prevent spelling and same-intent cannibalization.,NO
SAME_INTENT_MODIFIER,candidate-engine,/tamil-nadu/personalized-promotional-clocks,/tamil-nadu/custom-promotional-clocks,1,Merged into the custom-intent canonical to prevent spelling and same-intent cannibalization.,NO
SAME_INTENT_MODIFIER,candidate-engine,/telangana/customised-promotional-clocks,/telangana/custom-promotional-clocks,1,Merged into the custom-intent canonical to prevent spelling and same-intent cannibalization.,NO
SAME_INTENT_MODIFIER,candidate-engine,/telangana/personalized-promotional-clocks,/telangana/custom-promotional-clocks,1,Merged into the custom-intent canonical to prevent spelling and same-intent cannibalization.,NO
SAME_INTENT_MODIFIER,candidate-engine,/west-bengal/customised-promotional-clocks,/west-bengal/custom-promotional-clocks,1,Merged into the custom-intent canonical to prevent spelling and same-intent cannibalization.,NO
SAME_INTENT_MODIFIER,candidate-engine,/west-bengal/personalized-promotional-clocks,/west-bengal/custom-promotional-clocks,1,Merged into the custom-intent canonical to prevent spelling and same-intent cannibalization.,NO
SAME_INTENT_MODIFIER,candidate-engine,/mumbai/customised-promotional-clocks,/mumbai/custom-promotional-clocks,1,Merged into the custom-intent canonical to prevent spelling and same-intent cannibalization.,NO
SAME_INTENT_MODIFIER,candidate-engine,/mumbai/personalized-promotional-clocks,/mumbai/custom-promotional-clocks,1,Merged into the custom-intent canonical to prevent spelling and same-intent cannibalization.,NO
SAME_INTENT_MODIFIER,candidate-engine,/pune/customised-promotional-clocks,/pune/custom-promotional-clocks,1,Merged into the custom-intent canonical to prevent spelling and same-intent cannibalization.,NO
SAME_INTENT_MODIFIER,candidate-engine,/pune/personalized-promotional-clocks,/pune/custom-promotional-clocks,1,Merged into the custom-intent canonical to prevent spelling and same-intent cannibalization.,NO
SAME_INTENT_MODIFIER,candidate-engine,/bengaluru/customised-promotional-clocks,/bengaluru/custom-promotional-clocks,1,Merged into the custom-intent canonical to prevent spelling and same-intent cannibalization.,NO
SAME_INTENT_MODIFIER,candidate-engine,/bengaluru/personalized-promotional-clocks,/bengaluru/custom-promotional-clocks,1,Merged into the custom-intent canonical to prevent spelling and same-intent cannibalization.,NO
SAME_INTENT_MODIFIER,candidate-engine,/hyderabad/customised-promotional-clocks,/hyderabad/custom-promotional-clocks,1,Merged into the custom-intent canonical to prevent spelling and same-intent cannibalization.,NO
SAME_INTENT_MODIFIER,candidate-engine,/hyderabad/personalized-promotional-clocks,/hyderabad/custom-promotional-clocks,1,Merged into the custom-intent canonical to prevent spelling and same-intent cannibalization.,NO
SAME_INTENT_MODIFIER,candidate-engine,/chennai/customised-promotional-clocks,/chennai/custom-promotional-clocks,1,Merged into the custom-intent canonical to prevent spelling and same-intent cannibalization.,NO
SAME_INTENT_MODIFIER,candidate-engine,/chennai/personalized-promotional-clocks,/chennai/custom-promotional-clocks,1,Merged into the custom-intent canonical to prevent spelling and same-intent cannibalization.,NO
SAME_INTENT_MODIFIER,candidate-engine,/kolkata/customised-promotional-clocks,/kolkata/custom-promotional-clocks,1,Merged into the custom-intent canonical to prevent spelling and same-intent cannibalization.,NO
SAME_INTENT_MODIFIER,candidate-engine,/kolkata/personalized-promotional-clocks,/kolkata/custom-promotional-clocks,1,Merged into the custom-intent canonical to prevent spelling and same-intent cannibalization.,NO
SAME_INTENT_MODIFIER,candidate-engine,/ahmedabad/customised-promotional-clocks,/ahmedabad/custom-promotional-clocks,1,Merged into the custom-intent canonical to prevent spelling and same-intent cannibalization.,NO
SAME_INTENT_MODIFIER,candidate-engine,/ahmedabad/personalized-promotional-clocks,/ahmedabad/custom-promotional-clocks,1,Merged into the custom-intent canonical to prevent spelling and same-intent cannibalization.,NO
SAME_INTENT_MODIFIER,candidate-engine,/lucknow/customised-promotional-clocks,/lucknow/custom-promotional-clocks,1,Merged into the custom-intent canonical to prevent spelling and same-intent cannibalization.,NO
SAME_INTENT_MODIFIER,candidate-engine,/lucknow/personalized-promotional-clocks,/lucknow/custom-promotional-clocks,1,Merged into the custom-intent canonical to prevent spelling and same-intent cannibalization.,NO
SAME_INTENT_MODIFIER,candidate-engine,/india/customised-keychains,/india/custom-keychains,1,Merged into the custom-intent canonical to prevent spelling and same-intent cannibalization.,NO
SAME_INTENT_MODIFIER,candidate-engine,/india/personalized-keychains,/india/custom-keychains,1,Merged into the custom-intent canonical to prevent spelling and same-intent cannibalization.,NO
SAME_INTENT_MODIFIER,candidate-engine,/delhi/customised-keychains,/delhi/custom-keychains,1,Merged into the custom-intent canonical to prevent spelling and same-intent cannibalization.,NO
SAME_INTENT_MODIFIER,candidate-engine,/delhi/personalized-keychains,/delhi/custom-keychains,1,Merged into the custom-intent canonical to prevent spelling and same-intent cannibalization.,NO
SAME_INTENT_MODIFIER,candidate-engine,/noida/customised-keychains,/noida/custom-keychains,1,Merged into the custom-intent canonical to prevent spelling and same-intent cannibalization.,NO
SAME_INTENT_MODIFIER,candidate-engine,/noida/personalized-keychains,/noida/custom-keychains,1,Merged into the custom-intent canonical to prevent spelling and same-intent cannibalization.,NO
SAME_INTENT_MODIFIER,candidate-engine,/greater-noida/customised-keychains,/greater-noida/custom-keychains,1,Merged into the custom-intent canonical to prevent spelling and same-intent cannibalization.,NO
SAME_INTENT_MODIFIER,candidate-engine,/greater-noida/personalized-keychains,/greater-noida/custom-keychains,1,Merged into the custom-intent canonical to prevent spelling and same-intent cannibalization.,NO
SAME_INTENT_MODIFIER,candidate-engine,/gurgaon/customised-keychains,/gurgaon/custom-keychains,1,Merged into the custom-intent canonical to prevent spelling and same-intent cannibalization.,NO
SAME_INTENT_MODIFIER,candidate-engine,/gurgaon/personalized-keychains,/gurgaon/custom-keychains,1,Merged into the custom-intent canonical to prevent spelling and same-intent cannibalization.,NO
SAME_INTENT_MODIFIER,candidate-engine,/faridabad/customised-keychains,/faridabad/custom-keychains,1,Merged into the custom-intent canonical to prevent spelling and same-intent cannibalization.,NO
SAME_INTENT_MODIFIER,candidate-engine,/faridabad/personalized-keychains,/faridabad/custom-keychains,1,Merged into the custom-intent canonical to prevent spelling and same-intent cannibalization.,NO
SAME_INTENT_MODIFIER,candidate-engine,/ghaziabad/customised-keychains,/ghaziabad/custom-keychains,1,Merged into the custom-intent canonical to prevent spelling and same-intent cannibalization.,NO
SAME_INTENT_MODIFIER,candidate-engine,/ghaziabad/personalized-keychains,/ghaziabad/custom-keychains,1,Merged into the custom-intent canonical to prevent spelling and same-intent cannibalization.,NO
SAME_INTENT_MODIFIER,candidate-engine,/haryana/customised-keychains,/haryana/custom-keychains,1,Merged into the custom-intent canonical to prevent spelling and same-intent cannibalization.,NO
SAME_INTENT_MODIFIER,candidate-engine,/haryana/personalized-keychains,/haryana/custom-keychains,1,Merged into the custom-intent canonical to prevent spelling and same-intent cannibalization.,NO
SAME_INTENT_MODIFIER,candidate-engine,/uttar-pradesh/customised-keychains,/uttar-pradesh/custom-keychains,1,Merged into the custom-intent canonical to prevent spelling and same-intent cannibalization.,NO
SAME_INTENT_MODIFIER,candidate-engine,/uttar-pradesh/personalized-keychains,/uttar-pradesh/custom-keychains,1,Merged into the custom-intent canonical to prevent spelling and same-intent cannibalization.,NO
SAME_INTENT_MODIFIER,candidate-engine,/maharashtra/customised-keychains,/maharashtra/custom-keychains,1,Merged into the custom-intent canonical to prevent spelling and same-intent cannibalization.,NO
SAME_INTENT_MODIFIER,candidate-engine,/maharashtra/personalized-keychains,/maharashtra/custom-keychains,1,Merged into the custom-intent canonical to prevent spelling and same-intent cannibalization.,NO
SAME_INTENT_MODIFIER,candidate-engine,/karnataka/customised-keychains,/karnataka/custom-keychains,1,Merged into the custom-intent canonical to prevent spelling and same-intent cannibalization.,NO
SAME_INTENT_MODIFIER,candidate-engine,/karnataka/personalized-keychains,/karnataka/custom-keychains,1,Merged into the custom-intent canonical to prevent spelling and same-intent cannibalization.,NO
SAME_INTENT_MODIFIER,candidate-engine,/tamil-nadu/customised-keychains,/tamil-nadu/custom-keychains,1,Merged into the custom-intent canonical to prevent spelling and same-intent cannibalization.,NO
SAME_INTENT_MODIFIER,candidate-engine,/tamil-nadu/personalized-keychains,/tamil-nadu/custom-keychains,1,Merged into the custom-intent canonical to prevent spelling and same-intent cannibalization.,NO
SAME_INTENT_MODIFIER,candidate-engine,/telangana/customised-keychains,/telangana/custom-keychains,1,Merged into the custom-intent canonical to prevent spelling and same-intent cannibalization.,NO
SAME_INTENT_MODIFIER,candidate-engine,/telangana/personalized-keychains,/telangana/custom-keychains,1,Merged into the custom-intent canonical to prevent spelling and same-intent cannibalization.,NO
SAME_INTENT_MODIFIER,candidate-engine,/west-bengal/customised-keychains,/west-bengal/custom-keychains,1,Merged into the custom-intent canonical to prevent spelling and same-intent cannibalization.,NO
SAME_INTENT_MODIFIER,candidate-engine,/west-bengal/personalized-keychains,/west-bengal/custom-keychains,1,Merged into the custom-intent canonical to prevent spelling and same-intent cannibalization.,NO
SAME_INTENT_MODIFIER,candidate-engine,/mumbai/customised-keychains,/mumbai/custom-keychains,1,Merged into the custom-intent canonical to prevent spelling and same-intent cannibalization.,NO
SAME_INTENT_MODIFIER,candidate-engine,/mumbai/personalized-keychains,/mumbai/custom-keychains,1,Merged into the custom-intent canonical to prevent spelling and same-intent cannibalization.,NO
SAME_INTENT_MODIFIER,candidate-engine,/pune/customised-keychains,/pune/custom-keychains,1,Merged into the custom-intent canonical to prevent spelling and same-intent cannibalization.,NO
SAME_INTENT_MODIFIER,candidate-engine,/pune/personalized-keychains,/pune/custom-keychains,1,Merged into the custom-intent canonical to prevent spelling and same-intent cannibalization.,NO
SAME_INTENT_MODIFIER,candidate-engine,/bengaluru/customised-keychains,/bengaluru/custom-keychains,1,Merged into the custom-intent canonical to prevent spelling and same-intent cannibalization.,NO
SAME_INTENT_MODIFIER,candidate-engine,/bengaluru/personalized-keychains,/bengaluru/custom-keychains,1,Merged into the custom-intent canonical to prevent spelling and same-intent cannibalization.,NO
SAME_INTENT_MODIFIER,candidate-engine,/hyderabad/customised-keychains,/hyderabad/custom-keychains,1,Merged into the custom-intent canonical to prevent spelling and same-intent cannibalization.,NO
SAME_INTENT_MODIFIER,candidate-engine,/hyderabad/personalized-keychains,/hyderabad/custom-keychains,1,Merged into the custom-intent canonical to prevent spelling and same-intent cannibalization.,NO
SAME_INTENT_MODIFIER,candidate-engine,/chennai/customised-keychains,/chennai/custom-keychains,1,Merged into the custom-intent canonical to prevent spelling and same-intent cannibalization.,NO
SAME_INTENT_MODIFIER,candidate-engine,/chennai/personalized-keychains,/chennai/custom-keychains,1,Merged into the custom-intent canonical to prevent spelling and same-intent cannibalization.,NO
SAME_INTENT_MODIFIER,candidate-engine,/kolkata/customised-keychains,/kolkata/custom-keychains,1,Merged into the custom-intent canonical to prevent spelling and same-intent cannibalization.,NO
SAME_INTENT_MODIFIER,candidate-engine,/kolkata/personalized-keychains,/kolkata/custom-keychains,1,Merged into the custom-intent canonical to prevent spelling and same-intent cannibalization.,NO
SAME_INTENT_MODIFIER,candidate-engine,/ahmedabad/customised-keychains,/ahmedabad/custom-keychains,1,Merged into the custom-intent canonical to prevent spelling and same-intent cannibalization.,NO
SAME_INTENT_MODIFIER,candidate-engine,/ahmedabad/personalized-keychains,/ahmedabad/custom-keychains,1,Merged into the custom-intent canonical to prevent spelling and same-intent cannibalization.,NO
SAME_INTENT_MODIFIER,candidate-engine,/lucknow/customised-keychains,/lucknow/custom-keychains,1,Merged into the custom-intent canonical to prevent spelling and same-intent cannibalization.,NO
SAME_INTENT_MODIFIER,candidate-engine,/lucknow/personalized-keychains,/lucknow/custom-keychains,1,Merged into the custom-intent canonical to prevent spelling and same-intent cannibalization.,NO
SAME_INTENT_MODIFIER,candidate-engine,/india/customised-bags-and-travel,/india/custom-bags-and-travel,1,Merged into the custom-intent canonical to prevent spelling and same-intent cannibalization.,NO
SAME_INTENT_MODIFIER,candidate-engine,/india/personalized-bags-and-travel,/india/custom-bags-and-travel,1,Merged into the custom-intent canonical to prevent spelling and same-intent cannibalization.,NO
SAME_INTENT_MODIFIER,candidate-engine,/delhi/customised-bags-and-travel,/delhi/custom-bags-and-travel,1,Merged into the custom-intent canonical to prevent spelling and same-intent cannibalization.,NO
SAME_INTENT_MODIFIER,candidate-engine,/delhi/personalized-bags-and-travel,/delhi/custom-bags-and-travel,1,Merged into the custom-intent canonical to prevent spelling and same-intent cannibalization.,NO
SAME_INTENT_MODIFIER,candidate-engine,/noida/customised-bags-and-travel,/noida/custom-bags-and-travel,1,Merged into the custom-intent canonical to prevent spelling and same-intent cannibalization.,NO
SAME_INTENT_MODIFIER,candidate-engine,/noida/personalized-bags-and-travel,/noida/custom-bags-and-travel,1,Merged into the custom-intent canonical to prevent spelling and same-intent cannibalization.,NO
SAME_INTENT_MODIFIER,candidate-engine,/greater-noida/customised-bags-and-travel,/greater-noida/custom-bags-and-travel,1,Merged into the custom-intent canonical to prevent spelling and same-intent cannibalization.,NO
SAME_INTENT_MODIFIER,candidate-engine,/greater-noida/personalized-bags-and-travel,/greater-noida/custom-bags-and-travel,1,Merged into the custom-intent canonical to prevent spelling and same-intent cannibalization.,NO
SAME_INTENT_MODIFIER,candidate-engine,/gurgaon/customised-bags-and-travel,/gurgaon/custom-bags-and-travel,1,Merged into the custom-intent canonical to prevent spelling and same-intent cannibalization.,NO
SAME_INTENT_MODIFIER,candidate-engine,/gurgaon/personalized-bags-and-travel,/gurgaon/custom-bags-and-travel,1,Merged into the custom-intent canonical to prevent spelling and same-intent cannibalization.,NO
SAME_INTENT_MODIFIER,candidate-engine,/faridabad/customised-bags-and-travel,/faridabad/custom-bags-and-travel,1,Merged into the custom-intent canonical to prevent spelling and same-intent cannibalization.,NO
SAME_INTENT_MODIFIER,candidate-engine,/faridabad/personalized-bags-and-travel,/faridabad/custom-bags-and-travel,1,Merged into the custom-intent canonical to prevent spelling and same-intent cannibalization.,NO
SAME_INTENT_MODIFIER,candidate-engine,/ghaziabad/customised-bags-and-travel,/ghaziabad/custom-bags-and-travel,1,Merged into the custom-intent canonical to prevent spelling and same-intent cannibalization.,NO
SAME_INTENT_MODIFIER,candidate-engine,/ghaziabad/personalized-bags-and-travel,/ghaziabad/custom-bags-and-travel,1,Merged into the custom-intent canonical to prevent spelling and same-intent cannibalization.,NO
SAME_INTENT_MODIFIER,candidate-engine,/haryana/customised-bags-and-travel,/haryana/custom-bags-and-travel,1,Merged into the custom-intent canonical to prevent spelling and same-intent cannibalization.,NO
SAME_INTENT_MODIFIER,candidate-engine,/haryana/personalized-bags-and-travel,/haryana/custom-bags-and-travel,1,Merged into the custom-intent canonical to prevent spelling and same-intent cannibalization.,NO
SAME_INTENT_MODIFIER,candidate-engine,/uttar-pradesh/customised-bags-and-travel,/uttar-pradesh/custom-bags-and-travel,1,Merged into the custom-intent canonical to prevent spelling and same-intent cannibalization.,NO
SAME_INTENT_MODIFIER,candidate-engine,/uttar-pradesh/personalized-bags-and-travel,/uttar-pradesh/custom-bags-and-travel,1,Merged into the custom-intent canonical to prevent spelling and same-intent cannibalization.,NO
SAME_INTENT_MODIFIER,candidate-engine,/maharashtra/customised-bags-and-travel,/maharashtra/custom-bags-and-travel,1,Merged into the custom-intent canonical to prevent spelling and same-intent cannibalization.,NO
SAME_INTENT_MODIFIER,candidate-engine,/maharashtra/personalized-bags-and-travel,/maharashtra/custom-bags-and-travel,1,Merged into the custom-intent canonical to prevent spelling and same-intent cannibalization.,NO
SAME_INTENT_MODIFIER,candidate-engine,/karnataka/customised-bags-and-travel,/karnataka/custom-bags-and-travel,1,Merged into the custom-intent canonical to prevent spelling and same-intent cannibalization.,NO
SAME_INTENT_MODIFIER,candidate-engine,/karnataka/personalized-bags-and-travel,/karnataka/custom-bags-and-travel,1,Merged into the custom-intent canonical to prevent spelling and same-intent cannibalization.,NO
SAME_INTENT_MODIFIER,candidate-engine,/tamil-nadu/customised-bags-and-travel,/tamil-nadu/custom-bags-and-travel,1,Merged into the custom-intent canonical to prevent spelling and same-intent cannibalization.,NO
SAME_INTENT_MODIFIER,candidate-engine,/tamil-nadu/personalized-bags-and-travel,/tamil-nadu/custom-bags-and-travel,1,Merged into the custom-intent canonical to prevent spelling and same-intent cannibalization.,NO
SAME_INTENT_MODIFIER,candidate-engine,/telangana/customised-bags-and-travel,/telangana/custom-bags-and-travel,1,Merged into the custom-intent canonical to prevent spelling and same-intent cannibalization.,NO
SAME_INTENT_MODIFIER,candidate-engine,/telangana/personalized-bags-and-travel,/telangana/custom-bags-and-travel,1,Merged into the custom-intent canonical to prevent spelling and same-intent cannibalization.,NO
SAME_INTENT_MODIFIER,candidate-engine,/west-bengal/customised-bags-and-travel,/west-bengal/custom-bags-and-travel,1,Merged into the custom-intent canonical to prevent spelling and same-intent cannibalization.,NO
SAME_INTENT_MODIFIER,candidate-engine,/west-bengal/personalized-bags-and-travel,/west-bengal/custom-bags-and-travel,1,Merged into the custom-intent canonical to prevent spelling and same-intent cannibalization.,NO
SAME_INTENT_MODIFIER,candidate-engine,/mumbai/customised-bags-and-travel,/mumbai/custom-bags-and-travel,1,Merged into the custom-intent canonical to prevent spelling and same-intent cannibalization.,NO
SAME_INTENT_MODIFIER,candidate-engine,/mumbai/personalized-bags-and-travel,/mumbai/custom-bags-and-travel,1,Merged into the custom-intent canonical to prevent spelling and same-intent cannibalization.,NO
SAME_INTENT_MODIFIER,candidate-engine,/pune/customised-bags-and-travel,/pune/custom-bags-and-travel,1,Merged into the custom-intent canonical to prevent spelling and same-intent cannibalization.,NO
SAME_INTENT_MODIFIER,candidate-engine,/pune/personalized-bags-and-travel,/pune/custom-bags-and-travel,1,Merged into the custom-intent canonical to prevent spelling and same-intent cannibalization.,NO
SAME_INTENT_MODIFIER,candidate-engine,/bengaluru/customised-bags-and-travel,/bengaluru/custom-bags-and-travel,1,Merged into the custom-intent canonical to prevent spelling and same-intent cannibalization.,NO
SAME_INTENT_MODIFIER,candidate-engine,/bengaluru/personalized-bags-and-travel,/bengaluru/custom-bags-and-travel,1,Merged into the custom-intent canonical to prevent spelling and same-intent cannibalization.,NO
SAME_INTENT_MODIFIER,candidate-engine,/hyderabad/customised-bags-and-travel,/hyderabad/custom-bags-and-travel,1,Merged into the custom-intent canonical to prevent spelling and same-intent cannibalization.,NO
SAME_INTENT_MODIFIER,candidate-engine,/hyderabad/personalized-bags-and-travel,/hyderabad/custom-bags-and-travel,1,Merged into the custom-intent canonical to prevent spelling and same-intent cannibalization.,NO
SAME_INTENT_MODIFIER,candidate-engine,/chennai/customised-bags-and-travel,/chennai/custom-bags-and-travel,1,Merged into the custom-intent canonical to prevent spelling and same-intent cannibalization.,NO
SAME_INTENT_MODIFIER,candidate-engine,/chennai/personalized-bags-and-travel,/chennai/custom-bags-and-travel,1,Merged into the custom-intent canonical to prevent spelling and same-intent cannibalization.,NO
SAME_INTENT_MODIFIER,candidate-engine,/kolkata/customised-bags-and-travel,/kolkata/custom-bags-and-travel,1,Merged into the custom-intent canonical to prevent spelling and same-intent cannibalization.,NO
SAME_INTENT_MODIFIER,candidate-engine,/kolkata/personalized-bags-and-travel,/kolkata/custom-bags-and-travel,1,Merged into the custom-intent canonical to prevent spelling and same-intent cannibalization.,NO
SAME_INTENT_MODIFIER,candidate-engine,/ahmedabad/customised-bags-and-travel,/ahmedabad/custom-bags-and-travel,1,Merged into the custom-intent canonical to prevent spelling and same-intent cannibalization.,NO
SAME_INTENT_MODIFIER,candidate-engine,/ahmedabad/personalized-bags-and-travel,/ahmedabad/custom-bags-and-travel,1,Merged into the custom-intent canonical to prevent spelling and same-intent cannibalization.,NO
SAME_INTENT_MODIFIER,candidate-engine,/lucknow/customised-bags-and-travel,/lucknow/custom-bags-and-travel,1,Merged into the custom-intent canonical to prevent spelling and same-intent cannibalization.,NO
SAME_INTENT_MODIFIER,candidate-engine,/lucknow/personalized-bags-and-travel,/lucknow/custom-bags-and-travel,1,Merged into the custom-intent canonical to prevent spelling and same-intent cannibalization.,NO
SAME_INTENT_MODIFIER,candidate-engine,/india/customised-backpacks,/india/custom-backpacks,1,Merged into the custom-intent canonical to prevent spelling and same-intent cannibalization.,NO
SAME_INTENT_MODIFIER,candidate-engine,/india/personalized-backpacks,/india/custom-backpacks,1,Merged into the custom-intent canonical to prevent spelling and same-intent cannibalization.,NO
SAME_INTENT_MODIFIER,candidate-engine,/delhi/customised-backpacks,/delhi/custom-backpacks,1,Merged into the custom-intent canonical to prevent spelling and same-intent cannibalization.,NO
SAME_INTENT_MODIFIER,candidate-engine,/delhi/personalized-backpacks,/delhi/custom-backpacks,1,Merged into the custom-intent canonical to prevent spelling and same-intent cannibalization.,NO
SAME_INTENT_MODIFIER,candidate-engine,/noida/customised-backpacks,/noida/custom-backpacks,1,Merged into the custom-intent canonical to prevent spelling and same-intent cannibalization.,NO
SAME_INTENT_MODIFIER,candidate-engine,/noida/personalized-backpacks,/noida/custom-backpacks,1,Merged into the custom-intent canonical to prevent spelling and same-intent cannibalization.,NO
SAME_INTENT_MODIFIER,candidate-engine,/greater-noida/customised-backpacks,/greater-noida/custom-backpacks,1,Merged into the custom-intent canonical to prevent spelling and same-intent cannibalization.,NO
SAME_INTENT_MODIFIER,candidate-engine,/greater-noida/personalized-backpacks,/greater-noida/custom-backpacks,1,Merged into the custom-intent canonical to prevent spelling and same-intent cannibalization.,NO
SAME_INTENT_MODIFIER,candidate-engine,/gurgaon/customised-backpacks,/gurgaon/custom-backpacks,1,Merged into the custom-intent canonical to prevent spelling and same-intent cannibalization.,NO
SAME_INTENT_MODIFIER,candidate-engine,/gurgaon/personalized-backpacks,/gurgaon/custom-backpacks,1,Merged into the custom-intent canonical to prevent spelling and same-intent cannibalization.,NO
SAME_INTENT_MODIFIER,candidate-engine,/faridabad/customised-backpacks,/faridabad/custom-backpacks,1,Merged into the custom-intent canonical to prevent spelling and same-intent cannibalization.,NO
SAME_INTENT_MODIFIER,candidate-engine,/faridabad/personalized-backpacks,/faridabad/custom-backpacks,1,Merged into the custom-intent canonical to prevent spelling and same-intent cannibalization.,NO
SAME_INTENT_MODIFIER,candidate-engine,/ghaziabad/customised-backpacks,/ghaziabad/custom-backpacks,1,Merged into the custom-intent canonical to prevent spelling and same-intent cannibalization.,NO
SAME_INTENT_MODIFIER,candidate-engine,/ghaziabad/personalized-backpacks,/ghaziabad/custom-backpacks,1,Merged into the custom-intent canonical to prevent spelling and same-intent cannibalization.,NO
SAME_INTENT_MODIFIER,candidate-engine,/haryana/customised-backpacks,/haryana/custom-backpacks,1,Merged into the custom-intent canonical to prevent spelling and same-intent cannibalization.,NO
SAME_INTENT_MODIFIER,candidate-engine,/haryana/personalized-backpacks,/haryana/custom-backpacks,1,Merged into the custom-intent canonical to prevent spelling and same-intent cannibalization.,NO
SAME_INTENT_MODIFIER,candidate-engine,/uttar-pradesh/customised-backpacks,/uttar-pradesh/custom-backpacks,1,Merged into the custom-intent canonical to prevent spelling and same-intent cannibalization.,NO
SAME_INTENT_MODIFIER,candidate-engine,/uttar-pradesh/personalized-backpacks,/uttar-pradesh/custom-backpacks,1,Merged into the custom-intent canonical to prevent spelling and same-intent cannibalization.,NO
SAME_INTENT_MODIFIER,candidate-engine,/maharashtra/customised-backpacks,/maharashtra/custom-backpacks,1,Merged into the custom-intent canonical to prevent spelling and same-intent cannibalization.,NO
SAME_INTENT_MODIFIER,candidate-engine,/maharashtra/personalized-backpacks,/maharashtra/custom-backpacks,1,Merged into the custom-intent canonical to prevent spelling and same-intent cannibalization.,NO
SAME_INTENT_MODIFIER,candidate-engine,/karnataka/customised-backpacks,/karnataka/custom-backpacks,1,Merged into the custom-intent canonical to prevent spelling and same-intent cannibalization.,NO
SAME_INTENT_MODIFIER,candidate-engine,/karnataka/personalized-backpacks,/karnataka/custom-backpacks,1,Merged into the custom-intent canonical to prevent spelling and same-intent cannibalization.,NO
SAME_INTENT_MODIFIER,candidate-engine,/tamil-nadu/customised-backpacks,/tamil-nadu/custom-backpacks,1,Merged into the custom-intent canonical to prevent spelling and same-intent cannibalization.,NO
SAME_INTENT_MODIFIER,candidate-engine,/tamil-nadu/personalized-backpacks,/tamil-nadu/custom-backpacks,1,Merged into the custom-intent canonical to prevent spelling and same-intent cannibalization.,NO
SAME_INTENT_MODIFIER,candidate-engine,/telangana/customised-backpacks,/telangana/custom-backpacks,1,Merged into the custom-intent canonical to prevent spelling and same-intent cannibalization.,NO
SAME_INTENT_MODIFIER,candidate-engine,/telangana/personalized-backpacks,/telangana/custom-backpacks,1,Merged into the custom-intent canonical to prevent spelling and same-intent cannibalization.,NO
SAME_INTENT_MODIFIER,candidate-engine,/west-bengal/customised-backpacks,/west-bengal/custom-backpacks,1,Merged into the custom-intent canonical to prevent spelling and same-intent cannibalization.,NO
SAME_INTENT_MODIFIER,candidate-engine,/west-bengal/personalized-backpacks,/west-bengal/custom-backpacks,1,Merged into the custom-intent canonical to prevent spelling and same-intent cannibalization.,NO
SAME_INTENT_MODIFIER,candidate-engine,/mumbai/customised-backpacks,/mumbai/custom-backpacks,1,Merged into the custom-intent canonical to prevent spelling and same-intent cannibalization.,NO
SAME_INTENT_MODIFIER,candidate-engine,/mumbai/personalized-backpacks,/mumbai/custom-backpacks,1,Merged into the custom-intent canonical to prevent spelling and same-intent cannibalization.,NO
SAME_INTENT_MODIFIER,candidate-engine,/pune/customised-backpacks,/pune/custom-backpacks,1,Merged into the custom-intent canonical to prevent spelling and same-intent cannibalization.,NO
SAME_INTENT_MODIFIER,candidate-engine,/pune/personalized-backpacks,/pune/custom-backpacks,1,Merged into the custom-intent canonical to prevent spelling and same-intent cannibalization.,NO
SAME_INTENT_MODIFIER,candidate-engine,/bengaluru/customised-backpacks,/bengaluru/custom-backpacks,1,Merged into the custom-intent canonical to prevent spelling and same-intent cannibalization.,NO
SAME_INTENT_MODIFIER,candidate-engine,/bengaluru/personalized-backpacks,/bengaluru/custom-backpacks,1,Merged into the custom-intent canonical to prevent spelling and same-intent cannibalization.,NO
SAME_INTENT_MODIFIER,candidate-engine,/hyderabad/customised-backpacks,/hyderabad/custom-backpacks,1,Merged into the custom-intent canonical to prevent spelling and same-intent cannibalization.,NO
SAME_INTENT_MODIFIER,candidate-engine,/hyderabad/personalized-backpacks,/hyderabad/custom-backpacks,1,Merged into the custom-intent canonical to prevent spelling and same-intent cannibalization.,NO
SAME_INTENT_MODIFIER,candidate-engine,/chennai/customised-backpacks,/chennai/custom-backpacks,1,Merged into the custom-intent canonical to prevent spelling and same-intent cannibalization.,NO
SAME_INTENT_MODIFIER,candidate-engine,/chennai/personalized-backpacks,/chennai/custom-backpacks,1,Merged into the custom-intent canonical to prevent spelling and same-intent cannibalization.,NO
SAME_INTENT_MODIFIER,candidate-engine,/kolkata/customised-backpacks,/kolkata/custom-backpacks,1,Merged into the custom-intent canonical to prevent spelling and same-intent cannibalization.,NO
SAME_INTENT_MODIFIER,candidate-engine,/kolkata/personalized-backpacks,/kolkata/custom-backpacks,1,Merged into the custom-intent canonical to prevent spelling and same-intent cannibalization.,NO
SAME_INTENT_MODIFIER,candidate-engine,/ahmedabad/customised-backpacks,/ahmedabad/custom-backpacks,1,Merged into the custom-intent canonical to prevent spelling and same-intent cannibalization.,NO
SAME_INTENT_MODIFIER,candidate-engine,/ahmedabad/personalized-backpacks,/ahmedabad/custom-backpacks,1,Merged into the custom-intent canonical to prevent spelling and same-intent cannibalization.,NO
SAME_INTENT_MODIFIER,candidate-engine,/lucknow/customised-backpacks,/lucknow/custom-backpacks,1,Merged into the custom-intent canonical to prevent spelling and same-intent cannibalization.,NO
SAME_INTENT_MODIFIER,candidate-engine,/lucknow/personalized-backpacks,/lucknow/custom-backpacks,1,Merged into the custom-intent canonical to prevent spelling and same-intent cannibalization.,NO
SAME_INTENT_MODIFIER,candidate-engine,/india/customised-foldable-bags,/india/custom-foldable-bags,1,Merged into the custom-intent canonical to prevent spelling and same-intent cannibalization.,NO
SAME_INTENT_MODIFIER,candidate-engine,/india/personalized-foldable-bags,/india/custom-foldable-bags,1,Merged into the custom-intent canonical to prevent spelling and same-intent cannibalization.,NO
SAME_INTENT_MODIFIER,candidate-engine,/delhi/customised-foldable-bags,/delhi/custom-foldable-bags,1,Merged into the custom-intent canonical to prevent spelling and same-intent cannibalization.,NO
SAME_INTENT_MODIFIER,candidate-engine,/delhi/personalized-foldable-bags,/delhi/custom-foldable-bags,1,Merged into the custom-intent canonical to prevent spelling and same-intent cannibalization.,NO
SAME_INTENT_MODIFIER,candidate-engine,/noida/customised-foldable-bags,/noida/custom-foldable-bags,1,Merged into the custom-intent canonical to prevent spelling and same-intent cannibalization.,NO
SAME_INTENT_MODIFIER,candidate-engine,/noida/personalized-foldable-bags,/noida/custom-foldable-bags,1,Merged into the custom-intent canonical to prevent spelling and same-intent cannibalization.,NO
SAME_INTENT_MODIFIER,candidate-engine,/greater-noida/customised-foldable-bags,/greater-noida/custom-foldable-bags,1,Merged into the custom-intent canonical to prevent spelling and same-intent cannibalization.,NO
SAME_INTENT_MODIFIER,candidate-engine,/greater-noida/personalized-foldable-bags,/greater-noida/custom-foldable-bags,1,Merged into the custom-intent canonical to prevent spelling and same-intent cannibalization.,NO
SAME_INTENT_MODIFIER,candidate-engine,/gurgaon/customised-foldable-bags,/gurgaon/custom-foldable-bags,1,Merged into the custom-intent canonical to prevent spelling and same-intent cannibalization.,NO
SAME_INTENT_MODIFIER,candidate-engine,/gurgaon/personalized-foldable-bags,/gurgaon/custom-foldable-bags,1,Merged into the custom-intent canonical to prevent spelling and same-intent cannibalization.,NO
SAME_INTENT_MODIFIER,candidate-engine,/faridabad/customised-foldable-bags,/faridabad/custom-foldable-bags,1,Merged into the custom-intent canonical to prevent spelling and same-intent cannibalization.,NO
SAME_INTENT_MODIFIER,candidate-engine,/faridabad/personalized-foldable-bags,/faridabad/custom-foldable-bags,1,Merged into the custom-intent canonical to prevent spelling and same-intent cannibalization.,NO
SAME_INTENT_MODIFIER,candidate-engine,/ghaziabad/customised-foldable-bags,/ghaziabad/custom-foldable-bags,1,Merged into the custom-intent canonical to prevent spelling and same-intent cannibalization.,NO
SAME_INTENT_MODIFIER,candidate-engine,/ghaziabad/personalized-foldable-bags,/ghaziabad/custom-foldable-bags,1,Merged into the custom-intent canonical to prevent spelling and same-intent cannibalization.,NO
SAME_INTENT_MODIFIER,candidate-engine,/haryana/customised-foldable-bags,/haryana/custom-foldable-bags,1,Merged into the custom-intent canonical to prevent spelling and same-intent cannibalization.,NO
SAME_INTENT_MODIFIER,candidate-engine,/haryana/personalized-foldable-bags,/haryana/custom-foldable-bags,1,Merged into the custom-intent canonical to prevent spelling and same-intent cannibalization.,NO
SAME_INTENT_MODIFIER,candidate-engine,/uttar-pradesh/customised-foldable-bags,/uttar-pradesh/custom-foldable-bags,1,Merged into the custom-intent canonical to prevent spelling and same-intent cannibalization.,NO
SAME_INTENT_MODIFIER,candidate-engine,/uttar-pradesh/personalized-foldable-bags,/uttar-pradesh/custom-foldable-bags,1,Merged into the custom-intent canonical to prevent spelling and same-intent cannibalization.,NO
SAME_INTENT_MODIFIER,candidate-engine,/maharashtra/customised-foldable-bags,/maharashtra/custom-foldable-bags,1,Merged into the custom-intent canonical to prevent spelling and same-intent cannibalization.,NO
SAME_INTENT_MODIFIER,candidate-engine,/maharashtra/personalized-foldable-bags,/maharashtra/custom-foldable-bags,1,Merged into the custom-intent canonical to prevent spelling and same-intent cannibalization.,NO
SAME_INTENT_MODIFIER,candidate-engine,/karnataka/customised-foldable-bags,/karnataka/custom-foldable-bags,1,Merged into the custom-intent canonical to prevent spelling and same-intent cannibalization.,NO
SAME_INTENT_MODIFIER,candidate-engine,/karnataka/personalized-foldable-bags,/karnataka/custom-foldable-bags,1,Merged into the custom-intent canonical to prevent spelling and same-intent cannibalization.,NO
SAME_INTENT_MODIFIER,candidate-engine,/tamil-nadu/customised-foldable-bags,/tamil-nadu/custom-foldable-bags,1,Merged into the custom-intent canonical to prevent spelling and same-intent cannibalization.,NO
SAME_INTENT_MODIFIER,candidate-engine,/tamil-nadu/personalized-foldable-bags,/tamil-nadu/custom-foldable-bags,1,Merged into the custom-intent canonical to prevent spelling and same-intent cannibalization.,NO
SAME_INTENT_MODIFIER,candidate-engine,/telangana/customised-foldable-bags,/telangana/custom-foldable-bags,1,Merged into the custom-intent canonical to prevent spelling and same-intent cannibalization.,NO
SAME_INTENT_MODIFIER,candidate-engine,/telangana/personalized-foldable-bags,/telangana/custom-foldable-bags,1,Merged into the custom-intent canonical to prevent spelling and same-intent cannibalization.,NO
SAME_INTENT_MODIFIER,candidate-engine,/west-bengal/customised-foldable-bags,/west-bengal/custom-foldable-bags,1,Merged into the custom-intent canonical to prevent spelling and same-intent cannibalization.,NO
SAME_INTENT_MODIFIER,candidate-engine,/west-bengal/personalized-foldable-bags,/west-bengal/custom-foldable-bags,1,Merged into the custom-intent canonical to prevent spelling and same-intent cannibalization.,NO
SAME_INTENT_MODIFIER,candidate-engine,/mumbai/customised-foldable-bags,/mumbai/custom-foldable-bags,1,Merged into the custom-intent canonical to prevent spelling and same-intent cannibalization.,NO
SAME_INTENT_MODIFIER,candidate-engine,/mumbai/personalized-foldable-bags,/mumbai/custom-foldable-bags,1,Merged into the custom-intent canonical to prevent spelling and same-intent cannibalization.,NO
SAME_INTENT_MODIFIER,candidate-engine,/pune/customised-foldable-bags,/pune/custom-foldable-bags,1,Merged into the custom-intent canonical to prevent spelling and same-intent cannibalization.,NO
SAME_INTENT_MODIFIER,candidate-engine,/pune/personalized-foldable-bags,/pune/custom-foldable-bags,1,Merged into the custom-intent canonical to prevent spelling and same-intent cannibalization.,NO
SAME_INTENT_MODIFIER,candidate-engine,/bengaluru/customised-foldable-bags,/bengaluru/custom-foldable-bags,1,Merged into the custom-intent canonical to prevent spelling and same-intent cannibalization.,NO
SAME_INTENT_MODIFIER,candidate-engine,/bengaluru/personalized-foldable-bags,/bengaluru/custom-foldable-bags,1,Merged into the custom-intent canonical to prevent spelling and same-intent cannibalization.,NO
SAME_INTENT_MODIFIER,candidate-engine,/hyderabad/customised-foldable-bags,/hyderabad/custom-foldable-bags,1,Merged into the custom-intent canonical to prevent spelling and same-intent cannibalization.,NO
SAME_INTENT_MODIFIER,candidate-engine,/hyderabad/personalized-foldable-bags,/hyderabad/custom-foldable-bags,1,Merged into the custom-intent canonical to prevent spelling and same-intent cannibalization.,NO
SAME_INTENT_MODIFIER,candidate-engine,/chennai/customised-foldable-bags,/chennai/custom-foldable-bags,1,Merged into the custom-intent canonical to prevent spelling and same-intent cannibalization.,NO
SAME_INTENT_MODIFIER,candidate-engine,/chennai/personalized-foldable-bags,/chennai/custom-foldable-bags,1,Merged into the custom-intent canonical to prevent spelling and same-intent cannibalization.,NO
SAME_INTENT_MODIFIER,candidate-engine,/kolkata/customised-foldable-bags,/kolkata/custom-foldable-bags,1,Merged into the custom-intent canonical to prevent spelling and same-intent cannibalization.,NO
SAME_INTENT_MODIFIER,candidate-engine,/kolkata/personalized-foldable-bags,/kolkata/custom-foldable-bags,1,Merged into the custom-intent canonical to prevent spelling and same-intent cannibalization.,NO
SAME_INTENT_MODIFIER,candidate-engine,/ahmedabad/customised-foldable-bags,/ahmedabad/custom-foldable-bags,1,Merged into the custom-intent canonical to prevent spelling and same-intent cannibalization.,NO
SAME_INTENT_MODIFIER,candidate-engine,/ahmedabad/personalized-foldable-bags,/ahmedabad/custom-foldable-bags,1,Merged into the custom-intent canonical to prevent spelling and same-intent cannibalization.,NO
SAME_INTENT_MODIFIER,candidate-engine,/lucknow/customised-foldable-bags,/lucknow/custom-foldable-bags,1,Merged into the custom-intent canonical to prevent spelling and same-intent cannibalization.,NO
SAME_INTENT_MODIFIER,candidate-engine,/lucknow/personalized-foldable-bags,/lucknow/custom-foldable-bags,1,Merged into the custom-intent canonical to prevent spelling and same-intent cannibalization.,NO
SAME_INTENT_MODIFIER,candidate-engine,/india/customised-duffle-bags,/india/custom-duffle-bags,1,Merged into the custom-intent canonical to prevent spelling and same-intent cannibalization.,NO
SAME_INTENT_MODIFIER,candidate-engine,/india/personalized-duffle-bags,/india/custom-duffle-bags,1,Merged into the custom-intent canonical to prevent spelling and same-intent cannibalization.,NO
SAME_INTENT_MODIFIER,candidate-engine,/delhi/customised-duffle-bags,/delhi/custom-duffle-bags,1,Merged into the custom-intent canonical to prevent spelling and same-intent cannibalization.,NO
SAME_INTENT_MODIFIER,candidate-engine,/delhi/personalized-duffle-bags,/delhi/custom-duffle-bags,1,Merged into the custom-intent canonical to prevent spelling and same-intent cannibalization.,NO
SAME_INTENT_MODIFIER,candidate-engine,/noida/customised-duffle-bags,/noida/custom-duffle-bags,1,Merged into the custom-intent canonical to prevent spelling and same-intent cannibalization.,NO
SAME_INTENT_MODIFIER,candidate-engine,/noida/personalized-duffle-bags,/noida/custom-duffle-bags,1,Merged into the custom-intent canonical to prevent spelling and same-intent cannibalization.,NO
SAME_INTENT_MODIFIER,candidate-engine,/greater-noida/customised-duffle-bags,/greater-noida/custom-duffle-bags,1,Merged into the custom-intent canonical to prevent spelling and same-intent cannibalization.,NO
SAME_INTENT_MODIFIER,candidate-engine,/greater-noida/personalized-duffle-bags,/greater-noida/custom-duffle-bags,1,Merged into the custom-intent canonical to prevent spelling and same-intent cannibalization.,NO
SAME_INTENT_MODIFIER,candidate-engine,/gurgaon/customised-duffle-bags,/gurgaon/custom-duffle-bags,1,Merged into the custom-intent canonical to prevent spelling and same-intent cannibalization.,NO
SAME_INTENT_MODIFIER,candidate-engine,/gurgaon/personalized-duffle-bags,/gurgaon/custom-duffle-bags,1,Merged into the custom-intent canonical to prevent spelling and same-intent cannibalization.,NO
SAME_INTENT_MODIFIER,candidate-engine,/faridabad/customised-duffle-bags,/faridabad/custom-duffle-bags,1,Merged into the custom-intent canonical to prevent spelling and same-intent cannibalization.,NO
SAME_INTENT_MODIFIER,candidate-engine,/faridabad/personalized-duffle-bags,/faridabad/custom-duffle-bags,1,Merged into the custom-intent canonical to prevent spelling and same-intent cannibalization.,NO
SAME_INTENT_MODIFIER,candidate-engine,/ghaziabad/customised-duffle-bags,/ghaziabad/custom-duffle-bags,1,Merged into the custom-intent canonical to prevent spelling and same-intent cannibalization.,NO
SAME_INTENT_MODIFIER,candidate-engine,/ghaziabad/personalized-duffle-bags,/ghaziabad/custom-duffle-bags,1,Merged into the custom-intent canonical to prevent spelling and same-intent cannibalization.,NO
SAME_INTENT_MODIFIER,candidate-engine,/haryana/customised-duffle-bags,/haryana/custom-duffle-bags,1,Merged into the custom-intent canonical to prevent spelling and same-intent cannibalization.,NO
SAME_INTENT_MODIFIER,candidate-engine,/haryana/personalized-duffle-bags,/haryana/custom-duffle-bags,1,Merged into the custom-intent canonical to prevent spelling and same-intent cannibalization.,NO
SAME_INTENT_MODIFIER,candidate-engine,/uttar-pradesh/customised-duffle-bags,/uttar-pradesh/custom-duffle-bags,1,Merged into the custom-intent canonical to prevent spelling and same-intent cannibalization.,NO
SAME_INTENT_MODIFIER,candidate-engine,/uttar-pradesh/personalized-duffle-bags,/uttar-pradesh/custom-duffle-bags,1,Merged into the custom-intent canonical to prevent spelling and same-intent cannibalization.,NO
SAME_INTENT_MODIFIER,candidate-engine,/maharashtra/customised-duffle-bags,/maharashtra/custom-duffle-bags,1,Merged into the custom-intent canonical to prevent spelling and same-intent cannibalization.,NO
SAME_INTENT_MODIFIER,candidate-engine,/maharashtra/personalized-duffle-bags,/maharashtra/custom-duffle-bags,1,Merged into the custom-intent canonical to prevent spelling and same-intent cannibalization.,NO
SAME_INTENT_MODIFIER,candidate-engine,/karnataka/customised-duffle-bags,/karnataka/custom-duffle-bags,1,Merged into the custom-intent canonical to prevent spelling and same-intent cannibalization.,NO
SAME_INTENT_MODIFIER,candidate-engine,/karnataka/personalized-duffle-bags,/karnataka/custom-duffle-bags,1,Merged into the custom-intent canonical to prevent spelling and same-intent cannibalization.,NO
SAME_INTENT_MODIFIER,candidate-engine,/tamil-nadu/customised-duffle-bags,/tamil-nadu/custom-duffle-bags,1,Merged into the custom-intent canonical to prevent spelling and same-intent cannibalization.,NO
SAME_INTENT_MODIFIER,candidate-engine,/tamil-nadu/personalized-duffle-bags,/tamil-nadu/custom-duffle-bags,1,Merged into the custom-intent canonical to prevent spelling and same-intent cannibalization.,NO
SAME_INTENT_MODIFIER,candidate-engine,/telangana/customised-duffle-bags,/telangana/custom-duffle-bags,1,Merged into the custom-intent canonical to prevent spelling and same-intent cannibalization.,NO
SAME_INTENT_MODIFIER,candidate-engine,/telangana/personalized-duffle-bags,/telangana/custom-duffle-bags,1,Merged into the custom-intent canonical to prevent spelling and same-intent cannibalization.,NO
SAME_INTENT_MODIFIER,candidate-engine,/west-bengal/customised-duffle-bags,/west-bengal/custom-duffle-bags,1,Merged into the custom-intent canonical to prevent spelling and same-intent cannibalization.,NO
SAME_INTENT_MODIFIER,candidate-engine,/west-bengal/personalized-duffle-bags,/west-bengal/custom-duffle-bags,1,Merged into the custom-intent canonical to prevent spelling and same-intent cannibalization.,NO
SAME_INTENT_MODIFIER,candidate-engine,/mumbai/customised-duffle-bags,/mumbai/custom-duffle-bags,1,Merged into the custom-intent canonical to prevent spelling and same-intent cannibalization.,NO
SAME_INTENT_MODIFIER,candidate-engine,/mumbai/personalized-duffle-bags,/mumbai/custom-duffle-bags,1,Merged into the custom-intent canonical to prevent spelling and same-intent cannibalization.,NO
SAME_INTENT_MODIFIER,candidate-engine,/pune/customised-duffle-bags,/pune/custom-duffle-bags,1,Merged into the custom-intent canonical to prevent spelling and same-intent cannibalization.,NO
SAME_INTENT_MODIFIER,candidate-engine,/pune/personalized-duffle-bags,/pune/custom-duffle-bags,1,Merged into the custom-intent canonical to prevent spelling and same-intent cannibalization.,NO
SAME_INTENT_MODIFIER,candidate-engine,/bengaluru/customised-duffle-bags,/bengaluru/custom-duffle-bags,1,Merged into the custom-intent canonical to prevent spelling and same-intent cannibalization.,NO
SAME_INTENT_MODIFIER,candidate-engine,/bengaluru/personalized-duffle-bags,/bengaluru/custom-duffle-bags,1,Merged into the custom-intent canonical to prevent spelling and same-intent cannibalization.,NO
SAME_INTENT_MODIFIER,candidate-engine,/hyderabad/customised-duffle-bags,/hyderabad/custom-duffle-bags,1,Merged into the custom-intent canonical to prevent spelling and same-intent cannibalization.,NO
SAME_INTENT_MODIFIER,candidate-engine,/hyderabad/personalized-duffle-bags,/hyderabad/custom-duffle-bags,1,Merged into the custom-intent canonical to prevent spelling and same-intent cannibalization.,NO
SAME_INTENT_MODIFIER,candidate-engine,/chennai/customised-duffle-bags,/chennai/custom-duffle-bags,1,Merged into the custom-intent canonical to prevent spelling and same-intent cannibalization.,NO
SAME_INTENT_MODIFIER,candidate-engine,/chennai/personalized-duffle-bags,/chennai/custom-duffle-bags,1,Merged into the custom-intent canonical to prevent spelling and same-intent cannibalization.,NO
SAME_INTENT_MODIFIER,candidate-engine,/kolkata/customised-duffle-bags,/kolkata/custom-duffle-bags,1,Merged into the custom-intent canonical to prevent spelling and same-intent cannibalization.,NO
SAME_INTENT_MODIFIER,candidate-engine,/kolkata/personalized-duffle-bags,/kolkata/custom-duffle-bags,1,Merged into the custom-intent canonical to prevent spelling and same-intent cannibalization.,NO
SAME_INTENT_MODIFIER,candidate-engine,/ahmedabad/customised-duffle-bags,/ahmedabad/custom-duffle-bags,1,Merged into the custom-intent canonical to prevent spelling and same-intent cannibalization.,NO
SAME_INTENT_MODIFIER,candidate-engine,/ahmedabad/personalized-duffle-bags,/ahmedabad/custom-duffle-bags,1,Merged into the custom-intent canonical to prevent spelling and same-intent cannibalization.,NO
SAME_INTENT_MODIFIER,candidate-engine,/lucknow/customised-duffle-bags,/lucknow/custom-duffle-bags,1,Merged into the custom-intent canonical to prevent spelling and same-intent cannibalization.,NO
SAME_INTENT_MODIFIER,candidate-engine,/lucknow/personalized-duffle-bags,/lucknow/custom-duffle-bags,1,Merged into the custom-intent canonical to prevent spelling and same-intent cannibalization.,NO
SAME_INTENT_MODIFIER,candidate-engine,/india/customised-tote-bags,/india/custom-tote-bags,1,Merged into the custom-intent canonical to prevent spelling and same-intent cannibalization.,NO
SAME_INTENT_MODIFIER,candidate-engine,/india/personalized-tote-bags,/india/custom-tote-bags,1,Merged into the custom-intent canonical to prevent spelling and same-intent cannibalization.,NO
SAME_INTENT_MODIFIER,candidate-engine,/delhi/customised-tote-bags,/delhi/custom-tote-bags,1,Merged into the custom-intent canonical to prevent spelling and same-intent cannibalization.,NO
SAME_INTENT_MODIFIER,candidate-engine,/delhi/personalized-tote-bags,/delhi/custom-tote-bags,1,Merged into the custom-intent canonical to prevent spelling and same-intent cannibalization.,NO
SAME_INTENT_MODIFIER,candidate-engine,/noida/customised-tote-bags,/noida/custom-tote-bags,1,Merged into the custom-intent canonical to prevent spelling and same-intent cannibalization.,NO
SAME_INTENT_MODIFIER,candidate-engine,/noida/personalized-tote-bags,/noida/custom-tote-bags,1,Merged into the custom-intent canonical to prevent spelling and same-intent cannibalization.,NO
SAME_INTENT_MODIFIER,candidate-engine,/greater-noida/customised-tote-bags,/greater-noida/custom-tote-bags,1,Merged into the custom-intent canonical to prevent spelling and same-intent cannibalization.,NO
SAME_INTENT_MODIFIER,candidate-engine,/greater-noida/personalized-tote-bags,/greater-noida/custom-tote-bags,1,Merged into the custom-intent canonical to prevent spelling and same-intent cannibalization.,NO
SAME_INTENT_MODIFIER,candidate-engine,/gurgaon/customised-tote-bags,/gurgaon/custom-tote-bags,1,Merged into the custom-intent canonical to prevent spelling and same-intent cannibalization.,NO
SAME_INTENT_MODIFIER,candidate-engine,/gurgaon/personalized-tote-bags,/gurgaon/custom-tote-bags,1,Merged into the custom-intent canonical to prevent spelling and same-intent cannibalization.,NO
SAME_INTENT_MODIFIER,candidate-engine,/faridabad/customised-tote-bags,/faridabad/custom-tote-bags,1,Merged into the custom-intent canonical to prevent spelling and same-intent cannibalization.,NO
SAME_INTENT_MODIFIER,candidate-engine,/faridabad/personalized-tote-bags,/faridabad/custom-tote-bags,1,Merged into the custom-intent canonical to prevent spelling and same-intent cannibalization.,NO
SAME_INTENT_MODIFIER,candidate-engine,/ghaziabad/customised-tote-bags,/ghaziabad/custom-tote-bags,1,Merged into the custom-intent canonical to prevent spelling and same-intent cannibalization.,NO
SAME_INTENT_MODIFIER,candidate-engine,/ghaziabad/personalized-tote-bags,/ghaziabad/custom-tote-bags,1,Merged into the custom-intent canonical to prevent spelling and same-intent cannibalization.,NO
SAME_INTENT_MODIFIER,candidate-engine,/haryana/customised-tote-bags,/haryana/custom-tote-bags,1,Merged into the custom-intent canonical to prevent spelling and same-intent cannibalization.,NO
SAME_INTENT_MODIFIER,candidate-engine,/haryana/personalized-tote-bags,/haryana/custom-tote-bags,1,Merged into the custom-intent canonical to prevent spelling and same-intent cannibalization.,NO
SAME_INTENT_MODIFIER,candidate-engine,/uttar-pradesh/customised-tote-bags,/uttar-pradesh/custom-tote-bags,1,Merged into the custom-intent canonical to prevent spelling and same-intent cannibalization.,NO
SAME_INTENT_MODIFIER,candidate-engine,/uttar-pradesh/personalized-tote-bags,/uttar-pradesh/custom-tote-bags,1,Merged into the custom-intent canonical to prevent spelling and same-intent cannibalization.,NO
SAME_INTENT_MODIFIER,candidate-engine,/maharashtra/customised-tote-bags,/maharashtra/custom-tote-bags,1,Merged into the custom-intent canonical to prevent spelling and same-intent cannibalization.,NO
SAME_INTENT_MODIFIER,candidate-engine,/maharashtra/personalized-tote-bags,/maharashtra/custom-tote-bags,1,Merged into the custom-intent canonical to prevent spelling and same-intent cannibalization.,NO
SAME_INTENT_MODIFIER,candidate-engine,/karnataka/customised-tote-bags,/karnataka/custom-tote-bags,1,Merged into the custom-intent canonical to prevent spelling and same-intent cannibalization.,NO
SAME_INTENT_MODIFIER,candidate-engine,/karnataka/personalized-tote-bags,/karnataka/custom-tote-bags,1,Merged into the custom-intent canonical to prevent spelling and same-intent cannibalization.,NO
SAME_INTENT_MODIFIER,candidate-engine,/tamil-nadu/customised-tote-bags,/tamil-nadu/custom-tote-bags,1,Merged into the custom-intent canonical to prevent spelling and same-intent cannibalization.,NO
SAME_INTENT_MODIFIER,candidate-engine,/tamil-nadu/personalized-tote-bags,/tamil-nadu/custom-tote-bags,1,Merged into the custom-intent canonical to prevent spelling and same-intent cannibalization.,NO
SAME_INTENT_MODIFIER,candidate-engine,/telangana/customised-tote-bags,/telangana/custom-tote-bags,1,Merged into the custom-intent canonical to prevent spelling and same-intent cannibalization.,NO
SAME_INTENT_MODIFIER,candidate-engine,/telangana/personalized-tote-bags,/telangana/custom-tote-bags,1,Merged into the custom-intent canonical to prevent spelling and same-intent cannibalization.,NO
SAME_INTENT_MODIFIER,candidate-engine,/west-bengal/customised-tote-bags,/west-bengal/custom-tote-bags,1,Merged into the custom-intent canonical to prevent spelling and same-intent cannibalization.,NO
SAME_INTENT_MODIFIER,candidate-engine,/west-bengal/personalized-tote-bags,/west-bengal/custom-tote-bags,1,Merged into the custom-intent canonical to prevent spelling and same-intent cannibalization.,NO
SAME_INTENT_MODIFIER,candidate-engine,/mumbai/customised-tote-bags,/mumbai/custom-tote-bags,1,Merged into the custom-intent canonical to prevent spelling and same-intent cannibalization.,NO
SAME_INTENT_MODIFIER,candidate-engine,/mumbai/personalized-tote-bags,/mumbai/custom-tote-bags,1,Merged into the custom-intent canonical to prevent spelling and same-intent cannibalization.,NO
SAME_INTENT_MODIFIER,candidate-engine,/pune/customised-tote-bags,/pune/custom-tote-bags,1,Merged into the custom-intent canonical to prevent spelling and same-intent cannibalization.,NO
SAME_INTENT_MODIFIER,candidate-engine,/pune/personalized-tote-bags,/pune/custom-tote-bags,1,Merged into the custom-intent canonical to prevent spelling and same-intent cannibalization.,NO
SAME_INTENT_MODIFIER,candidate-engine,/bengaluru/customised-tote-bags,/bengaluru/custom-tote-bags,1,Merged into the custom-intent canonical to prevent spelling and same-intent cannibalization.,NO
SAME_INTENT_MODIFIER,candidate-engine,/bengaluru/personalized-tote-bags,/bengaluru/custom-tote-bags,1,Merged into the custom-intent canonical to prevent spelling and same-intent cannibalization.,NO
SAME_INTENT_MODIFIER,candidate-engine,/hyderabad/customised-tote-bags,/hyderabad/custom-tote-bags,1,Merged into the custom-intent canonical to prevent spelling and same-intent cannibalization.,NO
SAME_INTENT_MODIFIER,candidate-engine,/hyderabad/personalized-tote-bags,/hyderabad/custom-tote-bags,1,Merged into the custom-intent canonical to prevent spelling and same-intent cannibalization.,NO
SAME_INTENT_MODIFIER,candidate-engine,/chennai/customised-tote-bags,/chennai/custom-tote-bags,1,Merged into the custom-intent canonical to prevent spelling and same-intent cannibalization.,NO
SAME_INTENT_MODIFIER,candidate-engine,/chennai/personalized-tote-bags,/chennai/custom-tote-bags,1,Merged into the custom-intent canonical to prevent spelling and same-intent cannibalization.,NO
SAME_INTENT_MODIFIER,candidate-engine,/kolkata/customised-tote-bags,/kolkata/custom-tote-bags,1,Merged into the custom-intent canonical to prevent spelling and same-intent cannibalization.,NO
SAME_INTENT_MODIFIER,candidate-engine,/kolkata/personalized-tote-bags,/kolkata/custom-tote-bags,1,Merged into the custom-intent canonical to prevent spelling and same-intent cannibalization.,NO
SAME_INTENT_MODIFIER,candidate-engine,/ahmedabad/customised-tote-bags,/ahmedabad/custom-tote-bags,1,Merged into the custom-intent canonical to prevent spelling and same-intent cannibalization.,NO
SAME_INTENT_MODIFIER,candidate-engine,/ahmedabad/personalized-tote-bags,/ahmedabad/custom-tote-bags,1,Merged into the custom-intent canonical to prevent spelling and same-intent cannibalization.,NO
SAME_INTENT_MODIFIER,candidate-engine,/lucknow/customised-tote-bags,/lucknow/custom-tote-bags,1,Merged into the custom-intent canonical to prevent spelling and same-intent cannibalization.,NO
SAME_INTENT_MODIFIER,candidate-engine,/lucknow/personalized-tote-bags,/lucknow/custom-tote-bags,1,Merged into the custom-intent canonical to prevent spelling and same-intent cannibalization.,NO
SAME_INTENT_MODIFIER,candidate-engine,/india/customised-technology-accessories,/india/custom-technology-accessories,1,Merged into the custom-intent canonical to prevent spelling and same-intent cannibalization.,NO
SAME_INTENT_MODIFIER,candidate-engine,/india/personalized-technology-accessories,/india/custom-technology-accessories,1,Merged into the custom-intent canonical to prevent spelling and same-intent cannibalization.,NO
SAME_INTENT_MODIFIER,candidate-engine,/delhi/customised-technology-accessories,/delhi/custom-technology-accessories,1,Merged into the custom-intent canonical to prevent spelling and same-intent cannibalization.,NO
SAME_INTENT_MODIFIER,candidate-engine,/delhi/personalized-technology-accessories,/delhi/custom-technology-accessories,1,Merged into the custom-intent canonical to prevent spelling and same-intent cannibalization.,NO
SAME_INTENT_MODIFIER,candidate-engine,/noida/customised-technology-accessories,/noida/custom-technology-accessories,1,Merged into the custom-intent canonical to prevent spelling and same-intent cannibalization.,NO
SAME_INTENT_MODIFIER,candidate-engine,/noida/personalized-technology-accessories,/noida/custom-technology-accessories,1,Merged into the custom-intent canonical to prevent spelling and same-intent cannibalization.,NO
SAME_INTENT_MODIFIER,candidate-engine,/greater-noida/customised-technology-accessories,/greater-noida/custom-technology-accessories,1,Merged into the custom-intent canonical to prevent spelling and same-intent cannibalization.,NO
SAME_INTENT_MODIFIER,candidate-engine,/greater-noida/personalized-technology-accessories,/greater-noida/custom-technology-accessories,1,Merged into the custom-intent canonical to prevent spelling and same-intent cannibalization.,NO
SAME_INTENT_MODIFIER,candidate-engine,/gurgaon/customised-technology-accessories,/gurgaon/custom-technology-accessories,1,Merged into the custom-intent canonical to prevent spelling and same-intent cannibalization.,NO
SAME_INTENT_MODIFIER,candidate-engine,/gurgaon/personalized-technology-accessories,/gurgaon/custom-technology-accessories,1,Merged into the custom-intent canonical to prevent spelling and same-intent cannibalization.,NO
SAME_INTENT_MODIFIER,candidate-engine,/faridabad/customised-technology-accessories,/faridabad/custom-technology-accessories,1,Merged into the custom-intent canonical to prevent spelling and same-intent cannibalization.,NO
SAME_INTENT_MODIFIER,candidate-engine,/faridabad/personalized-technology-accessories,/faridabad/custom-technology-accessories,1,Merged into the custom-intent canonical to prevent spelling and same-intent cannibalization.,NO
SAME_INTENT_MODIFIER,candidate-engine,/ghaziabad/customised-technology-accessories,/ghaziabad/custom-technology-accessories,1,Merged into the custom-intent canonical to prevent spelling and same-intent cannibalization.,NO
SAME_INTENT_MODIFIER,candidate-engine,/ghaziabad/personalized-technology-accessories,/ghaziabad/custom-technology-accessories,1,Merged into the custom-intent canonical to prevent spelling and same-intent cannibalization.,NO
SAME_INTENT_MODIFIER,candidate-engine,/haryana/customised-technology-accessories,/haryana/custom-technology-accessories,1,Merged into the custom-intent canonical to prevent spelling and same-intent cannibalization.,NO
SAME_INTENT_MODIFIER,candidate-engine,/haryana/personalized-technology-accessories,/haryana/custom-technology-accessories,1,Merged into the custom-intent canonical to prevent spelling and same-intent cannibalization.,NO
SAME_INTENT_MODIFIER,candidate-engine,/uttar-pradesh/customised-technology-accessories,/uttar-pradesh/custom-technology-accessories,1,Merged into the custom-intent canonical to prevent spelling and same-intent cannibalization.,NO
SAME_INTENT_MODIFIER,candidate-engine,/uttar-pradesh/personalized-technology-accessories,/uttar-pradesh/custom-technology-accessories,1,Merged into the custom-intent canonical to prevent spelling and same-intent cannibalization.,NO
SAME_INTENT_MODIFIER,candidate-engine,/maharashtra/customised-technology-accessories,/maharashtra/custom-technology-accessories,1,Merged into the custom-intent canonical to prevent spelling and same-intent cannibalization.,NO
SAME_INTENT_MODIFIER,candidate-engine,/maharashtra/personalized-technology-accessories,/maharashtra/custom-technology-accessories,1,Merged into the custom-intent canonical to prevent spelling and same-intent cannibalization.,NO
SAME_INTENT_MODIFIER,candidate-engine,/karnataka/customised-technology-accessories,/karnataka/custom-technology-accessories,1,Merged into the custom-intent canonical to prevent spelling and same-intent cannibalization.,NO
SAME_INTENT_MODIFIER,candidate-engine,/karnataka/personalized-technology-accessories,/karnataka/custom-technology-accessories,1,Merged into the custom-intent canonical to prevent spelling and same-intent cannibalization.,NO
SAME_INTENT_MODIFIER,candidate-engine,/tamil-nadu/customised-technology-accessories,/tamil-nadu/custom-technology-accessories,1,Merged into the custom-intent canonical to prevent spelling and same-intent cannibalization.,NO
SAME_INTENT_MODIFIER,candidate-engine,/tamil-nadu/personalized-technology-accessories,/tamil-nadu/custom-technology-accessories,1,Merged into the custom-intent canonical to prevent spelling and same-intent cannibalization.,NO
SAME_INTENT_MODIFIER,candidate-engine,/telangana/customised-technology-accessories,/telangana/custom-technology-accessories,1,Merged into the custom-intent canonical to prevent spelling and same-intent cannibalization.,NO
SAME_INTENT_MODIFIER,candidate-engine,/telangana/personalized-technology-accessories,/telangana/custom-technology-accessories,1,Merged into the custom-intent canonical to prevent spelling and same-intent cannibalization.,NO
SAME_INTENT_MODIFIER,candidate-engine,/west-bengal/customised-technology-accessories,/west-bengal/custom-technology-accessories,1,Merged into the custom-intent canonical to prevent spelling and same-intent cannibalization.,NO
SAME_INTENT_MODIFIER,candidate-engine,/west-bengal/personalized-technology-accessories,/west-bengal/custom-technology-accessories,1,Merged into the custom-intent canonical to prevent spelling and same-intent cannibalization.,NO
SAME_INTENT_MODIFIER,candidate-engine,/mumbai/customised-technology-accessories,/mumbai/custom-technology-accessories,1,Merged into the custom-intent canonical to prevent spelling and same-intent cannibalization.,NO
SAME_INTENT_MODIFIER,candidate-engine,/mumbai/personalized-technology-accessories,/mumbai/custom-technology-accessories,1,Merged into the custom-intent canonical to prevent spelling and same-intent cannibalization.,NO
SAME_INTENT_MODIFIER,candidate-engine,/pune/customised-technology-accessories,/pune/custom-technology-accessories,1,Merged into the custom-intent canonical to prevent spelling and same-intent cannibalization.,NO
SAME_INTENT_MODIFIER,candidate-engine,/pune/personalized-technology-accessories,/pune/custom-technology-accessories,1,Merged into the custom-intent canonical to prevent spelling and same-intent cannibalization.,NO
SAME_INTENT_MODIFIER,candidate-engine,/bengaluru/customised-technology-accessories,/bengaluru/custom-technology-accessories,1,Merged into the custom-intent canonical to prevent spelling and same-intent cannibalization.,NO
SAME_INTENT_MODIFIER,candidate-engine,/bengaluru/personalized-technology-accessories,/bengaluru/custom-technology-accessories,1,Merged into the custom-intent canonical to prevent spelling and same-intent cannibalization.,NO
SAME_INTENT_MODIFIER,candidate-engine,/hyderabad/customised-technology-accessories,/hyderabad/custom-technology-accessories,1,Merged into the custom-intent canonical to prevent spelling and same-intent cannibalization.,NO
SAME_INTENT_MODIFIER,candidate-engine,/hyderabad/personalized-technology-accessories,/hyderabad/custom-technology-accessories,1,Merged into the custom-intent canonical to prevent spelling and same-intent cannibalization.,NO
SAME_INTENT_MODIFIER,candidate-engine,/chennai/customised-technology-accessories,/chennai/custom-technology-accessories,1,Merged into the custom-intent canonical to prevent spelling and same-intent cannibalization.,NO
SAME_INTENT_MODIFIER,candidate-engine,/chennai/personalized-technology-accessories,/chennai/custom-technology-accessories,1,Merged into the custom-intent canonical to prevent spelling and same-intent cannibalization.,NO
SAME_INTENT_MODIFIER,candidate-engine,/kolkata/customised-technology-accessories,/kolkata/custom-technology-accessories,1,Merged into the custom-intent canonical to prevent spelling and same-intent cannibalization.,NO
SAME_INTENT_MODIFIER,candidate-engine,/kolkata/personalized-technology-accessories,/kolkata/custom-technology-accessories,1,Merged into the custom-intent canonical to prevent spelling and same-intent cannibalization.,NO
SAME_INTENT_MODIFIER,candidate-engine,/ahmedabad/customised-technology-accessories,/ahmedabad/custom-technology-accessories,1,Merged into the custom-intent canonical to prevent spelling and same-intent cannibalization.,NO
SAME_INTENT_MODIFIER,candidate-engine,/ahmedabad/personalized-technology-accessories,/ahmedabad/custom-technology-accessories,1,Merged into the custom-intent canonical to prevent spelling and same-intent cannibalization.,NO
SAME_INTENT_MODIFIER,candidate-engine,/lucknow/customised-technology-accessories,/lucknow/custom-technology-accessories,1,Merged into the custom-intent canonical to prevent spelling and same-intent cannibalization.,NO
SAME_INTENT_MODIFIER,candidate-engine,/lucknow/personalized-technology-accessories,/lucknow/custom-technology-accessories,1,Merged into the custom-intent canonical to prevent spelling and same-intent cannibalization.,NO
SAME_INTENT_MODIFIER,candidate-engine,/india/customised-wireless-charging,/india/custom-wireless-charging,1,Merged into the custom-intent canonical to prevent spelling and same-intent cannibalization.,NO
SAME_INTENT_MODIFIER,candidate-engine,/india/personalized-wireless-charging,/india/custom-wireless-charging,1,Merged into the custom-intent canonical to prevent spelling and same-intent cannibalization.,NO
SAME_INTENT_MODIFIER,candidate-engine,/delhi/customised-wireless-charging,/delhi/custom-wireless-charging,1,Merged into the custom-intent canonical to prevent spelling and same-intent cannibalization.,NO
SAME_INTENT_MODIFIER,candidate-engine,/delhi/personalized-wireless-charging,/delhi/custom-wireless-charging,1,Merged into the custom-intent canonical to prevent spelling and same-intent cannibalization.,NO
SAME_INTENT_MODIFIER,candidate-engine,/noida/customised-wireless-charging,/noida/custom-wireless-charging,1,Merged into the custom-intent canonical to prevent spelling and same-intent cannibalization.,NO
SAME_INTENT_MODIFIER,candidate-engine,/noida/personalized-wireless-charging,/noida/custom-wireless-charging,1,Merged into the custom-intent canonical to prevent spelling and same-intent cannibalization.,NO
SAME_INTENT_MODIFIER,candidate-engine,/greater-noida/customised-wireless-charging,/greater-noida/custom-wireless-charging,1,Merged into the custom-intent canonical to prevent spelling and same-intent cannibalization.,NO
SAME_INTENT_MODIFIER,candidate-engine,/greater-noida/personalized-wireless-charging,/greater-noida/custom-wireless-charging,1,Merged into the custom-intent canonical to prevent spelling and same-intent cannibalization.,NO
SAME_INTENT_MODIFIER,candidate-engine,/gurgaon/customised-wireless-charging,/gurgaon/custom-wireless-charging,1,Merged into the custom-intent canonical to prevent spelling and same-intent cannibalization.,NO
SAME_INTENT_MODIFIER,candidate-engine,/gurgaon/personalized-wireless-charging,/gurgaon/custom-wireless-charging,1,Merged into the custom-intent canonical to prevent spelling and same-intent cannibalization.,NO
SAME_INTENT_MODIFIER,candidate-engine,/faridabad/customised-wireless-charging,/faridabad/custom-wireless-charging,1,Merged into the custom-intent canonical to prevent spelling and same-intent cannibalization.,NO
SAME_INTENT_MODIFIER,candidate-engine,/faridabad/personalized-wireless-charging,/faridabad/custom-wireless-charging,1,Merged into the custom-intent canonical to prevent spelling and same-intent cannibalization.,NO
SAME_INTENT_MODIFIER,candidate-engine,/ghaziabad/customised-wireless-charging,/ghaziabad/custom-wireless-charging,1,Merged into the custom-intent canonical to prevent spelling and same-intent cannibalization.,NO
SAME_INTENT_MODIFIER,candidate-engine,/ghaziabad/personalized-wireless-charging,/ghaziabad/custom-wireless-charging,1,Merged into the custom-intent canonical to prevent spelling and same-intent cannibalization.,NO
SAME_INTENT_MODIFIER,candidate-engine,/haryana/customised-wireless-charging,/haryana/custom-wireless-charging,1,Merged into the custom-intent canonical to prevent spelling and same-intent cannibalization.,NO
SAME_INTENT_MODIFIER,candidate-engine,/haryana/personalized-wireless-charging,/haryana/custom-wireless-charging,1,Merged into the custom-intent canonical to prevent spelling and same-intent cannibalization.,NO
SAME_INTENT_MODIFIER,candidate-engine,/uttar-pradesh/customised-wireless-charging,/uttar-pradesh/custom-wireless-charging,1,Merged into the custom-intent canonical to prevent spelling and same-intent cannibalization.,NO
SAME_INTENT_MODIFIER,candidate-engine,/uttar-pradesh/personalized-wireless-charging,/uttar-pradesh/custom-wireless-charging,1,Merged into the custom-intent canonical to prevent spelling and same-intent cannibalization.,NO
SAME_INTENT_MODIFIER,candidate-engine,/maharashtra/customised-wireless-charging,/maharashtra/custom-wireless-charging,1,Merged into the custom-intent canonical to prevent spelling and same-intent cannibalization.,NO
SAME_INTENT_MODIFIER,candidate-engine,/maharashtra/personalized-wireless-charging,/maharashtra/custom-wireless-charging,1,Merged into the custom-intent canonical to prevent spelling and same-intent cannibalization.,NO
SAME_INTENT_MODIFIER,candidate-engine,/karnataka/customised-wireless-charging,/karnataka/custom-wireless-charging,1,Merged into the custom-intent canonical to prevent spelling and same-intent cannibalization.,NO
SAME_INTENT_MODIFIER,candidate-engine,/karnataka/personalized-wireless-charging,/karnataka/custom-wireless-charging,1,Merged into the custom-intent canonical to prevent spelling and same-intent cannibalization.,NO
SAME_INTENT_MODIFIER,candidate-engine,/tamil-nadu/customised-wireless-charging,/tamil-nadu/custom-wireless-charging,1,Merged into the custom-intent canonical to prevent spelling and same-intent cannibalization.,NO
SAME_INTENT_MODIFIER,candidate-engine,/tamil-nadu/personalized-wireless-charging,/tamil-nadu/custom-wireless-charging,1,Merged into the custom-intent canonical to prevent spelling and same-intent cannibalization.,NO
SAME_INTENT_MODIFIER,candidate-engine,/telangana/customised-wireless-charging,/telangana/custom-wireless-charging,1,Merged into the custom-intent canonical to prevent spelling and same-intent cannibalization.,NO
SAME_INTENT_MODIFIER,candidate-engine,/telangana/personalized-wireless-charging,/telangana/custom-wireless-charging,1,Merged into the custom-intent canonical to prevent spelling and same-intent cannibalization.,NO
SAME_INTENT_MODIFIER,candidate-engine,/west-bengal/customised-wireless-charging,/west-bengal/custom-wireless-charging,1,Merged into the custom-intent canonical to prevent spelling and same-intent cannibalization.,NO
SAME_INTENT_MODIFIER,candidate-engine,/west-bengal/personalized-wireless-charging,/west-bengal/custom-wireless-charging,1,Merged into the custom-intent canonical to prevent spelling and same-intent cannibalization.,NO
SAME_INTENT_MODIFIER,candidate-engine,/mumbai/customised-wireless-charging,/mumbai/custom-wireless-charging,1,Merged into the custom-intent canonical to prevent spelling and same-intent cannibalization.,NO
SAME_INTENT_MODIFIER,candidate-engine,/mumbai/personalized-wireless-charging,/mumbai/custom-wireless-charging,1,Merged into the custom-intent canonical to prevent spelling and same-intent cannibalization.,NO
SAME_INTENT_MODIFIER,candidate-engine,/pune/customised-wireless-charging,/pune/custom-wireless-charging,1,Merged into the custom-intent canonical to prevent spelling and same-intent cannibalization.,NO
SAME_INTENT_MODIFIER,candidate-engine,/pune/personalized-wireless-charging,/pune/custom-wireless-charging,1,Merged into the custom-intent canonical to prevent spelling and same-intent cannibalization.,NO
SAME_INTENT_MODIFIER,candidate-engine,/bengaluru/customised-wireless-charging,/bengaluru/custom-wireless-charging,1,Merged into the custom-intent canonical to prevent spelling and same-intent cannibalization.,NO
SAME_INTENT_MODIFIER,candidate-engine,/bengaluru/personalized-wireless-charging,/bengaluru/custom-wireless-charging,1,Merged into the custom-intent canonical to prevent spelling and same-intent cannibalization.,NO
SAME_INTENT_MODIFIER,candidate-engine,/hyderabad/customised-wireless-charging,/hyderabad/custom-wireless-charging,1,Merged into the custom-intent canonical to prevent spelling and same-intent cannibalization.,NO
SAME_INTENT_MODIFIER,candidate-engine,/hyderabad/personalized-wireless-charging,/hyderabad/custom-wireless-charging,1,Merged into the custom-intent canonical to prevent spelling and same-intent cannibalization.,NO
SAME_INTENT_MODIFIER,candidate-engine,/chennai/customised-wireless-charging,/chennai/custom-wireless-charging,1,Merged into the custom-intent canonical to prevent spelling and same-intent cannibalization.,NO
SAME_INTENT_MODIFIER,candidate-engine,/chennai/personalized-wireless-charging,/chennai/custom-wireless-charging,1,Merged into the custom-intent canonical to prevent spelling and same-intent cannibalization.,NO
SAME_INTENT_MODIFIER,candidate-engine,/kolkata/customised-wireless-charging,/kolkata/custom-wireless-charging,1,Merged into the custom-intent canonical to prevent spelling and same-intent cannibalization.,NO
SAME_INTENT_MODIFIER,candidate-engine,/kolkata/personalized-wireless-charging,/kolkata/custom-wireless-charging,1,Merged into the custom-intent canonical to prevent spelling and same-intent cannibalization.,NO
SAME_INTENT_MODIFIER,candidate-engine,/ahmedabad/customised-wireless-charging,/ahmedabad/custom-wireless-charging,1,Merged into the custom-intent canonical to prevent spelling and same-intent cannibalization.,NO
SAME_INTENT_MODIFIER,candidate-engine,/ahmedabad/personalized-wireless-charging,/ahmedabad/custom-wireless-charging,1,Merged into the custom-intent canonical to prevent spelling and same-intent cannibalization.,NO
SAME_INTENT_MODIFIER,candidate-engine,/lucknow/customised-wireless-charging,/lucknow/custom-wireless-charging,1,Merged into the custom-intent canonical to prevent spelling and same-intent cannibalization.,NO
SAME_INTENT_MODIFIER,candidate-engine,/lucknow/personalized-wireless-charging,/lucknow/custom-wireless-charging,1,Merged into the custom-intent canonical to prevent spelling and same-intent cannibalization.,NO
SAME_INTENT_MODIFIER,candidate-engine,/india/customised-computer-accessories,/india/custom-computer-accessories,1,Merged into the custom-intent canonical to prevent spelling and same-intent cannibalization.,NO
SAME_INTENT_MODIFIER,candidate-engine,/india/personalized-computer-accessories,/india/custom-computer-accessories,1,Merged into the custom-intent canonical to prevent spelling and same-intent cannibalization.,NO
SAME_INTENT_MODIFIER,candidate-engine,/delhi/customised-computer-accessories,/delhi/custom-computer-accessories,1,Merged into the custom-intent canonical to prevent spelling and same-intent cannibalization.,NO
SAME_INTENT_MODIFIER,candidate-engine,/delhi/personalized-computer-accessories,/delhi/custom-computer-accessories,1,Merged into the custom-intent canonical to prevent spelling and same-intent cannibalization.,NO
SAME_INTENT_MODIFIER,candidate-engine,/noida/customised-computer-accessories,/noida/custom-computer-accessories,1,Merged into the custom-intent canonical to prevent spelling and same-intent cannibalization.,NO
SAME_INTENT_MODIFIER,candidate-engine,/noida/personalized-computer-accessories,/noida/custom-computer-accessories,1,Merged into the custom-intent canonical to prevent spelling and same-intent cannibalization.,NO
SAME_INTENT_MODIFIER,candidate-engine,/greater-noida/customised-computer-accessories,/greater-noida/custom-computer-accessories,1,Merged into the custom-intent canonical to prevent spelling and same-intent cannibalization.,NO
SAME_INTENT_MODIFIER,candidate-engine,/greater-noida/personalized-computer-accessories,/greater-noida/custom-computer-accessories,1,Merged into the custom-intent canonical to prevent spelling and same-intent cannibalization.,NO
SAME_INTENT_MODIFIER,candidate-engine,/gurgaon/customised-computer-accessories,/gurgaon/custom-computer-accessories,1,Merged into the custom-intent canonical to prevent spelling and same-intent cannibalization.,NO
SAME_INTENT_MODIFIER,candidate-engine,/gurgaon/personalized-computer-accessories,/gurgaon/custom-computer-accessories,1,Merged into the custom-intent canonical to prevent spelling and same-intent cannibalization.,NO
SAME_INTENT_MODIFIER,candidate-engine,/faridabad/customised-computer-accessories,/faridabad/custom-computer-accessories,1,Merged into the custom-intent canonical to prevent spelling and same-intent cannibalization.,NO
SAME_INTENT_MODIFIER,candidate-engine,/faridabad/personalized-computer-accessories,/faridabad/custom-computer-accessories,1,Merged into the custom-intent canonical to prevent spelling and same-intent cannibalization.,NO
SAME_INTENT_MODIFIER,candidate-engine,/ghaziabad/customised-computer-accessories,/ghaziabad/custom-computer-accessories,1,Merged into the custom-intent canonical to prevent spelling and same-intent cannibalization.,NO
SAME_INTENT_MODIFIER,candidate-engine,/ghaziabad/personalized-computer-accessories,/ghaziabad/custom-computer-accessories,1,Merged into the custom-intent canonical to prevent spelling and same-intent cannibalization.,NO
SAME_INTENT_MODIFIER,candidate-engine,/haryana/customised-computer-accessories,/haryana/custom-computer-accessories,1,Merged into the custom-intent canonical to prevent spelling and same-intent cannibalization.,NO
SAME_INTENT_MODIFIER,candidate-engine,/haryana/personalized-computer-accessories,/haryana/custom-computer-accessories,1,Merged into the custom-intent canonical to prevent spelling and same-intent cannibalization.,NO
SAME_INTENT_MODIFIER,candidate-engine,/uttar-pradesh/customised-computer-accessories,/uttar-pradesh/custom-computer-accessories,1,Merged into the custom-intent canonical to prevent spelling and same-intent cannibalization.,NO
SAME_INTENT_MODIFIER,candidate-engine,/uttar-pradesh/personalized-computer-accessories,/uttar-pradesh/custom-computer-accessories,1,Merged into the custom-intent canonical to prevent spelling and same-intent cannibalization.,NO
SAME_INTENT_MODIFIER,candidate-engine,/maharashtra/customised-computer-accessories,/maharashtra/custom-computer-accessories,1,Merged into the custom-intent canonical to prevent spelling and same-intent cannibalization.,NO
SAME_INTENT_MODIFIER,candidate-engine,/maharashtra/personalized-computer-accessories,/maharashtra/custom-computer-accessories,1,Merged into the custom-intent canonical to prevent spelling and same-intent cannibalization.,NO
SAME_INTENT_MODIFIER,candidate-engine,/karnataka/customised-computer-accessories,/karnataka/custom-computer-accessories,1,Merged into the custom-intent canonical to prevent spelling and same-intent cannibalization.,NO
SAME_INTENT_MODIFIER,candidate-engine,/karnataka/personalized-computer-accessories,/karnataka/custom-computer-accessories,1,Merged into the custom-intent canonical to prevent spelling and same-intent cannibalization.,NO
SAME_INTENT_MODIFIER,candidate-engine,/tamil-nadu/customised-computer-accessories,/tamil-nadu/custom-computer-accessories,1,Merged into the custom-intent canonical to prevent spelling and same-intent cannibalization.,NO
SAME_INTENT_MODIFIER,candidate-engine,/tamil-nadu/personalized-computer-accessories,/tamil-nadu/custom-computer-accessories,1,Merged into the custom-intent canonical to prevent spelling and same-intent cannibalization.,NO
SAME_INTENT_MODIFIER,candidate-engine,/telangana/customised-computer-accessories,/telangana/custom-computer-accessories,1,Merged into the custom-intent canonical to prevent spelling and same-intent cannibalization.,NO
SAME_INTENT_MODIFIER,candidate-engine,/telangana/personalized-computer-accessories,/telangana/custom-computer-accessories,1,Merged into the custom-intent canonical to prevent spelling and same-intent cannibalization.,NO
SAME_INTENT_MODIFIER,candidate-engine,/west-bengal/customised-computer-accessories,/west-bengal/custom-computer-accessories,1,Merged into the custom-intent canonical to prevent spelling and same-intent cannibalization.,NO
SAME_INTENT_MODIFIER,candidate-engine,/west-bengal/personalized-computer-accessories,/west-bengal/custom-computer-accessories,1,Merged into the custom-intent canonical to prevent spelling and same-intent cannibalization.,NO
SAME_INTENT_MODIFIER,candidate-engine,/mumbai/customised-computer-accessories,/mumbai/custom-computer-accessories,1,Merged into the custom-intent canonical to prevent spelling and same-intent cannibalization.,NO
SAME_INTENT_MODIFIER,candidate-engine,/mumbai/personalized-computer-accessories,/mumbai/custom-computer-accessories,1,Merged into the custom-intent canonical to prevent spelling and same-intent cannibalization.,NO
SAME_INTENT_MODIFIER,candidate-engine,/pune/customised-computer-accessories,/pune/custom-computer-accessories,1,Merged into the custom-intent canonical to prevent spelling and same-intent cannibalization.,NO
SAME_INTENT_MODIFIER,candidate-engine,/pune/personalized-computer-accessories,/pune/custom-computer-accessories,1,Merged into the custom-intent canonical to prevent spelling and same-intent cannibalization.,NO
SAME_INTENT_MODIFIER,candidate-engine,/bengaluru/customised-computer-accessories,/bengaluru/custom-computer-accessories,1,Merged into the custom-intent canonical to prevent spelling and same-intent cannibalization.,NO
SAME_INTENT_MODIFIER,candidate-engine,/bengaluru/personalized-computer-accessories,/bengaluru/custom-computer-accessories,1,Merged into the custom-intent canonical to prevent spelling and same-intent cannibalization.,NO
SAME_INTENT_MODIFIER,candidate-engine,/hyderabad/customised-computer-accessories,/hyderabad/custom-computer-accessories,1,Merged into the custom-intent canonical to prevent spelling and same-intent cannibalization.,NO
SAME_INTENT_MODIFIER,candidate-engine,/hyderabad/personalized-computer-accessories,/hyderabad/custom-computer-accessories,1,Merged into the custom-intent canonical to prevent spelling and same-intent cannibalization.,NO
SAME_INTENT_MODIFIER,candidate-engine,/chennai/customised-computer-accessories,/chennai/custom-computer-accessories,1,Merged into the custom-intent canonical to prevent spelling and same-intent cannibalization.,NO
SAME_INTENT_MODIFIER,candidate-engine,/chennai/personalized-computer-accessories,/chennai/custom-computer-accessories,1,Merged into the custom-intent canonical to prevent spelling and same-intent cannibalization.,NO
SAME_INTENT_MODIFIER,candidate-engine,/kolkata/customised-computer-accessories,/kolkata/custom-computer-accessories,1,Merged into the custom-intent canonical to prevent spelling and same-intent cannibalization.,NO
SAME_INTENT_MODIFIER,candidate-engine,/kolkata/personalized-computer-accessories,/kolkata/custom-computer-accessories,1,Merged into the custom-intent canonical to prevent spelling and same-intent cannibalization.,NO
SAME_INTENT_MODIFIER,candidate-engine,/ahmedabad/customised-computer-accessories,/ahmedabad/custom-computer-accessories,1,Merged into the custom-intent canonical to prevent spelling and same-intent cannibalization.,NO
SAME_INTENT_MODIFIER,candidate-engine,/ahmedabad/personalized-computer-accessories,/ahmedabad/custom-computer-accessories,1,Merged into the custom-intent canonical to prevent spelling and same-intent cannibalization.,NO
SAME_INTENT_MODIFIER,candidate-engine,/lucknow/customised-computer-accessories,/lucknow/custom-computer-accessories,1,Merged into the custom-intent canonical to prevent spelling and same-intent cannibalization.,NO
SAME_INTENT_MODIFIER,candidate-engine,/lucknow/personalized-computer-accessories,/lucknow/custom-computer-accessories,1,Merged into the custom-intent canonical to prevent spelling and same-intent cannibalization.,NO
SAME_INTENT_MODIFIER,candidate-engine,/india/customised-power-banks,/india/custom-power-banks,1,Merged into the custom-intent canonical to prevent spelling and same-intent cannibalization.,NO
SAME_INTENT_MODIFIER,candidate-engine,/india/personalized-power-banks,/india/custom-power-banks,1,Merged into the custom-intent canonical to prevent spelling and same-intent cannibalization.,NO
SAME_INTENT_MODIFIER,candidate-engine,/delhi/customised-power-banks,/delhi/custom-power-banks,1,Merged into the custom-intent canonical to prevent spelling and same-intent cannibalization.,NO
SAME_INTENT_MODIFIER,candidate-engine,/delhi/personalized-power-banks,/delhi/custom-power-banks,1,Merged into the custom-intent canonical to prevent spelling and same-intent cannibalization.,NO
SAME_INTENT_MODIFIER,candidate-engine,/noida/customised-power-banks,/noida/custom-power-banks,1,Merged into the custom-intent canonical to prevent spelling and same-intent cannibalization.,NO
SAME_INTENT_MODIFIER,candidate-engine,/noida/personalized-power-banks,/noida/custom-power-banks,1,Merged into the custom-intent canonical to prevent spelling and same-intent cannibalization.,NO
SAME_INTENT_MODIFIER,candidate-engine,/greater-noida/customised-power-banks,/greater-noida/custom-power-banks,1,Merged into the custom-intent canonical to prevent spelling and same-intent cannibalization.,NO
SAME_INTENT_MODIFIER,candidate-engine,/greater-noida/personalized-power-banks,/greater-noida/custom-power-banks,1,Merged into the custom-intent canonical to prevent spelling and same-intent cannibalization.,NO
SAME_INTENT_MODIFIER,candidate-engine,/gurgaon/customised-power-banks,/gurgaon/custom-power-banks,1,Merged into the custom-intent canonical to prevent spelling and same-intent cannibalization.,NO
SAME_INTENT_MODIFIER,candidate-engine,/gurgaon/personalized-power-banks,/gurgaon/custom-power-banks,1,Merged into the custom-intent canonical to prevent spelling and same-intent cannibalization.,NO
SAME_INTENT_MODIFIER,candidate-engine,/faridabad/customised-power-banks,/faridabad/custom-power-banks,1,Merged into the custom-intent canonical to prevent spelling and same-intent cannibalization.,NO
SAME_INTENT_MODIFIER,candidate-engine,/faridabad/personalized-power-banks,/faridabad/custom-power-banks,1,Merged into the custom-intent canonical to prevent spelling and same-intent cannibalization.,NO
SAME_INTENT_MODIFIER,candidate-engine,/ghaziabad/customised-power-banks,/ghaziabad/custom-power-banks,1,Merged into the custom-intent canonical to prevent spelling and same-intent cannibalization.,NO
SAME_INTENT_MODIFIER,candidate-engine,/ghaziabad/personalized-power-banks,/ghaziabad/custom-power-banks,1,Merged into the custom-intent canonical to prevent spelling and same-intent cannibalization.,NO
SAME_INTENT_MODIFIER,candidate-engine,/haryana/customised-power-banks,/haryana/custom-power-banks,1,Merged into the custom-intent canonical to prevent spelling and same-intent cannibalization.,NO
SAME_INTENT_MODIFIER,candidate-engine,/haryana/personalized-power-banks,/haryana/custom-power-banks,1,Merged into the custom-intent canonical to prevent spelling and same-intent cannibalization.,NO
SAME_INTENT_MODIFIER,candidate-engine,/uttar-pradesh/customised-power-banks,/uttar-pradesh/custom-power-banks,1,Merged into the custom-intent canonical to prevent spelling and same-intent cannibalization.,NO
SAME_INTENT_MODIFIER,candidate-engine,/uttar-pradesh/personalized-power-banks,/uttar-pradesh/custom-power-banks,1,Merged into the custom-intent canonical to prevent spelling and same-intent cannibalization.,NO
SAME_INTENT_MODIFIER,candidate-engine,/maharashtra/customised-power-banks,/maharashtra/custom-power-banks,1,Merged into the custom-intent canonical to prevent spelling and same-intent cannibalization.,NO
SAME_INTENT_MODIFIER,candidate-engine,/maharashtra/personalized-power-banks,/maharashtra/custom-power-banks,1,Merged into the custom-intent canonical to prevent spelling and same-intent cannibalization.,NO
SAME_INTENT_MODIFIER,candidate-engine,/karnataka/customised-power-banks,/karnataka/custom-power-banks,1,Merged into the custom-intent canonical to prevent spelling and same-intent cannibalization.,NO
SAME_INTENT_MODIFIER,candidate-engine,/karnataka/personalized-power-banks,/karnataka/custom-power-banks,1,Merged into the custom-intent canonical to prevent spelling and same-intent cannibalization.,NO
SAME_INTENT_MODIFIER,candidate-engine,/tamil-nadu/customised-power-banks,/tamil-nadu/custom-power-banks,1,Merged into the custom-intent canonical to prevent spelling and same-intent cannibalization.,NO
SAME_INTENT_MODIFIER,candidate-engine,/tamil-nadu/personalized-power-banks,/tamil-nadu/custom-power-banks,1,Merged into the custom-intent canonical to prevent spelling and same-intent cannibalization.,NO
SAME_INTENT_MODIFIER,candidate-engine,/telangana/customised-power-banks,/telangana/custom-power-banks,1,Merged into the custom-intent canonical to prevent spelling and same-intent cannibalization.,NO
SAME_INTENT_MODIFIER,candidate-engine,/telangana/personalized-power-banks,/telangana/custom-power-banks,1,Merged into the custom-intent canonical to prevent spelling and same-intent cannibalization.,NO
SAME_INTENT_MODIFIER,candidate-engine,/west-bengal/customised-power-banks,/west-bengal/custom-power-banks,1,Merged into the custom-intent canonical to prevent spelling and same-intent cannibalization.,NO
SAME_INTENT_MODIFIER,candidate-engine,/west-bengal/personalized-power-banks,/west-bengal/custom-power-banks,1,Merged into the custom-intent canonical to prevent spelling and same-intent cannibalization.,NO
SAME_INTENT_MODIFIER,candidate-engine,/mumbai/customised-power-banks,/mumbai/custom-power-banks,1,Merged into the custom-intent canonical to prevent spelling and same-intent cannibalization.,NO
SAME_INTENT_MODIFIER,candidate-engine,/mumbai/personalized-power-banks,/mumbai/custom-power-banks,1,Merged into the custom-intent canonical to prevent spelling and same-intent cannibalization.,NO
SAME_INTENT_MODIFIER,candidate-engine,/pune/customised-power-banks,/pune/custom-power-banks,1,Merged into the custom-intent canonical to prevent spelling and same-intent cannibalization.,NO
SAME_INTENT_MODIFIER,candidate-engine,/pune/personalized-power-banks,/pune/custom-power-banks,1,Merged into the custom-intent canonical to prevent spelling and same-intent cannibalization.,NO
SAME_INTENT_MODIFIER,candidate-engine,/bengaluru/customised-power-banks,/bengaluru/custom-power-banks,1,Merged into the custom-intent canonical to prevent spelling and same-intent cannibalization.,NO
SAME_INTENT_MODIFIER,candidate-engine,/bengaluru/personalized-power-banks,/bengaluru/custom-power-banks,1,Merged into the custom-intent canonical to prevent spelling and same-intent cannibalization.,NO
SAME_INTENT_MODIFIER,candidate-engine,/hyderabad/customised-power-banks,/hyderabad/custom-power-banks,1,Merged into the custom-intent canonical to prevent spelling and same-intent cannibalization.,NO
SAME_INTENT_MODIFIER,candidate-engine,/hyderabad/personalized-power-banks,/hyderabad/custom-power-banks,1,Merged into the custom-intent canonical to prevent spelling and same-intent cannibalization.,NO
SAME_INTENT_MODIFIER,candidate-engine,/chennai/customised-power-banks,/chennai/custom-power-banks,1,Merged into the custom-intent canonical to prevent spelling and same-intent cannibalization.,NO
SAME_INTENT_MODIFIER,candidate-engine,/chennai/personalized-power-banks,/chennai/custom-power-banks,1,Merged into the custom-intent canonical to prevent spelling and same-intent cannibalization.,NO
SAME_INTENT_MODIFIER,candidate-engine,/kolkata/customised-power-banks,/kolkata/custom-power-banks,1,Merged into the custom-intent canonical to prevent spelling and same-intent cannibalization.,NO
SAME_INTENT_MODIFIER,candidate-engine,/kolkata/personalized-power-banks,/kolkata/custom-power-banks,1,Merged into the custom-intent canonical to prevent spelling and same-intent cannibalization.,NO
SAME_INTENT_MODIFIER,candidate-engine,/ahmedabad/customised-power-banks,/ahmedabad/custom-power-banks,1,Merged into the custom-intent canonical to prevent spelling and same-intent cannibalization.,NO
SAME_INTENT_MODIFIER,candidate-engine,/ahmedabad/personalized-power-banks,/ahmedabad/custom-power-banks,1,Merged into the custom-intent canonical to prevent spelling and same-intent cannibalization.,NO
SAME_INTENT_MODIFIER,candidate-engine,/lucknow/customised-power-banks,/lucknow/custom-power-banks,1,Merged into the custom-intent canonical to prevent spelling and same-intent cannibalization.,NO
SAME_INTENT_MODIFIER,candidate-engine,/lucknow/personalized-power-banks,/lucknow/custom-power-banks,1,Merged into the custom-intent canonical to prevent spelling and same-intent cannibalization.,NO
SAME_INTENT_MODIFIER,candidate-engine,/india/customised-desktop-and-mousepad,/india/custom-desktop-and-mousepad,1,Merged into the custom-intent canonical to prevent spelling and same-intent cannibalization.,NO
SAME_INTENT_MODIFIER,candidate-engine,/india/personalized-desktop-and-mousepad,/india/custom-desktop-and-mousepad,1,Merged into the custom-intent canonical to prevent spelling and same-intent cannibalization.,NO
SAME_INTENT_MODIFIER,candidate-engine,/delhi/customised-desktop-and-mousepad,/delhi/custom-desktop-and-mousepad,1,Merged into the custom-intent canonical to prevent spelling and same-intent cannibalization.,NO
SAME_INTENT_MODIFIER,candidate-engine,/delhi/personalized-desktop-and-mousepad,/delhi/custom-desktop-and-mousepad,1,Merged into the custom-intent canonical to prevent spelling and same-intent cannibalization.,NO
SAME_INTENT_MODIFIER,candidate-engine,/noida/customised-desktop-and-mousepad,/noida/custom-desktop-and-mousepad,1,Merged into the custom-intent canonical to prevent spelling and same-intent cannibalization.,NO
SAME_INTENT_MODIFIER,candidate-engine,/noida/personalized-desktop-and-mousepad,/noida/custom-desktop-and-mousepad,1,Merged into the custom-intent canonical to prevent spelling and same-intent cannibalization.,NO
SAME_INTENT_MODIFIER,candidate-engine,/greater-noida/customised-desktop-and-mousepad,/greater-noida/custom-desktop-and-mousepad,1,Merged into the custom-intent canonical to prevent spelling and same-intent cannibalization.,NO
SAME_INTENT_MODIFIER,candidate-engine,/greater-noida/personalized-desktop-and-mousepad,/greater-noida/custom-desktop-and-mousepad,1,Merged into the custom-intent canonical to prevent spelling and same-intent cannibalization.,NO
SAME_INTENT_MODIFIER,candidate-engine,/gurgaon/customised-desktop-and-mousepad,/gurgaon/custom-desktop-and-mousepad,1,Merged into the custom-intent canonical to prevent spelling and same-intent cannibalization.,NO
SAME_INTENT_MODIFIER,candidate-engine,/gurgaon/personalized-desktop-and-mousepad,/gurgaon/custom-desktop-and-mousepad,1,Merged into the custom-intent canonical to prevent spelling and same-intent cannibalization.,NO
SAME_INTENT_MODIFIER,candidate-engine,/faridabad/customised-desktop-and-mousepad,/faridabad/custom-desktop-and-mousepad,1,Merged into the custom-intent canonical to prevent spelling and same-intent cannibalization.,NO
SAME_INTENT_MODIFIER,candidate-engine,/faridabad/personalized-desktop-and-mousepad,/faridabad/custom-desktop-and-mousepad,1,Merged into the custom-intent canonical to prevent spelling and same-intent cannibalization.,NO
SAME_INTENT_MODIFIER,candidate-engine,/ghaziabad/customised-desktop-and-mousepad,/ghaziabad/custom-desktop-and-mousepad,1,Merged into the custom-intent canonical to prevent spelling and same-intent cannibalization.,NO
SAME_INTENT_MODIFIER,candidate-engine,/ghaziabad/personalized-desktop-and-mousepad,/ghaziabad/custom-desktop-and-mousepad,1,Merged into the custom-intent canonical to prevent spelling and same-intent cannibalization.,NO
SAME_INTENT_MODIFIER,candidate-engine,/haryana/customised-desktop-and-mousepad,/haryana/custom-desktop-and-mousepad,1,Merged into the custom-intent canonical to prevent spelling and same-intent cannibalization.,NO
SAME_INTENT_MODIFIER,candidate-engine,/haryana/personalized-desktop-and-mousepad,/haryana/custom-desktop-and-mousepad,1,Merged into the custom-intent canonical to prevent spelling and same-intent cannibalization.,NO
SAME_INTENT_MODIFIER,candidate-engine,/uttar-pradesh/customised-desktop-and-mousepad,/uttar-pradesh/custom-desktop-and-mousepad,1,Merged into the custom-intent canonical to prevent spelling and same-intent cannibalization.,NO
SAME_INTENT_MODIFIER,candidate-engine,/uttar-pradesh/personalized-desktop-and-mousepad,/uttar-pradesh/custom-desktop-and-mousepad,1,Merged into the custom-intent canonical to prevent spelling and same-intent cannibalization.,NO
SAME_INTENT_MODIFIER,candidate-engine,/maharashtra/customised-desktop-and-mousepad,/maharashtra/custom-desktop-and-mousepad,1,Merged into the custom-intent canonical to prevent spelling and same-intent cannibalization.,NO
SAME_INTENT_MODIFIER,candidate-engine,/maharashtra/personalized-desktop-and-mousepad,/maharashtra/custom-desktop-and-mousepad,1,Merged into the custom-intent canonical to prevent spelling and same-intent cannibalization.,NO
SAME_INTENT_MODIFIER,candidate-engine,/karnataka/customised-desktop-and-mousepad,/karnataka/custom-desktop-and-mousepad,1,Merged into the custom-intent canonical to prevent spelling and same-intent cannibalization.,NO
SAME_INTENT_MODIFIER,candidate-engine,/karnataka/personalized-desktop-and-mousepad,/karnataka/custom-desktop-and-mousepad,1,Merged into the custom-intent canonical to prevent spelling and same-intent cannibalization.,NO
SAME_INTENT_MODIFIER,candidate-engine,/tamil-nadu/customised-desktop-and-mousepad,/tamil-nadu/custom-desktop-and-mousepad,1,Merged into the custom-intent canonical to prevent spelling and same-intent cannibalization.,NO
SAME_INTENT_MODIFIER,candidate-engine,/tamil-nadu/personalized-desktop-and-mousepad,/tamil-nadu/custom-desktop-and-mousepad,1,Merged into the custom-intent canonical to prevent spelling and same-intent cannibalization.,NO
SAME_INTENT_MODIFIER,candidate-engine,/telangana/customised-desktop-and-mousepad,/telangana/custom-desktop-and-mousepad,1,Merged into the custom-intent canonical to prevent spelling and same-intent cannibalization.,NO
SAME_INTENT_MODIFIER,candidate-engine,/telangana/personalized-desktop-and-mousepad,/telangana/custom-desktop-and-mousepad,1,Merged into the custom-intent canonical to prevent spelling and same-intent cannibalization.,NO
SAME_INTENT_MODIFIER,candidate-engine,/west-bengal/customised-desktop-and-mousepad,/west-bengal/custom-desktop-and-mousepad,1,Merged into the custom-intent canonical to prevent spelling and same-intent cannibalization.,NO
SAME_INTENT_MODIFIER,candidate-engine,/west-bengal/personalized-desktop-and-mousepad,/west-bengal/custom-desktop-and-mousepad,1,Merged into the custom-intent canonical to prevent spelling and same-intent cannibalization.,NO
SAME_INTENT_MODIFIER,candidate-engine,/mumbai/customised-desktop-and-mousepad,/mumbai/custom-desktop-and-mousepad,1,Merged into the custom-intent canonical to prevent spelling and same-intent cannibalization.,NO
SAME_INTENT_MODIFIER,candidate-engine,/mumbai/personalized-desktop-and-mousepad,/mumbai/custom-desktop-and-mousepad,1,Merged into the custom-intent canonical to prevent spelling and same-intent cannibalization.,NO
SAME_INTENT_MODIFIER,candidate-engine,/pune/customised-desktop-and-mousepad,/pune/custom-desktop-and-mousepad,1,Merged into the custom-intent canonical to prevent spelling and same-intent cannibalization.,NO
SAME_INTENT_MODIFIER,candidate-engine,/pune/personalized-desktop-and-mousepad,/pune/custom-desktop-and-mousepad,1,Merged into the custom-intent canonical to prevent spelling and same-intent cannibalization.,NO
SAME_INTENT_MODIFIER,candidate-engine,/bengaluru/customised-desktop-and-mousepad,/bengaluru/custom-desktop-and-mousepad,1,Merged into the custom-intent canonical to prevent spelling and same-intent cannibalization.,NO
SAME_INTENT_MODIFIER,candidate-engine,/bengaluru/personalized-desktop-and-mousepad,/bengaluru/custom-desktop-and-mousepad,1,Merged into the custom-intent canonical to prevent spelling and same-intent cannibalization.,NO
SAME_INTENT_MODIFIER,candidate-engine,/hyderabad/customised-desktop-and-mousepad,/hyderabad/custom-desktop-and-mousepad,1,Merged into the custom-intent canonical to prevent spelling and same-intent cannibalization.,NO
SAME_INTENT_MODIFIER,candidate-engine,/hyderabad/personalized-desktop-and-mousepad,/hyderabad/custom-desktop-and-mousepad,1,Merged into the custom-intent canonical to prevent spelling and same-intent cannibalization.,NO
SAME_INTENT_MODIFIER,candidate-engine,/chennai/customised-desktop-and-mousepad,/chennai/custom-desktop-and-mousepad,1,Merged into the custom-intent canonical to prevent spelling and same-intent cannibalization.,NO
SAME_INTENT_MODIFIER,candidate-engine,/chennai/personalized-desktop-and-mousepad,/chennai/custom-desktop-and-mousepad,1,Merged into the custom-intent canonical to prevent spelling and same-intent cannibalization.,NO
SAME_INTENT_MODIFIER,candidate-engine,/kolkata/customised-desktop-and-mousepad,/kolkata/custom-desktop-and-mousepad,1,Merged into the custom-intent canonical to prevent spelling and same-intent cannibalization.,NO
SAME_INTENT_MODIFIER,candidate-engine,/kolkata/personalized-desktop-and-mousepad,/kolkata/custom-desktop-and-mousepad,1,Merged into the custom-intent canonical to prevent spelling and same-intent cannibalization.,NO
SAME_INTENT_MODIFIER,candidate-engine,/ahmedabad/customised-desktop-and-mousepad,/ahmedabad/custom-desktop-and-mousepad,1,Merged into the custom-intent canonical to prevent spelling and same-intent cannibalization.,NO
SAME_INTENT_MODIFIER,candidate-engine,/ahmedabad/personalized-desktop-and-mousepad,/ahmedabad/custom-desktop-and-mousepad,1,Merged into the custom-intent canonical to prevent spelling and same-intent cannibalization.,NO
SAME_INTENT_MODIFIER,candidate-engine,/lucknow/customised-desktop-and-mousepad,/lucknow/custom-desktop-and-mousepad,1,Merged into the custom-intent canonical to prevent spelling and same-intent cannibalization.,NO
SAME_INTENT_MODIFIER,candidate-engine,/lucknow/personalized-desktop-and-mousepad,/lucknow/custom-desktop-and-mousepad,1,Merged into the custom-intent canonical to prevent spelling and same-intent cannibalization.,NO
SAME_INTENT_MODIFIER,candidate-engine,/india/customised-eco-products,/india/custom-eco-products,1,Merged into the custom-intent canonical to prevent spelling and same-intent cannibalization.,NO
SAME_INTENT_MODIFIER,candidate-engine,/india/personalized-eco-products,/india/custom-eco-products,1,Merged into the custom-intent canonical to prevent spelling and same-intent cannibalization.,NO
SAME_INTENT_MODIFIER,candidate-engine,/delhi/customised-eco-products,/delhi/custom-eco-products,1,Merged into the custom-intent canonical to prevent spelling and same-intent cannibalization.,NO
SAME_INTENT_MODIFIER,candidate-engine,/delhi/personalized-eco-products,/delhi/custom-eco-products,1,Merged into the custom-intent canonical to prevent spelling and same-intent cannibalization.,NO
SAME_INTENT_MODIFIER,candidate-engine,/noida/customised-eco-products,/noida/custom-eco-products,1,Merged into the custom-intent canonical to prevent spelling and same-intent cannibalization.,NO
SAME_INTENT_MODIFIER,candidate-engine,/noida/personalized-eco-products,/noida/custom-eco-products,1,Merged into the custom-intent canonical to prevent spelling and same-intent cannibalization.,NO
SAME_INTENT_MODIFIER,candidate-engine,/greater-noida/customised-eco-products,/greater-noida/custom-eco-products,1,Merged into the custom-intent canonical to prevent spelling and same-intent cannibalization.,NO
SAME_INTENT_MODIFIER,candidate-engine,/greater-noida/personalized-eco-products,/greater-noida/custom-eco-products,1,Merged into the custom-intent canonical to prevent spelling and same-intent cannibalization.,NO
SAME_INTENT_MODIFIER,candidate-engine,/gurgaon/customised-eco-products,/gurgaon/custom-eco-products,1,Merged into the custom-intent canonical to prevent spelling and same-intent cannibalization.,NO
SAME_INTENT_MODIFIER,candidate-engine,/gurgaon/personalized-eco-products,/gurgaon/custom-eco-products,1,Merged into the custom-intent canonical to prevent spelling and same-intent cannibalization.,NO
SAME_INTENT_MODIFIER,candidate-engine,/faridabad/customised-eco-products,/faridabad/custom-eco-products,1,Merged into the custom-intent canonical to prevent spelling and same-intent cannibalization.,NO
SAME_INTENT_MODIFIER,candidate-engine,/faridabad/personalized-eco-products,/faridabad/custom-eco-products,1,Merged into the custom-intent canonical to prevent spelling and same-intent cannibalization.,NO
SAME_INTENT_MODIFIER,candidate-engine,/ghaziabad/customised-eco-products,/ghaziabad/custom-eco-products,1,Merged into the custom-intent canonical to prevent spelling and same-intent cannibalization.,NO
SAME_INTENT_MODIFIER,candidate-engine,/ghaziabad/personalized-eco-products,/ghaziabad/custom-eco-products,1,Merged into the custom-intent canonical to prevent spelling and same-intent cannibalization.,NO
SAME_INTENT_MODIFIER,candidate-engine,/haryana/customised-eco-products,/haryana/custom-eco-products,1,Merged into the custom-intent canonical to prevent spelling and same-intent cannibalization.,NO
SAME_INTENT_MODIFIER,candidate-engine,/haryana/personalized-eco-products,/haryana/custom-eco-products,1,Merged into the custom-intent canonical to prevent spelling and same-intent cannibalization.,NO
SAME_INTENT_MODIFIER,candidate-engine,/uttar-pradesh/customised-eco-products,/uttar-pradesh/custom-eco-products,1,Merged into the custom-intent canonical to prevent spelling and same-intent cannibalization.,NO
SAME_INTENT_MODIFIER,candidate-engine,/uttar-pradesh/personalized-eco-products,/uttar-pradesh/custom-eco-products,1,Merged into the custom-intent canonical to prevent spelling and same-intent cannibalization.,NO
SAME_INTENT_MODIFIER,candidate-engine,/maharashtra/customised-eco-products,/maharashtra/custom-eco-products,1,Merged into the custom-intent canonical to prevent spelling and same-intent cannibalization.,NO
SAME_INTENT_MODIFIER,candidate-engine,/maharashtra/personalized-eco-products,/maharashtra/custom-eco-products,1,Merged into the custom-intent canonical to prevent spelling and same-intent cannibalization.,NO
SAME_INTENT_MODIFIER,candidate-engine,/karnataka/customised-eco-products,/karnataka/custom-eco-products,1,Merged into the custom-intent canonical to prevent spelling and same-intent cannibalization.,NO
SAME_INTENT_MODIFIER,candidate-engine,/karnataka/personalized-eco-products,/karnataka/custom-eco-products,1,Merged into the custom-intent canonical to prevent spelling and same-intent cannibalization.,NO
SAME_INTENT_MODIFIER,candidate-engine,/tamil-nadu/customised-eco-products,/tamil-nadu/custom-eco-products,1,Merged into the custom-intent canonical to prevent spelling and same-intent cannibalization.,NO
SAME_INTENT_MODIFIER,candidate-engine,/tamil-nadu/personalized-eco-products,/tamil-nadu/custom-eco-products,1,Merged into the custom-intent canonical to prevent spelling and same-intent cannibalization.,NO
SAME_INTENT_MODIFIER,candidate-engine,/telangana/customised-eco-products,/telangana/custom-eco-products,1,Merged into the custom-intent canonical to prevent spelling and same-intent cannibalization.,NO
SAME_INTENT_MODIFIER,candidate-engine,/telangana/personalized-eco-products,/telangana/custom-eco-products,1,Merged into the custom-intent canonical to prevent spelling and same-intent cannibalization.,NO
SAME_INTENT_MODIFIER,candidate-engine,/west-bengal/customised-eco-products,/west-bengal/custom-eco-products,1,Merged into the custom-intent canonical to prevent spelling and same-intent cannibalization.,NO
SAME_INTENT_MODIFIER,candidate-engine,/west-bengal/personalized-eco-products,/west-bengal/custom-eco-products,1,Merged into the custom-intent canonical to prevent spelling and same-intent cannibalization.,NO
SAME_INTENT_MODIFIER,candidate-engine,/mumbai/customised-eco-products,/mumbai/custom-eco-products,1,Merged into the custom-intent canonical to prevent spelling and same-intent cannibalization.,NO
SAME_INTENT_MODIFIER,candidate-engine,/mumbai/personalized-eco-products,/mumbai/custom-eco-products,1,Merged into the custom-intent canonical to prevent spelling and same-intent cannibalization.,NO
SAME_INTENT_MODIFIER,candidate-engine,/pune/customised-eco-products,/pune/custom-eco-products,1,Merged into the custom-intent canonical to prevent spelling and same-intent cannibalization.,NO
SAME_INTENT_MODIFIER,candidate-engine,/pune/personalized-eco-products,/pune/custom-eco-products,1,Merged into the custom-intent canonical to prevent spelling and same-intent cannibalization.,NO
SAME_INTENT_MODIFIER,candidate-engine,/bengaluru/customised-eco-products,/bengaluru/custom-eco-products,1,Merged into the custom-intent canonical to prevent spelling and same-intent cannibalization.,NO
SAME_INTENT_MODIFIER,candidate-engine,/bengaluru/personalized-eco-products,/bengaluru/custom-eco-products,1,Merged into the custom-intent canonical to prevent spelling and same-intent cannibalization.,NO
SAME_INTENT_MODIFIER,candidate-engine,/hyderabad/customised-eco-products,/hyderabad/custom-eco-products,1,Merged into the custom-intent canonical to prevent spelling and same-intent cannibalization.,NO
SAME_INTENT_MODIFIER,candidate-engine,/hyderabad/personalized-eco-products,/hyderabad/custom-eco-products,1,Merged into the custom-intent canonical to prevent spelling and same-intent cannibalization.,NO
SAME_INTENT_MODIFIER,candidate-engine,/chennai/customised-eco-products,/chennai/custom-eco-products,1,Merged into the custom-intent canonical to prevent spelling and same-intent cannibalization.,NO
SAME_INTENT_MODIFIER,candidate-engine,/chennai/personalized-eco-products,/chennai/custom-eco-products,1,Merged into the custom-intent canonical to prevent spelling and same-intent cannibalization.,NO
SAME_INTENT_MODIFIER,candidate-engine,/kolkata/customised-eco-products,/kolkata/custom-eco-products,1,Merged into the custom-intent canonical to prevent spelling and same-intent cannibalization.,NO
SAME_INTENT_MODIFIER,candidate-engine,/kolkata/personalized-eco-products,/kolkata/custom-eco-products,1,Merged into the custom-intent canonical to prevent spelling and same-intent cannibalization.,NO
SAME_INTENT_MODIFIER,candidate-engine,/ahmedabad/customised-eco-products,/ahmedabad/custom-eco-products,1,Merged into the custom-intent canonical to prevent spelling and same-intent cannibalization.,NO
SAME_INTENT_MODIFIER,candidate-engine,/ahmedabad/personalized-eco-products,/ahmedabad/custom-eco-products,1,Merged into the custom-intent canonical to prevent spelling and same-intent cannibalization.,NO
SAME_INTENT_MODIFIER,candidate-engine,/lucknow/customised-eco-products,/lucknow/custom-eco-products,1,Merged into the custom-intent canonical to prevent spelling and same-intent cannibalization.,NO
SAME_INTENT_MODIFIER,candidate-engine,/lucknow/personalized-eco-products,/lucknow/custom-eco-products,1,Merged into the custom-intent canonical to prevent spelling and same-intent cannibalization.,NO
SAME_INTENT_MODIFIER,candidate-engine,/india/customised-cork-sheet,/india/custom-cork-sheet,1,Merged into the custom-intent canonical to prevent spelling and same-intent cannibalization.,NO
SAME_INTENT_MODIFIER,candidate-engine,/india/personalized-cork-sheet,/india/custom-cork-sheet,1,Merged into the custom-intent canonical to prevent spelling and same-intent cannibalization.,NO
SAME_INTENT_MODIFIER,candidate-engine,/delhi/customised-cork-sheet,/delhi/custom-cork-sheet,1,Merged into the custom-intent canonical to prevent spelling and same-intent cannibalization.,NO
SAME_INTENT_MODIFIER,candidate-engine,/delhi/personalized-cork-sheet,/delhi/custom-cork-sheet,1,Merged into the custom-intent canonical to prevent spelling and same-intent cannibalization.,NO
SAME_INTENT_MODIFIER,candidate-engine,/noida/customised-cork-sheet,/noida/custom-cork-sheet,1,Merged into the custom-intent canonical to prevent spelling and same-intent cannibalization.,NO
SAME_INTENT_MODIFIER,candidate-engine,/noida/personalized-cork-sheet,/noida/custom-cork-sheet,1,Merged into the custom-intent canonical to prevent spelling and same-intent cannibalization.,NO
SAME_INTENT_MODIFIER,candidate-engine,/greater-noida/customised-cork-sheet,/greater-noida/custom-cork-sheet,1,Merged into the custom-intent canonical to prevent spelling and same-intent cannibalization.,NO
SAME_INTENT_MODIFIER,candidate-engine,/greater-noida/personalized-cork-sheet,/greater-noida/custom-cork-sheet,1,Merged into the custom-intent canonical to prevent spelling and same-intent cannibalization.,NO
SAME_INTENT_MODIFIER,candidate-engine,/gurgaon/customised-cork-sheet,/gurgaon/custom-cork-sheet,1,Merged into the custom-intent canonical to prevent spelling and same-intent cannibalization.,NO
SAME_INTENT_MODIFIER,candidate-engine,/gurgaon/personalized-cork-sheet,/gurgaon/custom-cork-sheet,1,Merged into the custom-intent canonical to prevent spelling and same-intent cannibalization.,NO
SAME_INTENT_MODIFIER,candidate-engine,/faridabad/customised-cork-sheet,/faridabad/custom-cork-sheet,1,Merged into the custom-intent canonical to prevent spelling and same-intent cannibalization.,NO
SAME_INTENT_MODIFIER,candidate-engine,/faridabad/personalized-cork-sheet,/faridabad/custom-cork-sheet,1,Merged into the custom-intent canonical to prevent spelling and same-intent cannibalization.,NO
SAME_INTENT_MODIFIER,candidate-engine,/ghaziabad/customised-cork-sheet,/ghaziabad/custom-cork-sheet,1,Merged into the custom-intent canonical to prevent spelling and same-intent cannibalization.,NO
SAME_INTENT_MODIFIER,candidate-engine,/ghaziabad/personalized-cork-sheet,/ghaziabad/custom-cork-sheet,1,Merged into the custom-intent canonical to prevent spelling and same-intent cannibalization.,NO
SAME_INTENT_MODIFIER,candidate-engine,/haryana/customised-cork-sheet,/haryana/custom-cork-sheet,1,Merged into the custom-intent canonical to prevent spelling and same-intent cannibalization.,NO
SAME_INTENT_MODIFIER,candidate-engine,/haryana/personalized-cork-sheet,/haryana/custom-cork-sheet,1,Merged into the custom-intent canonical to prevent spelling and same-intent cannibalization.,NO
SAME_INTENT_MODIFIER,candidate-engine,/uttar-pradesh/customised-cork-sheet,/uttar-pradesh/custom-cork-sheet,1,Merged into the custom-intent canonical to prevent spelling and same-intent cannibalization.,NO
SAME_INTENT_MODIFIER,candidate-engine,/uttar-pradesh/personalized-cork-sheet,/uttar-pradesh/custom-cork-sheet,1,Merged into the custom-intent canonical to prevent spelling and same-intent cannibalization.,NO
SAME_INTENT_MODIFIER,candidate-engine,/maharashtra/customised-cork-sheet,/maharashtra/custom-cork-sheet,1,Merged into the custom-intent canonical to prevent spelling and same-intent cannibalization.,NO
SAME_INTENT_MODIFIER,candidate-engine,/maharashtra/personalized-cork-sheet,/maharashtra/custom-cork-sheet,1,Merged into the custom-intent canonical to prevent spelling and same-intent cannibalization.,NO
SAME_INTENT_MODIFIER,candidate-engine,/karnataka/customised-cork-sheet,/karnataka/custom-cork-sheet,1,Merged into the custom-intent canonical to prevent spelling and same-intent cannibalization.,NO
SAME_INTENT_MODIFIER,candidate-engine,/karnataka/personalized-cork-sheet,/karnataka/custom-cork-sheet,1,Merged into the custom-intent canonical to prevent spelling and same-intent cannibalization.,NO
SAME_INTENT_MODIFIER,candidate-engine,/tamil-nadu/customised-cork-sheet,/tamil-nadu/custom-cork-sheet,1,Merged into the custom-intent canonical to prevent spelling and same-intent cannibalization.,NO
SAME_INTENT_MODIFIER,candidate-engine,/tamil-nadu/personalized-cork-sheet,/tamil-nadu/custom-cork-sheet,1,Merged into the custom-intent canonical to prevent spelling and same-intent cannibalization.,NO
SAME_INTENT_MODIFIER,candidate-engine,/telangana/customised-cork-sheet,/telangana/custom-cork-sheet,1,Merged into the custom-intent canonical to prevent spelling and same-intent cannibalization.,NO
SAME_INTENT_MODIFIER,candidate-engine,/telangana/personalized-cork-sheet,/telangana/custom-cork-sheet,1,Merged into the custom-intent canonical to prevent spelling and same-intent cannibalization.,NO
SAME_INTENT_MODIFIER,candidate-engine,/west-bengal/customised-cork-sheet,/west-bengal/custom-cork-sheet,1,Merged into the custom-intent canonical to prevent spelling and same-intent cannibalization.,NO
SAME_INTENT_MODIFIER,candidate-engine,/west-bengal/personalized-cork-sheet,/west-bengal/custom-cork-sheet,1,Merged into the custom-intent canonical to prevent spelling and same-intent cannibalization.,NO
SAME_INTENT_MODIFIER,candidate-engine,/mumbai/customised-cork-sheet,/mumbai/custom-cork-sheet,1,Merged into the custom-intent canonical to prevent spelling and same-intent cannibalization.,NO
SAME_INTENT_MODIFIER,candidate-engine,/mumbai/personalized-cork-sheet,/mumbai/custom-cork-sheet,1,Merged into the custom-intent canonical to prevent spelling and same-intent cannibalization.,NO
SAME_INTENT_MODIFIER,candidate-engine,/pune/customised-cork-sheet,/pune/custom-cork-sheet,1,Merged into the custom-intent canonical to prevent spelling and same-intent cannibalization.,NO
SAME_INTENT_MODIFIER,candidate-engine,/pune/personalized-cork-sheet,/pune/custom-cork-sheet,1,Merged into the custom-intent canonical to prevent spelling and same-intent cannibalization.,NO
SAME_INTENT_MODIFIER,candidate-engine,/bengaluru/customised-cork-sheet,/bengaluru/custom-cork-sheet,1,Merged into the custom-intent canonical to prevent spelling and same-intent cannibalization.,NO
SAME_INTENT_MODIFIER,candidate-engine,/bengaluru/personalized-cork-sheet,/bengaluru/custom-cork-sheet,1,Merged into the custom-intent canonical to prevent spelling and same-intent cannibalization.,NO
SAME_INTENT_MODIFIER,candidate-engine,/hyderabad/customised-cork-sheet,/hyderabad/custom-cork-sheet,1,Merged into the custom-intent canonical to prevent spelling and same-intent cannibalization.,NO
SAME_INTENT_MODIFIER,candidate-engine,/hyderabad/personalized-cork-sheet,/hyderabad/custom-cork-sheet,1,Merged into the custom-intent canonical to prevent spelling and same-intent cannibalization.,NO
SAME_INTENT_MODIFIER,candidate-engine,/chennai/customised-cork-sheet,/chennai/custom-cork-sheet,1,Merged into the custom-intent canonical to prevent spelling and same-intent cannibalization.,NO
SAME_INTENT_MODIFIER,candidate-engine,/chennai/personalized-cork-sheet,/chennai/custom-cork-sheet,1,Merged into the custom-intent canonical to prevent spelling and same-intent cannibalization.,NO
SAME_INTENT_MODIFIER,candidate-engine,/kolkata/customised-cork-sheet,/kolkata/custom-cork-sheet,1,Merged into the custom-intent canonical to prevent spelling and same-intent cannibalization.,NO
SAME_INTENT_MODIFIER,candidate-engine,/kolkata/personalized-cork-sheet,/kolkata/custom-cork-sheet,1,Merged into the custom-intent canonical to prevent spelling and same-intent cannibalization.,NO
SAME_INTENT_MODIFIER,candidate-engine,/ahmedabad/customised-cork-sheet,/ahmedabad/custom-cork-sheet,1,Merged into the custom-intent canonical to prevent spelling and same-intent cannibalization.,NO
SAME_INTENT_MODIFIER,candidate-engine,/ahmedabad/personalized-cork-sheet,/ahmedabad/custom-cork-sheet,1,Merged into the custom-intent canonical to prevent spelling and same-intent cannibalization.,NO
SAME_INTENT_MODIFIER,candidate-engine,/lucknow/customised-cork-sheet,/lucknow/custom-cork-sheet,1,Merged into the custom-intent canonical to prevent spelling and same-intent cannibalization.,NO
SAME_INTENT_MODIFIER,candidate-engine,/lucknow/personalized-cork-sheet,/lucknow/custom-cork-sheet,1,Merged into the custom-intent canonical to prevent spelling and same-intent cannibalization.,NO
SAME_INTENT_MODIFIER,candidate-engine,/india/customised-cork-corporate-gifting-combo,/india/custom-cork-corporate-gifting-combo,1,Merged into the custom-intent canonical to prevent spelling and same-intent cannibalization.,NO
SAME_INTENT_MODIFIER,candidate-engine,/india/personalized-cork-corporate-gifting-combo,/india/custom-cork-corporate-gifting-combo,1,Merged into the custom-intent canonical to prevent spelling and same-intent cannibalization.,NO
SAME_INTENT_MODIFIER,candidate-engine,/delhi/customised-cork-corporate-gifting-combo,/delhi/custom-cork-corporate-gifting-combo,1,Merged into the custom-intent canonical to prevent spelling and same-intent cannibalization.,NO
SAME_INTENT_MODIFIER,candidate-engine,/delhi/personalized-cork-corporate-gifting-combo,/delhi/custom-cork-corporate-gifting-combo,1,Merged into the custom-intent canonical to prevent spelling and same-intent cannibalization.,NO
SAME_INTENT_MODIFIER,candidate-engine,/noida/customised-cork-corporate-gifting-combo,/noida/custom-cork-corporate-gifting-combo,1,Merged into the custom-intent canonical to prevent spelling and same-intent cannibalization.,NO
SAME_INTENT_MODIFIER,candidate-engine,/noida/personalized-cork-corporate-gifting-combo,/noida/custom-cork-corporate-gifting-combo,1,Merged into the custom-intent canonical to prevent spelling and same-intent cannibalization.,NO
SAME_INTENT_MODIFIER,candidate-engine,/greater-noida/customised-cork-corporate-gifting-combo,/greater-noida/custom-cork-corporate-gifting-combo,1,Merged into the custom-intent canonical to prevent spelling and same-intent cannibalization.,NO
SAME_INTENT_MODIFIER,candidate-engine,/greater-noida/personalized-cork-corporate-gifting-combo,/greater-noida/custom-cork-corporate-gifting-combo,1,Merged into the custom-intent canonical to prevent spelling and same-intent cannibalization.,NO
SAME_INTENT_MODIFIER,candidate-engine,/gurgaon/customised-cork-corporate-gifting-combo,/gurgaon/custom-cork-corporate-gifting-combo,1,Merged into the custom-intent canonical to prevent spelling and same-intent cannibalization.,NO
SAME_INTENT_MODIFIER,candidate-engine,/gurgaon/personalized-cork-corporate-gifting-combo,/gurgaon/custom-cork-corporate-gifting-combo,1,Merged into the custom-intent canonical to prevent spelling and same-intent cannibalization.,NO
SAME_INTENT_MODIFIER,candidate-engine,/faridabad/customised-cork-corporate-gifting-combo,/faridabad/custom-cork-corporate-gifting-combo,1,Merged into the custom-intent canonical to prevent spelling and same-intent cannibalization.,NO
SAME_INTENT_MODIFIER,candidate-engine,/faridabad/personalized-cork-corporate-gifting-combo,/faridabad/custom-cork-corporate-gifting-combo,1,Merged into the custom-intent canonical to prevent spelling and same-intent cannibalization.,NO
SAME_INTENT_MODIFIER,candidate-engine,/ghaziabad/customised-cork-corporate-gifting-combo,/ghaziabad/custom-cork-corporate-gifting-combo,1,Merged into the custom-intent canonical to prevent spelling and same-intent cannibalization.,NO
SAME_INTENT_MODIFIER,candidate-engine,/ghaziabad/personalized-cork-corporate-gifting-combo,/ghaziabad/custom-cork-corporate-gifting-combo,1,Merged into the custom-intent canonical to prevent spelling and same-intent cannibalization.,NO
SAME_INTENT_MODIFIER,candidate-engine,/haryana/customised-cork-corporate-gifting-combo,/haryana/custom-cork-corporate-gifting-combo,1,Merged into the custom-intent canonical to prevent spelling and same-intent cannibalization.,NO
SAME_INTENT_MODIFIER,candidate-engine,/haryana/personalized-cork-corporate-gifting-combo,/haryana/custom-cork-corporate-gifting-combo,1,Merged into the custom-intent canonical to prevent spelling and same-intent cannibalization.,NO
SAME_INTENT_MODIFIER,candidate-engine,/uttar-pradesh/customised-cork-corporate-gifting-combo,/uttar-pradesh/custom-cork-corporate-gifting-combo,1,Merged into the custom-intent canonical to prevent spelling and same-intent cannibalization.,NO
SAME_INTENT_MODIFIER,candidate-engine,/uttar-pradesh/personalized-cork-corporate-gifting-combo,/uttar-pradesh/custom-cork-corporate-gifting-combo,1,Merged into the custom-intent canonical to prevent spelling and same-intent cannibalization.,NO
SAME_INTENT_MODIFIER,candidate-engine,/maharashtra/customised-cork-corporate-gifting-combo,/maharashtra/custom-cork-corporate-gifting-combo,1,Merged into the custom-intent canonical to prevent spelling and same-intent cannibalization.,NO
SAME_INTENT_MODIFIER,candidate-engine,/maharashtra/personalized-cork-corporate-gifting-combo,/maharashtra/custom-cork-corporate-gifting-combo,1,Merged into the custom-intent canonical to prevent spelling and same-intent cannibalization.,NO
SAME_INTENT_MODIFIER,candidate-engine,/karnataka/customised-cork-corporate-gifting-combo,/karnataka/custom-cork-corporate-gifting-combo,1,Merged into the custom-intent canonical to prevent spelling and same-intent cannibalization.,NO
SAME_INTENT_MODIFIER,candidate-engine,/karnataka/personalized-cork-corporate-gifting-combo,/karnataka/custom-cork-corporate-gifting-combo,1,Merged into the custom-intent canonical to prevent spelling and same-intent cannibalization.,NO
SAME_INTENT_MODIFIER,candidate-engine,/tamil-nadu/customised-cork-corporate-gifting-combo,/tamil-nadu/custom-cork-corporate-gifting-combo,1,Merged into the custom-intent canonical to prevent spelling and same-intent cannibalization.,NO
SAME_INTENT_MODIFIER,candidate-engine,/tamil-nadu/personalized-cork-corporate-gifting-combo,/tamil-nadu/custom-cork-corporate-gifting-combo,1,Merged into the custom-intent canonical to prevent spelling and same-intent cannibalization.,NO
SAME_INTENT_MODIFIER,candidate-engine,/telangana/customised-cork-corporate-gifting-combo,/telangana/custom-cork-corporate-gifting-combo,1,Merged into the custom-intent canonical to prevent spelling and same-intent cannibalization.,NO
SAME_INTENT_MODIFIER,candidate-engine,/telangana/personalized-cork-corporate-gifting-combo,/telangana/custom-cork-corporate-gifting-combo,1,Merged into the custom-intent canonical to prevent spelling and same-intent cannibalization.,NO
SAME_INTENT_MODIFIER,candidate-engine,/west-bengal/customised-cork-corporate-gifting-combo,/west-bengal/custom-cork-corporate-gifting-combo,1,Merged into the custom-intent canonical to prevent spelling and same-intent cannibalization.,NO
SAME_INTENT_MODIFIER,candidate-engine,/west-bengal/personalized-cork-corporate-gifting-combo,/west-bengal/custom-cork-corporate-gifting-combo,1,Merged into the custom-intent canonical to prevent spelling and same-intent cannibalization.,NO
SAME_INTENT_MODIFIER,candidate-engine,/mumbai/customised-cork-corporate-gifting-combo,/mumbai/custom-cork-corporate-gifting-combo,1,Merged into the custom-intent canonical to prevent spelling and same-intent cannibalization.,NO
SAME_INTENT_MODIFIER,candidate-engine,/mumbai/personalized-cork-corporate-gifting-combo,/mumbai/custom-cork-corporate-gifting-combo,1,Merged into the custom-intent canonical to prevent spelling and same-intent cannibalization.,NO
SAME_INTENT_MODIFIER,candidate-engine,/pune/customised-cork-corporate-gifting-combo,/pune/custom-cork-corporate-gifting-combo,1,Merged into the custom-intent canonical to prevent spelling and same-intent cannibalization.,NO
SAME_INTENT_MODIFIER,candidate-engine,/pune/personalized-cork-corporate-gifting-combo,/pune/custom-cork-corporate-gifting-combo,1,Merged into the custom-intent canonical to prevent spelling and same-intent cannibalization.,NO
SAME_INTENT_MODIFIER,candidate-engine,/bengaluru/customised-cork-corporate-gifting-combo,/bengaluru/custom-cork-corporate-gifting-combo,1,Merged into the custom-intent canonical to prevent spelling and same-intent cannibalization.,NO
SAME_INTENT_MODIFIER,candidate-engine,/bengaluru/personalized-cork-corporate-gifting-combo,/bengaluru/custom-cork-corporate-gifting-combo,1,Merged into the custom-intent canonical to prevent spelling and same-intent cannibalization.,NO
SAME_INTENT_MODIFIER,candidate-engine,/hyderabad/customised-cork-corporate-gifting-combo,/hyderabad/custom-cork-corporate-gifting-combo,1,Merged into the custom-intent canonical to prevent spelling and same-intent cannibalization.,NO
SAME_INTENT_MODIFIER,candidate-engine,/hyderabad/personalized-cork-corporate-gifting-combo,/hyderabad/custom-cork-corporate-gifting-combo,1,Merged into the custom-intent canonical to prevent spelling and same-intent cannibalization.,NO
SAME_INTENT_MODIFIER,candidate-engine,/chennai/customised-cork-corporate-gifting-combo,/chennai/custom-cork-corporate-gifting-combo,1,Merged into the custom-intent canonical to prevent spelling and same-intent cannibalization.,NO
SAME_INTENT_MODIFIER,candidate-engine,/chennai/personalized-cork-corporate-gifting-combo,/chennai/custom-cork-corporate-gifting-combo,1,Merged into the custom-intent canonical to prevent spelling and same-intent cannibalization.,NO
SAME_INTENT_MODIFIER,candidate-engine,/kolkata/customised-cork-corporate-gifting-combo,/kolkata/custom-cork-corporate-gifting-combo,1,Merged into the custom-intent canonical to prevent spelling and same-intent cannibalization.,NO
SAME_INTENT_MODIFIER,candidate-engine,/kolkata/personalized-cork-corporate-gifting-combo,/kolkata/custom-cork-corporate-gifting-combo,1,Merged into the custom-intent canonical to prevent spelling and same-intent cannibalization.,NO
SAME_INTENT_MODIFIER,candidate-engine,/ahmedabad/customised-cork-corporate-gifting-combo,/ahmedabad/custom-cork-corporate-gifting-combo,1,Merged into the custom-intent canonical to prevent spelling and same-intent cannibalization.,NO
SAME_INTENT_MODIFIER,candidate-engine,/ahmedabad/personalized-cork-corporate-gifting-combo,/ahmedabad/custom-cork-corporate-gifting-combo,1,Merged into the custom-intent canonical to prevent spelling and same-intent cannibalization.,NO
SAME_INTENT_MODIFIER,candidate-engine,/lucknow/customised-cork-corporate-gifting-combo,/lucknow/custom-cork-corporate-gifting-combo,1,Merged into the custom-intent canonical to prevent spelling and same-intent cannibalization.,NO
SAME_INTENT_MODIFIER,candidate-engine,/lucknow/personalized-cork-corporate-gifting-combo,/lucknow/custom-cork-corporate-gifting-combo,1,Merged into the custom-intent canonical to prevent spelling and same-intent cannibalization.,NO
SAME_INTENT_MODIFIER,candidate-engine,/india/customised-cork-coaster,/india/custom-cork-coaster,1,Merged into the custom-intent canonical to prevent spelling and same-intent cannibalization.,NO
SAME_INTENT_MODIFIER,candidate-engine,/india/personalized-cork-coaster,/india/custom-cork-coaster,1,Merged into the custom-intent canonical to prevent spelling and same-intent cannibalization.,NO
SAME_INTENT_MODIFIER,candidate-engine,/delhi/customised-cork-coaster,/delhi/custom-cork-coaster,1,Merged into the custom-intent canonical to prevent spelling and same-intent cannibalization.,NO
SAME_INTENT_MODIFIER,candidate-engine,/delhi/personalized-cork-coaster,/delhi/custom-cork-coaster,1,Merged into the custom-intent canonical to prevent spelling and same-intent cannibalization.,NO
SAME_INTENT_MODIFIER,candidate-engine,/noida/customised-cork-coaster,/noida/custom-cork-coaster,1,Merged into the custom-intent canonical to prevent spelling and same-intent cannibalization.,NO
SAME_INTENT_MODIFIER,candidate-engine,/noida/personalized-cork-coaster,/noida/custom-cork-coaster,1,Merged into the custom-intent canonical to prevent spelling and same-intent cannibalization.,NO
SAME_INTENT_MODIFIER,candidate-engine,/greater-noida/customised-cork-coaster,/greater-noida/custom-cork-coaster,1,Merged into the custom-intent canonical to prevent spelling and same-intent cannibalization.,NO
SAME_INTENT_MODIFIER,candidate-engine,/greater-noida/personalized-cork-coaster,/greater-noida/custom-cork-coaster,1,Merged into the custom-intent canonical to prevent spelling and same-intent cannibalization.,NO
SAME_INTENT_MODIFIER,candidate-engine,/gurgaon/customised-cork-coaster,/gurgaon/custom-cork-coaster,1,Merged into the custom-intent canonical to prevent spelling and same-intent cannibalization.,NO
SAME_INTENT_MODIFIER,candidate-engine,/gurgaon/personalized-cork-coaster,/gurgaon/custom-cork-coaster,1,Merged into the custom-intent canonical to prevent spelling and same-intent cannibalization.,NO
SAME_INTENT_MODIFIER,candidate-engine,/faridabad/customised-cork-coaster,/faridabad/custom-cork-coaster,1,Merged into the custom-intent canonical to prevent spelling and same-intent cannibalization.,NO
SAME_INTENT_MODIFIER,candidate-engine,/faridabad/personalized-cork-coaster,/faridabad/custom-cork-coaster,1,Merged into the custom-intent canonical to prevent spelling and same-intent cannibalization.,NO
SAME_INTENT_MODIFIER,candidate-engine,/ghaziabad/customised-cork-coaster,/ghaziabad/custom-cork-coaster,1,Merged into the custom-intent canonical to prevent spelling and same-intent cannibalization.,NO
SAME_INTENT_MODIFIER,candidate-engine,/ghaziabad/personalized-cork-coaster,/ghaziabad/custom-cork-coaster,1,Merged into the custom-intent canonical to prevent spelling and same-intent cannibalization.,NO
SAME_INTENT_MODIFIER,candidate-engine,/haryana/customised-cork-coaster,/haryana/custom-cork-coaster,1,Merged into the custom-intent canonical to prevent spelling and same-intent cannibalization.,NO
SAME_INTENT_MODIFIER,candidate-engine,/haryana/personalized-cork-coaster,/haryana/custom-cork-coaster,1,Merged into the custom-intent canonical to prevent spelling and same-intent cannibalization.,NO
SAME_INTENT_MODIFIER,candidate-engine,/uttar-pradesh/customised-cork-coaster,/uttar-pradesh/custom-cork-coaster,1,Merged into the custom-intent canonical to prevent spelling and same-intent cannibalization.,NO
SAME_INTENT_MODIFIER,candidate-engine,/uttar-pradesh/personalized-cork-coaster,/uttar-pradesh/custom-cork-coaster,1,Merged into the custom-intent canonical to prevent spelling and same-intent cannibalization.,NO
SAME_INTENT_MODIFIER,candidate-engine,/maharashtra/customised-cork-coaster,/maharashtra/custom-cork-coaster,1,Merged into the custom-intent canonical to prevent spelling and same-intent cannibalization.,NO
SAME_INTENT_MODIFIER,candidate-engine,/maharashtra/personalized-cork-coaster,/maharashtra/custom-cork-coaster,1,Merged into the custom-intent canonical to prevent spelling and same-intent cannibalization.,NO
SAME_INTENT_MODIFIER,candidate-engine,/karnataka/customised-cork-coaster,/karnataka/custom-cork-coaster,1,Merged into the custom-intent canonical to prevent spelling and same-intent cannibalization.,NO
SAME_INTENT_MODIFIER,candidate-engine,/karnataka/personalized-cork-coaster,/karnataka/custom-cork-coaster,1,Merged into the custom-intent canonical to prevent spelling and same-intent cannibalization.,NO
SAME_INTENT_MODIFIER,candidate-engine,/tamil-nadu/customised-cork-coaster,/tamil-nadu/custom-cork-coaster,1,Merged into the custom-intent canonical to prevent spelling and same-intent cannibalization.,NO
SAME_INTENT_MODIFIER,candidate-engine,/tamil-nadu/personalized-cork-coaster,/tamil-nadu/custom-cork-coaster,1,Merged into the custom-intent canonical to prevent spelling and same-intent cannibalization.,NO
SAME_INTENT_MODIFIER,candidate-engine,/telangana/customised-cork-coaster,/telangana/custom-cork-coaster,1,Merged into the custom-intent canonical to prevent spelling and same-intent cannibalization.,NO
SAME_INTENT_MODIFIER,candidate-engine,/telangana/personalized-cork-coaster,/telangana/custom-cork-coaster,1,Merged into the custom-intent canonical to prevent spelling and same-intent cannibalization.,NO
SAME_INTENT_MODIFIER,candidate-engine,/west-bengal/customised-cork-coaster,/west-bengal/custom-cork-coaster,1,Merged into the custom-intent canonical to prevent spelling and same-intent cannibalization.,NO
SAME_INTENT_MODIFIER,candidate-engine,/west-bengal/personalized-cork-coaster,/west-bengal/custom-cork-coaster,1,Merged into the custom-intent canonical to prevent spelling and same-intent cannibalization.,NO
SAME_INTENT_MODIFIER,candidate-engine,/mumbai/customised-cork-coaster,/mumbai/custom-cork-coaster,1,Merged into the custom-intent canonical to prevent spelling and same-intent cannibalization.,NO
SAME_INTENT_MODIFIER,candidate-engine,/mumbai/personalized-cork-coaster,/mumbai/custom-cork-coaster,1,Merged into the custom-intent canonical to prevent spelling and same-intent cannibalization.,NO
SAME_INTENT_MODIFIER,candidate-engine,/pune/customised-cork-coaster,/pune/custom-cork-coaster,1,Merged into the custom-intent canonical to prevent spelling and same-intent cannibalization.,NO
SAME_INTENT_MODIFIER,candidate-engine,/pune/personalized-cork-coaster,/pune/custom-cork-coaster,1,Merged into the custom-intent canonical to prevent spelling and same-intent cannibalization.,NO
SAME_INTENT_MODIFIER,candidate-engine,/bengaluru/customised-cork-coaster,/bengaluru/custom-cork-coaster,1,Merged into the custom-intent canonical to prevent spelling and same-intent cannibalization.,NO
SAME_INTENT_MODIFIER,candidate-engine,/bengaluru/personalized-cork-coaster,/bengaluru/custom-cork-coaster,1,Merged into the custom-intent canonical to prevent spelling and same-intent cannibalization.,NO
SAME_INTENT_MODIFIER,candidate-engine,/hyderabad/customised-cork-coaster,/hyderabad/custom-cork-coaster,1,Merged into the custom-intent canonical to prevent spelling and same-intent cannibalization.,NO
SAME_INTENT_MODIFIER,candidate-engine,/hyderabad/personalized-cork-coaster,/hyderabad/custom-cork-coaster,1,Merged into the custom-intent canonical to prevent spelling and same-intent cannibalization.,NO
SAME_INTENT_MODIFIER,candidate-engine,/chennai/customised-cork-coaster,/chennai/custom-cork-coaster,1,Merged into the custom-intent canonical to prevent spelling and same-intent cannibalization.,NO
SAME_INTENT_MODIFIER,candidate-engine,/chennai/personalized-cork-coaster,/chennai/custom-cork-coaster,1,Merged into the custom-intent canonical to prevent spelling and same-intent cannibalization.,NO
SAME_INTENT_MODIFIER,candidate-engine,/kolkata/customised-cork-coaster,/kolkata/custom-cork-coaster,1,Merged into the custom-intent canonical to prevent spelling and same-intent cannibalization.,NO
SAME_INTENT_MODIFIER,candidate-engine,/kolkata/personalized-cork-coaster,/kolkata/custom-cork-coaster,1,Merged into the custom-intent canonical to prevent spelling and same-intent cannibalization.,NO
SAME_INTENT_MODIFIER,candidate-engine,/ahmedabad/customised-cork-coaster,/ahmedabad/custom-cork-coaster,1,Merged into the custom-intent canonical to prevent spelling and same-intent cannibalization.,NO
SAME_INTENT_MODIFIER,candidate-engine,/ahmedabad/personalized-cork-coaster,/ahmedabad/custom-cork-coaster,1,Merged into the custom-intent canonical to prevent spelling and same-intent cannibalization.,NO
SAME_INTENT_MODIFIER,candidate-engine,/lucknow/customised-cork-coaster,/lucknow/custom-cork-coaster,1,Merged into the custom-intent canonical to prevent spelling and same-intent cannibalization.,NO
SAME_INTENT_MODIFIER,candidate-engine,/lucknow/personalized-cork-coaster,/lucknow/custom-cork-coaster,1,Merged into the custom-intent canonical to prevent spelling and same-intent cannibalization.,NO
SAME_INTENT_MODIFIER,candidate-engine,/india/customised-cork-plant-decorate,/india/custom-cork-plant-decorate,1,Merged into the custom-intent canonical to prevent spelling and same-intent cannibalization.,NO
SAME_INTENT_MODIFIER,candidate-engine,/india/personalized-cork-plant-decorate,/india/custom-cork-plant-decorate,1,Merged into the custom-intent canonical to prevent spelling and same-intent cannibalization.,NO
SAME_INTENT_MODIFIER,candidate-engine,/delhi/customised-cork-plant-decorate,/delhi/custom-cork-plant-decorate,1,Merged into the custom-intent canonical to prevent spelling and same-intent cannibalization.,NO
SAME_INTENT_MODIFIER,candidate-engine,/delhi/personalized-cork-plant-decorate,/delhi/custom-cork-plant-decorate,1,Merged into the custom-intent canonical to prevent spelling and same-intent cannibalization.,NO
SAME_INTENT_MODIFIER,candidate-engine,/noida/customised-cork-plant-decorate,/noida/custom-cork-plant-decorate,1,Merged into the custom-intent canonical to prevent spelling and same-intent cannibalization.,NO
SAME_INTENT_MODIFIER,candidate-engine,/noida/personalized-cork-plant-decorate,/noida/custom-cork-plant-decorate,1,Merged into the custom-intent canonical to prevent spelling and same-intent cannibalization.,NO
SAME_INTENT_MODIFIER,candidate-engine,/greater-noida/customised-cork-plant-decorate,/greater-noida/custom-cork-plant-decorate,1,Merged into the custom-intent canonical to prevent spelling and same-intent cannibalization.,NO
SAME_INTENT_MODIFIER,candidate-engine,/greater-noida/personalized-cork-plant-decorate,/greater-noida/custom-cork-plant-decorate,1,Merged into the custom-intent canonical to prevent spelling and same-intent cannibalization.,NO
SAME_INTENT_MODIFIER,candidate-engine,/gurgaon/customised-cork-plant-decorate,/gurgaon/custom-cork-plant-decorate,1,Merged into the custom-intent canonical to prevent spelling and same-intent cannibalization.,NO
SAME_INTENT_MODIFIER,candidate-engine,/gurgaon/personalized-cork-plant-decorate,/gurgaon/custom-cork-plant-decorate,1,Merged into the custom-intent canonical to prevent spelling and same-intent cannibalization.,NO
SAME_INTENT_MODIFIER,candidate-engine,/faridabad/customised-cork-plant-decorate,/faridabad/custom-cork-plant-decorate,1,Merged into the custom-intent canonical to prevent spelling and same-intent cannibalization.,NO
SAME_INTENT_MODIFIER,candidate-engine,/faridabad/personalized-cork-plant-decorate,/faridabad/custom-cork-plant-decorate,1,Merged into the custom-intent canonical to prevent spelling and same-intent cannibalization.,NO
SAME_INTENT_MODIFIER,candidate-engine,/ghaziabad/customised-cork-plant-decorate,/ghaziabad/custom-cork-plant-decorate,1,Merged into the custom-intent canonical to prevent spelling and same-intent cannibalization.,NO
SAME_INTENT_MODIFIER,candidate-engine,/ghaziabad/personalized-cork-plant-decorate,/ghaziabad/custom-cork-plant-decorate,1,Merged into the custom-intent canonical to prevent spelling and same-intent cannibalization.,NO
SAME_INTENT_MODIFIER,candidate-engine,/haryana/customised-cork-plant-decorate,/haryana/custom-cork-plant-decorate,1,Merged into the custom-intent canonical to prevent spelling and same-intent cannibalization.,NO
SAME_INTENT_MODIFIER,candidate-engine,/haryana/personalized-cork-plant-decorate,/haryana/custom-cork-plant-decorate,1,Merged into the custom-intent canonical to prevent spelling and same-intent cannibalization.,NO
SAME_INTENT_MODIFIER,candidate-engine,/uttar-pradesh/customised-cork-plant-decorate,/uttar-pradesh/custom-cork-plant-decorate,1,Merged into the custom-intent canonical to prevent spelling and same-intent cannibalization.,NO
SAME_INTENT_MODIFIER,candidate-engine,/uttar-pradesh/personalized-cork-plant-decorate,/uttar-pradesh/custom-cork-plant-decorate,1,Merged into the custom-intent canonical to prevent spelling and same-intent cannibalization.,NO
SAME_INTENT_MODIFIER,candidate-engine,/maharashtra/customised-cork-plant-decorate,/maharashtra/custom-cork-plant-decorate,1,Merged into the custom-intent canonical to prevent spelling and same-intent cannibalization.,NO
SAME_INTENT_MODIFIER,candidate-engine,/maharashtra/personalized-cork-plant-decorate,/maharashtra/custom-cork-plant-decorate,1,Merged into the custom-intent canonical to prevent spelling and same-intent cannibalization.,NO
SAME_INTENT_MODIFIER,candidate-engine,/karnataka/customised-cork-plant-decorate,/karnataka/custom-cork-plant-decorate,1,Merged into the custom-intent canonical to prevent spelling and same-intent cannibalization.,NO
SAME_INTENT_MODIFIER,candidate-engine,/karnataka/personalized-cork-plant-decorate,/karnataka/custom-cork-plant-decorate,1,Merged into the custom-intent canonical to prevent spelling and same-intent cannibalization.,NO
SAME_INTENT_MODIFIER,candidate-engine,/tamil-nadu/customised-cork-plant-decorate,/tamil-nadu/custom-cork-plant-decorate,1,Merged into the custom-intent canonical to prevent spelling and same-intent cannibalization.,NO
SAME_INTENT_MODIFIER,candidate-engine,/tamil-nadu/personalized-cork-plant-decorate,/tamil-nadu/custom-cork-plant-decorate,1,Merged into the custom-intent canonical to prevent spelling and same-intent cannibalization.,NO
SAME_INTENT_MODIFIER,candidate-engine,/telangana/customised-cork-plant-decorate,/telangana/custom-cork-plant-decorate,1,Merged into the custom-intent canonical to prevent spelling and same-intent cannibalization.,NO
SAME_INTENT_MODIFIER,candidate-engine,/telangana/personalized-cork-plant-decorate,/telangana/custom-cork-plant-decorate,1,Merged into the custom-intent canonical to prevent spelling and same-intent cannibalization.,NO
SAME_INTENT_MODIFIER,candidate-engine,/west-bengal/customised-cork-plant-decorate,/west-bengal/custom-cork-plant-decorate,1,Merged into the custom-intent canonical to prevent spelling and same-intent cannibalization.,NO
SAME_INTENT_MODIFIER,candidate-engine,/west-bengal/personalized-cork-plant-decorate,/west-bengal/custom-cork-plant-decorate,1,Merged into the custom-intent canonical to prevent spelling and same-intent cannibalization.,NO
SAME_INTENT_MODIFIER,candidate-engine,/mumbai/customised-cork-plant-decorate,/mumbai/custom-cork-plant-decorate,1,Merged into the custom-intent canonical to prevent spelling and same-intent cannibalization.,NO
SAME_INTENT_MODIFIER,candidate-engine,/mumbai/personalized-cork-plant-decorate,/mumbai/custom-cork-plant-decorate,1,Merged into the custom-intent canonical to prevent spelling and same-intent cannibalization.,NO
SAME_INTENT_MODIFIER,candidate-engine,/pune/customised-cork-plant-decorate,/pune/custom-cork-plant-decorate,1,Merged into the custom-intent canonical to prevent spelling and same-intent cannibalization.,NO
SAME_INTENT_MODIFIER,candidate-engine,/pune/personalized-cork-plant-decorate,/pune/custom-cork-plant-decorate,1,Merged into the custom-intent canonical to prevent spelling and same-intent cannibalization.,NO
SAME_INTENT_MODIFIER,candidate-engine,/bengaluru/customised-cork-plant-decorate,/bengaluru/custom-cork-plant-decorate,1,Merged into the custom-intent canonical to prevent spelling and same-intent cannibalization.,NO
SAME_INTENT_MODIFIER,candidate-engine,/bengaluru/personalized-cork-plant-decorate,/bengaluru/custom-cork-plant-decorate,1,Merged into the custom-intent canonical to prevent spelling and same-intent cannibalization.,NO
SAME_INTENT_MODIFIER,candidate-engine,/hyderabad/customised-cork-plant-decorate,/hyderabad/custom-cork-plant-decorate,1,Merged into the custom-intent canonical to prevent spelling and same-intent cannibalization.,NO
SAME_INTENT_MODIFIER,candidate-engine,/hyderabad/personalized-cork-plant-decorate,/hyderabad/custom-cork-plant-decorate,1,Merged into the custom-intent canonical to prevent spelling and same-intent cannibalization.,NO
SAME_INTENT_MODIFIER,candidate-engine,/chennai/customised-cork-plant-decorate,/chennai/custom-cork-plant-decorate,1,Merged into the custom-intent canonical to prevent spelling and same-intent cannibalization.,NO
SAME_INTENT_MODIFIER,candidate-engine,/chennai/personalized-cork-plant-decorate,/chennai/custom-cork-plant-decorate,1,Merged into the custom-intent canonical to prevent spelling and same-intent cannibalization.,NO
SAME_INTENT_MODIFIER,candidate-engine,/kolkata/customised-cork-plant-decorate,/kolkata/custom-cork-plant-decorate,1,Merged into the custom-intent canonical to prevent spelling and same-intent cannibalization.,NO
SAME_INTENT_MODIFIER,candidate-engine,/kolkata/personalized-cork-plant-decorate,/kolkata/custom-cork-plant-decorate,1,Merged into the custom-intent canonical to prevent spelling and same-intent cannibalization.,NO
SAME_INTENT_MODIFIER,candidate-engine,/ahmedabad/customised-cork-plant-decorate,/ahmedabad/custom-cork-plant-decorate,1,Merged into the custom-intent canonical to prevent spelling and same-intent cannibalization.,NO
SAME_INTENT_MODIFIER,candidate-engine,/ahmedabad/personalized-cork-plant-decorate,/ahmedabad/custom-cork-plant-decorate,1,Merged into the custom-intent canonical to prevent spelling and same-intent cannibalization.,NO
SAME_INTENT_MODIFIER,candidate-engine,/lucknow/customised-cork-plant-decorate,/lucknow/custom-cork-plant-decorate,1,Merged into the custom-intent canonical to prevent spelling and same-intent cannibalization.,NO
SAME_INTENT_MODIFIER,candidate-engine,/lucknow/personalized-cork-plant-decorate,/lucknow/custom-cork-plant-decorate,1,Merged into the custom-intent canonical to prevent spelling and same-intent cannibalization.,NO
SAME_INTENT_MODIFIER,candidate-engine,/india/customised-cork-serving-decorate,/india/custom-cork-serving-decorate,1,Merged into the custom-intent canonical to prevent spelling and same-intent cannibalization.,NO
SAME_INTENT_MODIFIER,candidate-engine,/india/personalized-cork-serving-decorate,/india/custom-cork-serving-decorate,1,Merged into the custom-intent canonical to prevent spelling and same-intent cannibalization.,NO
SAME_INTENT_MODIFIER,candidate-engine,/delhi/customised-cork-serving-decorate,/delhi/custom-cork-serving-decorate,1,Merged into the custom-intent canonical to prevent spelling and same-intent cannibalization.,NO
SAME_INTENT_MODIFIER,candidate-engine,/delhi/personalized-cork-serving-decorate,/delhi/custom-cork-serving-decorate,1,Merged into the custom-intent canonical to prevent spelling and same-intent cannibalization.,NO
SAME_INTENT_MODIFIER,candidate-engine,/noida/customised-cork-serving-decorate,/noida/custom-cork-serving-decorate,1,Merged into the custom-intent canonical to prevent spelling and same-intent cannibalization.,NO
SAME_INTENT_MODIFIER,candidate-engine,/noida/personalized-cork-serving-decorate,/noida/custom-cork-serving-decorate,1,Merged into the custom-intent canonical to prevent spelling and same-intent cannibalization.,NO
SAME_INTENT_MODIFIER,candidate-engine,/greater-noida/customised-cork-serving-decorate,/greater-noida/custom-cork-serving-decorate,1,Merged into the custom-intent canonical to prevent spelling and same-intent cannibalization.,NO
SAME_INTENT_MODIFIER,candidate-engine,/greater-noida/personalized-cork-serving-decorate,/greater-noida/custom-cork-serving-decorate,1,Merged into the custom-intent canonical to prevent spelling and same-intent cannibalization.,NO
SAME_INTENT_MODIFIER,candidate-engine,/gurgaon/customised-cork-serving-decorate,/gurgaon/custom-cork-serving-decorate,1,Merged into the custom-intent canonical to prevent spelling and same-intent cannibalization.,NO
SAME_INTENT_MODIFIER,candidate-engine,/gurgaon/personalized-cork-serving-decorate,/gurgaon/custom-cork-serving-decorate,1,Merged into the custom-intent canonical to prevent spelling and same-intent cannibalization.,NO
SAME_INTENT_MODIFIER,candidate-engine,/faridabad/customised-cork-serving-decorate,/faridabad/custom-cork-serving-decorate,1,Merged into the custom-intent canonical to prevent spelling and same-intent cannibalization.,NO
SAME_INTENT_MODIFIER,candidate-engine,/faridabad/personalized-cork-serving-decorate,/faridabad/custom-cork-serving-decorate,1,Merged into the custom-intent canonical to prevent spelling and same-intent cannibalization.,NO
SAME_INTENT_MODIFIER,candidate-engine,/ghaziabad/customised-cork-serving-decorate,/ghaziabad/custom-cork-serving-decorate,1,Merged into the custom-intent canonical to prevent spelling and same-intent cannibalization.,NO
SAME_INTENT_MODIFIER,candidate-engine,/ghaziabad/personalized-cork-serving-decorate,/ghaziabad/custom-cork-serving-decorate,1,Merged into the custom-intent canonical to prevent spelling and same-intent cannibalization.,NO
SAME_INTENT_MODIFIER,candidate-engine,/haryana/customised-cork-serving-decorate,/haryana/custom-cork-serving-decorate,1,Merged into the custom-intent canonical to prevent spelling and same-intent cannibalization.,NO
SAME_INTENT_MODIFIER,candidate-engine,/haryana/personalized-cork-serving-decorate,/haryana/custom-cork-serving-decorate,1,Merged into the custom-intent canonical to prevent spelling and same-intent cannibalization.,NO
SAME_INTENT_MODIFIER,candidate-engine,/uttar-pradesh/customised-cork-serving-decorate,/uttar-pradesh/custom-cork-serving-decorate,1,Merged into the custom-intent canonical to prevent spelling and same-intent cannibalization.,NO
SAME_INTENT_MODIFIER,candidate-engine,/uttar-pradesh/personalized-cork-serving-decorate,/uttar-pradesh/custom-cork-serving-decorate,1,Merged into the custom-intent canonical to prevent spelling and same-intent cannibalization.,NO
SAME_INTENT_MODIFIER,candidate-engine,/maharashtra/customised-cork-serving-decorate,/maharashtra/custom-cork-serving-decorate,1,Merged into the custom-intent canonical to prevent spelling and same-intent cannibalization.,NO
SAME_INTENT_MODIFIER,candidate-engine,/maharashtra/personalized-cork-serving-decorate,/maharashtra/custom-cork-serving-decorate,1,Merged into the custom-intent canonical to prevent spelling and same-intent cannibalization.,NO
SAME_INTENT_MODIFIER,candidate-engine,/karnataka/customised-cork-serving-decorate,/karnataka/custom-cork-serving-decorate,1,Merged into the custom-intent canonical to prevent spelling and same-intent cannibalization.,NO
SAME_INTENT_MODIFIER,candidate-engine,/karnataka/personalized-cork-serving-decorate,/karnataka/custom-cork-serving-decorate,1,Merged into the custom-intent canonical to prevent spelling and same-intent cannibalization.,NO
SAME_INTENT_MODIFIER,candidate-engine,/tamil-nadu/customised-cork-serving-decorate,/tamil-nadu/custom-cork-serving-decorate,1,Merged into the custom-intent canonical to prevent spelling and same-intent cannibalization.,NO
SAME_INTENT_MODIFIER,candidate-engine,/tamil-nadu/personalized-cork-serving-decorate,/tamil-nadu/custom-cork-serving-decorate,1,Merged into the custom-intent canonical to prevent spelling and same-intent cannibalization.,NO
SAME_INTENT_MODIFIER,candidate-engine,/telangana/customised-cork-serving-decorate,/telangana/custom-cork-serving-decorate,1,Merged into the custom-intent canonical to prevent spelling and same-intent cannibalization.,NO
SAME_INTENT_MODIFIER,candidate-engine,/telangana/personalized-cork-serving-decorate,/telangana/custom-cork-serving-decorate,1,Merged into the custom-intent canonical to prevent spelling and same-intent cannibalization.,NO
SAME_INTENT_MODIFIER,candidate-engine,/west-bengal/customised-cork-serving-decorate,/west-bengal/custom-cork-serving-decorate,1,Merged into the custom-intent canonical to prevent spelling and same-intent cannibalization.,NO
SAME_INTENT_MODIFIER,candidate-engine,/west-bengal/personalized-cork-serving-decorate,/west-bengal/custom-cork-serving-decorate,1,Merged into the custom-intent canonical to prevent spelling and same-intent cannibalization.,NO
SAME_INTENT_MODIFIER,candidate-engine,/mumbai/customised-cork-serving-decorate,/mumbai/custom-cork-serving-decorate,1,Merged into the custom-intent canonical to prevent spelling and same-intent cannibalization.,NO
SAME_INTENT_MODIFIER,candidate-engine,/mumbai/personalized-cork-serving-decorate,/mumbai/custom-cork-serving-decorate,1,Merged into the custom-intent canonical to prevent spelling and same-intent cannibalization.,NO
SAME_INTENT_MODIFIER,candidate-engine,/pune/customised-cork-serving-decorate,/pune/custom-cork-serving-decorate,1,Merged into the custom-intent canonical to prevent spelling and same-intent cannibalization.,NO
SAME_INTENT_MODIFIER,candidate-engine,/pune/personalized-cork-serving-decorate,/pune/custom-cork-serving-decorate,1,Merged into the custom-intent canonical to prevent spelling and same-intent cannibalization.,NO
SAME_INTENT_MODIFIER,candidate-engine,/bengaluru/customised-cork-serving-decorate,/bengaluru/custom-cork-serving-decorate,1,Merged into the custom-intent canonical to prevent spelling and same-intent cannibalization.,NO
SAME_INTENT_MODIFIER,candidate-engine,/bengaluru/personalized-cork-serving-decorate,/bengaluru/custom-cork-serving-decorate,1,Merged into the custom-intent canonical to prevent spelling and same-intent cannibalization.,NO
SAME_INTENT_MODIFIER,candidate-engine,/hyderabad/customised-cork-serving-decorate,/hyderabad/custom-cork-serving-decorate,1,Merged into the custom-intent canonical to prevent spelling and same-intent cannibalization.,NO
SAME_INTENT_MODIFIER,candidate-engine,/hyderabad/personalized-cork-serving-decorate,/hyderabad/custom-cork-serving-decorate,1,Merged into the custom-intent canonical to prevent spelling and same-intent cannibalization.,NO
SAME_INTENT_MODIFIER,candidate-engine,/chennai/customised-cork-serving-decorate,/chennai/custom-cork-serving-decorate,1,Merged into the custom-intent canonical to prevent spelling and same-intent cannibalization.,NO
SAME_INTENT_MODIFIER,candidate-engine,/chennai/personalized-cork-serving-decorate,/chennai/custom-cork-serving-decorate,1,Merged into the custom-intent canonical to prevent spelling and same-intent cannibalization.,NO
SAME_INTENT_MODIFIER,candidate-engine,/kolkata/customised-cork-serving-decorate,/kolkata/custom-cork-serving-decorate,1,Merged into the custom-intent canonical to prevent spelling and same-intent cannibalization.,NO
SAME_INTENT_MODIFIER,candidate-engine,/kolkata/personalized-cork-serving-decorate,/kolkata/custom-cork-serving-decorate,1,Merged into the custom-intent canonical to prevent spelling and same-intent cannibalization.,NO
SAME_INTENT_MODIFIER,candidate-engine,/ahmedabad/customised-cork-serving-decorate,/ahmedabad/custom-cork-serving-decorate,1,Merged into the custom-intent canonical to prevent spelling and same-intent cannibalization.,NO
SAME_INTENT_MODIFIER,candidate-engine,/ahmedabad/personalized-cork-serving-decorate,/ahmedabad/custom-cork-serving-decorate,1,Merged into the custom-intent canonical to prevent spelling and same-intent cannibalization.,NO
SAME_INTENT_MODIFIER,candidate-engine,/lucknow/customised-cork-serving-decorate,/lucknow/custom-cork-serving-decorate,1,Merged into the custom-intent canonical to prevent spelling and same-intent cannibalization.,NO
SAME_INTENT_MODIFIER,candidate-engine,/lucknow/personalized-cork-serving-decorate,/lucknow/custom-cork-serving-decorate,1,Merged into the custom-intent canonical to prevent spelling and same-intent cannibalization.,NO
SAME_INTENT_MODIFIER,candidate-engine,/india/customised-cork-horeca-range,/india/custom-cork-horeca-range,1,Merged into the custom-intent canonical to prevent spelling and same-intent cannibalization.,NO
SAME_INTENT_MODIFIER,candidate-engine,/india/personalized-cork-horeca-range,/india/custom-cork-horeca-range,1,Merged into the custom-intent canonical to prevent spelling and same-intent cannibalization.,NO
SAME_INTENT_MODIFIER,candidate-engine,/delhi/customised-cork-horeca-range,/delhi/custom-cork-horeca-range,1,Merged into the custom-intent canonical to prevent spelling and same-intent cannibalization.,NO
SAME_INTENT_MODIFIER,candidate-engine,/delhi/personalized-cork-horeca-range,/delhi/custom-cork-horeca-range,1,Merged into the custom-intent canonical to prevent spelling and same-intent cannibalization.,NO
SAME_INTENT_MODIFIER,candidate-engine,/noida/customised-cork-horeca-range,/noida/custom-cork-horeca-range,1,Merged into the custom-intent canonical to prevent spelling and same-intent cannibalization.,NO
SAME_INTENT_MODIFIER,candidate-engine,/noida/personalized-cork-horeca-range,/noida/custom-cork-horeca-range,1,Merged into the custom-intent canonical to prevent spelling and same-intent cannibalization.,NO
SAME_INTENT_MODIFIER,candidate-engine,/greater-noida/customised-cork-horeca-range,/greater-noida/custom-cork-horeca-range,1,Merged into the custom-intent canonical to prevent spelling and same-intent cannibalization.,NO
SAME_INTENT_MODIFIER,candidate-engine,/greater-noida/personalized-cork-horeca-range,/greater-noida/custom-cork-horeca-range,1,Merged into the custom-intent canonical to prevent spelling and same-intent cannibalization.,NO
SAME_INTENT_MODIFIER,candidate-engine,/gurgaon/customised-cork-horeca-range,/gurgaon/custom-cork-horeca-range,1,Merged into the custom-intent canonical to prevent spelling and same-intent cannibalization.,NO
SAME_INTENT_MODIFIER,candidate-engine,/gurgaon/personalized-cork-horeca-range,/gurgaon/custom-cork-horeca-range,1,Merged into the custom-intent canonical to prevent spelling and same-intent cannibalization.,NO
SAME_INTENT_MODIFIER,candidate-engine,/faridabad/customised-cork-horeca-range,/faridabad/custom-cork-horeca-range,1,Merged into the custom-intent canonical to prevent spelling and same-intent cannibalization.,NO
SAME_INTENT_MODIFIER,candidate-engine,/faridabad/personalized-cork-horeca-range,/faridabad/custom-cork-horeca-range,1,Merged into the custom-intent canonical to prevent spelling and same-intent cannibalization.,NO
SAME_INTENT_MODIFIER,candidate-engine,/ghaziabad/customised-cork-horeca-range,/ghaziabad/custom-cork-horeca-range,1,Merged into the custom-intent canonical to prevent spelling and same-intent cannibalization.,NO
SAME_INTENT_MODIFIER,candidate-engine,/ghaziabad/personalized-cork-horeca-range,/ghaziabad/custom-cork-horeca-range,1,Merged into the custom-intent canonical to prevent spelling and same-intent cannibalization.,NO
SAME_INTENT_MODIFIER,candidate-engine,/haryana/customised-cork-horeca-range,/haryana/custom-cork-horeca-range,1,Merged into the custom-intent canonical to prevent spelling and same-intent cannibalization.,NO
SAME_INTENT_MODIFIER,candidate-engine,/haryana/personalized-cork-horeca-range,/haryana/custom-cork-horeca-range,1,Merged into the custom-intent canonical to prevent spelling and same-intent cannibalization.,NO
SAME_INTENT_MODIFIER,candidate-engine,/uttar-pradesh/customised-cork-horeca-range,/uttar-pradesh/custom-cork-horeca-range,1,Merged into the custom-intent canonical to prevent spelling and same-intent cannibalization.,NO
SAME_INTENT_MODIFIER,candidate-engine,/uttar-pradesh/personalized-cork-horeca-range,/uttar-pradesh/custom-cork-horeca-range,1,Merged into the custom-intent canonical to prevent spelling and same-intent cannibalization.,NO
SAME_INTENT_MODIFIER,candidate-engine,/maharashtra/customised-cork-horeca-range,/maharashtra/custom-cork-horeca-range,1,Merged into the custom-intent canonical to prevent spelling and same-intent cannibalization.,NO
SAME_INTENT_MODIFIER,candidate-engine,/maharashtra/personalized-cork-horeca-range,/maharashtra/custom-cork-horeca-range,1,Merged into the custom-intent canonical to prevent spelling and same-intent cannibalization.,NO
SAME_INTENT_MODIFIER,candidate-engine,/karnataka/customised-cork-horeca-range,/karnataka/custom-cork-horeca-range,1,Merged into the custom-intent canonical to prevent spelling and same-intent cannibalization.,NO
SAME_INTENT_MODIFIER,candidate-engine,/karnataka/personalized-cork-horeca-range,/karnataka/custom-cork-horeca-range,1,Merged into the custom-intent canonical to prevent spelling and same-intent cannibalization.,NO
SAME_INTENT_MODIFIER,candidate-engine,/tamil-nadu/customised-cork-horeca-range,/tamil-nadu/custom-cork-horeca-range,1,Merged into the custom-intent canonical to prevent spelling and same-intent cannibalization.,NO
SAME_INTENT_MODIFIER,candidate-engine,/tamil-nadu/personalized-cork-horeca-range,/tamil-nadu/custom-cork-horeca-range,1,Merged into the custom-intent canonical to prevent spelling and same-intent cannibalization.,NO
SAME_INTENT_MODIFIER,candidate-engine,/telangana/customised-cork-horeca-range,/telangana/custom-cork-horeca-range,1,Merged into the custom-intent canonical to prevent spelling and same-intent cannibalization.,NO
SAME_INTENT_MODIFIER,candidate-engine,/telangana/personalized-cork-horeca-range,/telangana/custom-cork-horeca-range,1,Merged into the custom-intent canonical to prevent spelling and same-intent cannibalization.,NO
SAME_INTENT_MODIFIER,candidate-engine,/west-bengal/customised-cork-horeca-range,/west-bengal/custom-cork-horeca-range,1,Merged into the custom-intent canonical to prevent spelling and same-intent cannibalization.,NO
SAME_INTENT_MODIFIER,candidate-engine,/west-bengal/personalized-cork-horeca-range,/west-bengal/custom-cork-horeca-range,1,Merged into the custom-intent canonical to prevent spelling and same-intent cannibalization.,NO
SAME_INTENT_MODIFIER,candidate-engine,/mumbai/customised-cork-horeca-range,/mumbai/custom-cork-horeca-range,1,Merged into the custom-intent canonical to prevent spelling and same-intent cannibalization.,NO
SAME_INTENT_MODIFIER,candidate-engine,/mumbai/personalized-cork-horeca-range,/mumbai/custom-cork-horeca-range,1,Merged into the custom-intent canonical to prevent spelling and same-intent cannibalization.,NO
SAME_INTENT_MODIFIER,candidate-engine,/pune/customised-cork-horeca-range,/pune/custom-cork-horeca-range,1,Merged into the custom-intent canonical to prevent spelling and same-intent cannibalization.,NO
SAME_INTENT_MODIFIER,candidate-engine,/pune/personalized-cork-horeca-range,/pune/custom-cork-horeca-range,1,Merged into the custom-intent canonical to prevent spelling and same-intent cannibalization.,NO
SAME_INTENT_MODIFIER,candidate-engine,/bengaluru/customised-cork-horeca-range,/bengaluru/custom-cork-horeca-range,1,Merged into the custom-intent canonical to prevent spelling and same-intent cannibalization.,NO
SAME_INTENT_MODIFIER,candidate-engine,/bengaluru/personalized-cork-horeca-range,/bengaluru/custom-cork-horeca-range,1,Merged into the custom-intent canonical to prevent spelling and same-intent cannibalization.,NO
SAME_INTENT_MODIFIER,candidate-engine,/hyderabad/customised-cork-horeca-range,/hyderabad/custom-cork-horeca-range,1,Merged into the custom-intent canonical to prevent spelling and same-intent cannibalization.,NO
SAME_INTENT_MODIFIER,candidate-engine,/hyderabad/personalized-cork-horeca-range,/hyderabad/custom-cork-horeca-range,1,Merged into the custom-intent canonical to prevent spelling and same-intent cannibalization.,NO
SAME_INTENT_MODIFIER,candidate-engine,/chennai/customised-cork-horeca-range,/chennai/custom-cork-horeca-range,1,Merged into the custom-intent canonical to prevent spelling and same-intent cannibalization.,NO
SAME_INTENT_MODIFIER,candidate-engine,/chennai/personalized-cork-horeca-range,/chennai/custom-cork-horeca-range,1,Merged into the custom-intent canonical to prevent spelling and same-intent cannibalization.,NO
SAME_INTENT_MODIFIER,candidate-engine,/kolkata/customised-cork-horeca-range,/kolkata/custom-cork-horeca-range,1,Merged into the custom-intent canonical to prevent spelling and same-intent cannibalization.,NO
SAME_INTENT_MODIFIER,candidate-engine,/kolkata/personalized-cork-horeca-range,/kolkata/custom-cork-horeca-range,1,Merged into the custom-intent canonical to prevent spelling and same-intent cannibalization.,NO
SAME_INTENT_MODIFIER,candidate-engine,/ahmedabad/customised-cork-horeca-range,/ahmedabad/custom-cork-horeca-range,1,Merged into the custom-intent canonical to prevent spelling and same-intent cannibalization.,NO
SAME_INTENT_MODIFIER,candidate-engine,/ahmedabad/personalized-cork-horeca-range,/ahmedabad/custom-cork-horeca-range,1,Merged into the custom-intent canonical to prevent spelling and same-intent cannibalization.,NO
SAME_INTENT_MODIFIER,candidate-engine,/lucknow/customised-cork-horeca-range,/lucknow/custom-cork-horeca-range,1,Merged into the custom-intent canonical to prevent spelling and same-intent cannibalization.,NO
SAME_INTENT_MODIFIER,candidate-engine,/lucknow/personalized-cork-horeca-range,/lucknow/custom-cork-horeca-range,1,Merged into the custom-intent canonical to prevent spelling and same-intent cannibalization.,NO
SAME_INTENT_MODIFIER,candidate-engine,/india/customised-cork-premium-lighting,/india/custom-cork-premium-lighting,1,Merged into the custom-intent canonical to prevent spelling and same-intent cannibalization.,NO
SAME_INTENT_MODIFIER,candidate-engine,/india/personalized-cork-premium-lighting,/india/custom-cork-premium-lighting,1,Merged into the custom-intent canonical to prevent spelling and same-intent cannibalization.,NO
SAME_INTENT_MODIFIER,candidate-engine,/delhi/customised-cork-premium-lighting,/delhi/custom-cork-premium-lighting,1,Merged into the custom-intent canonical to prevent spelling and same-intent cannibalization.,NO
SAME_INTENT_MODIFIER,candidate-engine,/delhi/personalized-cork-premium-lighting,/delhi/custom-cork-premium-lighting,1,Merged into the custom-intent canonical to prevent spelling and same-intent cannibalization.,NO
SAME_INTENT_MODIFIER,candidate-engine,/noida/customised-cork-premium-lighting,/noida/custom-cork-premium-lighting,1,Merged into the custom-intent canonical to prevent spelling and same-intent cannibalization.,NO
SAME_INTENT_MODIFIER,candidate-engine,/noida/personalized-cork-premium-lighting,/noida/custom-cork-premium-lighting,1,Merged into the custom-intent canonical to prevent spelling and same-intent cannibalization.,NO
SAME_INTENT_MODIFIER,candidate-engine,/greater-noida/customised-cork-premium-lighting,/greater-noida/custom-cork-premium-lighting,1,Merged into the custom-intent canonical to prevent spelling and same-intent cannibalization.,NO
SAME_INTENT_MODIFIER,candidate-engine,/greater-noida/personalized-cork-premium-lighting,/greater-noida/custom-cork-premium-lighting,1,Merged into the custom-intent canonical to prevent spelling and same-intent cannibalization.,NO
SAME_INTENT_MODIFIER,candidate-engine,/gurgaon/customised-cork-premium-lighting,/gurgaon/custom-cork-premium-lighting,1,Merged into the custom-intent canonical to prevent spelling and same-intent cannibalization.,NO
SAME_INTENT_MODIFIER,candidate-engine,/gurgaon/personalized-cork-premium-lighting,/gurgaon/custom-cork-premium-lighting,1,Merged into the custom-intent canonical to prevent spelling and same-intent cannibalization.,NO
SAME_INTENT_MODIFIER,candidate-engine,/faridabad/customised-cork-premium-lighting,/faridabad/custom-cork-premium-lighting,1,Merged into the custom-intent canonical to prevent spelling and same-intent cannibalization.,NO
SAME_INTENT_MODIFIER,candidate-engine,/faridabad/personalized-cork-premium-lighting,/faridabad/custom-cork-premium-lighting,1,Merged into the custom-intent canonical to prevent spelling and same-intent cannibalization.,NO
SAME_INTENT_MODIFIER,candidate-engine,/ghaziabad/customised-cork-premium-lighting,/ghaziabad/custom-cork-premium-lighting,1,Merged into the custom-intent canonical to prevent spelling and same-intent cannibalization.,NO
SAME_INTENT_MODIFIER,candidate-engine,/ghaziabad/personalized-cork-premium-lighting,/ghaziabad/custom-cork-premium-lighting,1,Merged into the custom-intent canonical to prevent spelling and same-intent cannibalization.,NO
SAME_INTENT_MODIFIER,candidate-engine,/haryana/customised-cork-premium-lighting,/haryana/custom-cork-premium-lighting,1,Merged into the custom-intent canonical to prevent spelling and same-intent cannibalization.,NO
SAME_INTENT_MODIFIER,candidate-engine,/haryana/personalized-cork-premium-lighting,/haryana/custom-cork-premium-lighting,1,Merged into the custom-intent canonical to prevent spelling and same-intent cannibalization.,NO
SAME_INTENT_MODIFIER,candidate-engine,/uttar-pradesh/customised-cork-premium-lighting,/uttar-pradesh/custom-cork-premium-lighting,1,Merged into the custom-intent canonical to prevent spelling and same-intent cannibalization.,NO
SAME_INTENT_MODIFIER,candidate-engine,/uttar-pradesh/personalized-cork-premium-lighting,/uttar-pradesh/custom-cork-premium-lighting,1,Merged into the custom-intent canonical to prevent spelling and same-intent cannibalization.,NO
SAME_INTENT_MODIFIER,candidate-engine,/maharashtra/customised-cork-premium-lighting,/maharashtra/custom-cork-premium-lighting,1,Merged into the custom-intent canonical to prevent spelling and same-intent cannibalization.,NO
SAME_INTENT_MODIFIER,candidate-engine,/maharashtra/personalized-cork-premium-lighting,/maharashtra/custom-cork-premium-lighting,1,Merged into the custom-intent canonical to prevent spelling and same-intent cannibalization.,NO
SAME_INTENT_MODIFIER,candidate-engine,/karnataka/customised-cork-premium-lighting,/karnataka/custom-cork-premium-lighting,1,Merged into the custom-intent canonical to prevent spelling and same-intent cannibalization.,NO
SAME_INTENT_MODIFIER,candidate-engine,/karnataka/personalized-cork-premium-lighting,/karnataka/custom-cork-premium-lighting,1,Merged into the custom-intent canonical to prevent spelling and same-intent cannibalization.,NO
SAME_INTENT_MODIFIER,candidate-engine,/tamil-nadu/customised-cork-premium-lighting,/tamil-nadu/custom-cork-premium-lighting,1,Merged into the custom-intent canonical to prevent spelling and same-intent cannibalization.,NO
SAME_INTENT_MODIFIER,candidate-engine,/tamil-nadu/personalized-cork-premium-lighting,/tamil-nadu/custom-cork-premium-lighting,1,Merged into the custom-intent canonical to prevent spelling and same-intent cannibalization.,NO
SAME_INTENT_MODIFIER,candidate-engine,/telangana/customised-cork-premium-lighting,/telangana/custom-cork-premium-lighting,1,Merged into the custom-intent canonical to prevent spelling and same-intent cannibalization.,NO
SAME_INTENT_MODIFIER,candidate-engine,/telangana/personalized-cork-premium-lighting,/telangana/custom-cork-premium-lighting,1,Merged into the custom-intent canonical to prevent spelling and same-intent cannibalization.,NO
SAME_INTENT_MODIFIER,candidate-engine,/west-bengal/customised-cork-premium-lighting,/west-bengal/custom-cork-premium-lighting,1,Merged into the custom-intent canonical to prevent spelling and same-intent cannibalization.,NO
SAME_INTENT_MODIFIER,candidate-engine,/west-bengal/personalized-cork-premium-lighting,/west-bengal/custom-cork-premium-lighting,1,Merged into the custom-intent canonical to prevent spelling and same-intent cannibalization.,NO
SAME_INTENT_MODIFIER,candidate-engine,/mumbai/customised-cork-premium-lighting,/mumbai/custom-cork-premium-lighting,1,Merged into the custom-intent canonical to prevent spelling and same-intent cannibalization.,NO
SAME_INTENT_MODIFIER,candidate-engine,/mumbai/personalized-cork-premium-lighting,/mumbai/custom-cork-premium-lighting,1,Merged into the custom-intent canonical to prevent spelling and same-intent cannibalization.,NO
SAME_INTENT_MODIFIER,candidate-engine,/pune/customised-cork-premium-lighting,/pune/custom-cork-premium-lighting,1,Merged into the custom-intent canonical to prevent spelling and same-intent cannibalization.,NO
SAME_INTENT_MODIFIER,candidate-engine,/pune/personalized-cork-premium-lighting,/pune/custom-cork-premium-lighting,1,Merged into the custom-intent canonical to prevent spelling and same-intent cannibalization.,NO
SAME_INTENT_MODIFIER,candidate-engine,/bengaluru/customised-cork-premium-lighting,/bengaluru/custom-cork-premium-lighting,1,Merged into the custom-intent canonical to prevent spelling and same-intent cannibalization.,NO
SAME_INTENT_MODIFIER,candidate-engine,/bengaluru/personalized-cork-premium-lighting,/bengaluru/custom-cork-premium-lighting,1,Merged into the custom-intent canonical to prevent spelling and same-intent cannibalization.,NO
SAME_INTENT_MODIFIER,candidate-engine,/hyderabad/customised-cork-premium-lighting,/hyderabad/custom-cork-premium-lighting,1,Merged into the custom-intent canonical to prevent spelling and same-intent cannibalization.,NO
SAME_INTENT_MODIFIER,candidate-engine,/hyderabad/personalized-cork-premium-lighting,/hyderabad/custom-cork-premium-lighting,1,Merged into the custom-intent canonical to prevent spelling and same-intent cannibalization.,NO
SAME_INTENT_MODIFIER,candidate-engine,/chennai/customised-cork-premium-lighting,/chennai/custom-cork-premium-lighting,1,Merged into the custom-intent canonical to prevent spelling and same-intent cannibalization.,NO
SAME_INTENT_MODIFIER,candidate-engine,/chennai/personalized-cork-premium-lighting,/chennai/custom-cork-premium-lighting,1,Merged into the custom-intent canonical to prevent spelling and same-intent cannibalization.,NO
SAME_INTENT_MODIFIER,candidate-engine,/kolkata/customised-cork-premium-lighting,/kolkata/custom-cork-premium-lighting,1,Merged into the custom-intent canonical to prevent spelling and same-intent cannibalization.,NO
SAME_INTENT_MODIFIER,candidate-engine,/kolkata/personalized-cork-premium-lighting,/kolkata/custom-cork-premium-lighting,1,Merged into the custom-intent canonical to prevent spelling and same-intent cannibalization.,NO
SAME_INTENT_MODIFIER,candidate-engine,/ahmedabad/customised-cork-premium-lighting,/ahmedabad/custom-cork-premium-lighting,1,Merged into the custom-intent canonical to prevent spelling and same-intent cannibalization.,NO
SAME_INTENT_MODIFIER,candidate-engine,/ahmedabad/personalized-cork-premium-lighting,/ahmedabad/custom-cork-premium-lighting,1,Merged into the custom-intent canonical to prevent spelling and same-intent cannibalization.,NO
SAME_INTENT_MODIFIER,candidate-engine,/lucknow/customised-cork-premium-lighting,/lucknow/custom-cork-premium-lighting,1,Merged into the custom-intent canonical to prevent spelling and same-intent cannibalization.,NO
SAME_INTENT_MODIFIER,candidate-engine,/lucknow/personalized-cork-premium-lighting,/lucknow/custom-cork-premium-lighting,1,Merged into the custom-intent canonical to prevent spelling and same-intent cannibalization.,NO
SAME_INTENT_MODIFIER,candidate-engine,/india/customised-cork-premium-gift-boxes,/india/custom-cork-premium-gift-boxes,1,Merged into the custom-intent canonical to prevent spelling and same-intent cannibalization.,NO
SAME_INTENT_MODIFIER,candidate-engine,/india/personalized-cork-premium-gift-boxes,/india/custom-cork-premium-gift-boxes,1,Merged into the custom-intent canonical to prevent spelling and same-intent cannibalization.,NO
SAME_INTENT_MODIFIER,candidate-engine,/delhi/customised-cork-premium-gift-boxes,/delhi/custom-cork-premium-gift-boxes,1,Merged into the custom-intent canonical to prevent spelling and same-intent cannibalization.,NO
SAME_INTENT_MODIFIER,candidate-engine,/delhi/personalized-cork-premium-gift-boxes,/delhi/custom-cork-premium-gift-boxes,1,Merged into the custom-intent canonical to prevent spelling and same-intent cannibalization.,NO
SAME_INTENT_MODIFIER,candidate-engine,/noida/customised-cork-premium-gift-boxes,/noida/custom-cork-premium-gift-boxes,1,Merged into the custom-intent canonical to prevent spelling and same-intent cannibalization.,NO
SAME_INTENT_MODIFIER,candidate-engine,/noida/personalized-cork-premium-gift-boxes,/noida/custom-cork-premium-gift-boxes,1,Merged into the custom-intent canonical to prevent spelling and same-intent cannibalization.,NO
SAME_INTENT_MODIFIER,candidate-engine,/greater-noida/customised-cork-premium-gift-boxes,/greater-noida/custom-cork-premium-gift-boxes,1,Merged into the custom-intent canonical to prevent spelling and same-intent cannibalization.,NO
SAME_INTENT_MODIFIER,candidate-engine,/greater-noida/personalized-cork-premium-gift-boxes,/greater-noida/custom-cork-premium-gift-boxes,1,Merged into the custom-intent canonical to prevent spelling and same-intent cannibalization.,NO
SAME_INTENT_MODIFIER,candidate-engine,/gurgaon/customised-cork-premium-gift-boxes,/gurgaon/custom-cork-premium-gift-boxes,1,Merged into the custom-intent canonical to prevent spelling and same-intent cannibalization.,NO
SAME_INTENT_MODIFIER,candidate-engine,/gurgaon/personalized-cork-premium-gift-boxes,/gurgaon/custom-cork-premium-gift-boxes,1,Merged into the custom-intent canonical to prevent spelling and same-intent cannibalization.,NO
SAME_INTENT_MODIFIER,candidate-engine,/faridabad/customised-cork-premium-gift-boxes,/faridabad/custom-cork-premium-gift-boxes,1,Merged into the custom-intent canonical to prevent spelling and same-intent cannibalization.,NO
SAME_INTENT_MODIFIER,candidate-engine,/faridabad/personalized-cork-premium-gift-boxes,/faridabad/custom-cork-premium-gift-boxes,1,Merged into the custom-intent canonical to prevent spelling and same-intent cannibalization.,NO
SAME_INTENT_MODIFIER,candidate-engine,/ghaziabad/customised-cork-premium-gift-boxes,/ghaziabad/custom-cork-premium-gift-boxes,1,Merged into the custom-intent canonical to prevent spelling and same-intent cannibalization.,NO
SAME_INTENT_MODIFIER,candidate-engine,/ghaziabad/personalized-cork-premium-gift-boxes,/ghaziabad/custom-cork-premium-gift-boxes,1,Merged into the custom-intent canonical to prevent spelling and same-intent cannibalization.,NO
SAME_INTENT_MODIFIER,candidate-engine,/haryana/customised-cork-premium-gift-boxes,/haryana/custom-cork-premium-gift-boxes,1,Merged into the custom-intent canonical to prevent spelling and same-intent cannibalization.,NO
SAME_INTENT_MODIFIER,candidate-engine,/haryana/personalized-cork-premium-gift-boxes,/haryana/custom-cork-premium-gift-boxes,1,Merged into the custom-intent canonical to prevent spelling and same-intent cannibalization.,NO
SAME_INTENT_MODIFIER,candidate-engine,/uttar-pradesh/customised-cork-premium-gift-boxes,/uttar-pradesh/custom-cork-premium-gift-boxes,1,Merged into the custom-intent canonical to prevent spelling and same-intent cannibalization.,NO
SAME_INTENT_MODIFIER,candidate-engine,/uttar-pradesh/personalized-cork-premium-gift-boxes,/uttar-pradesh/custom-cork-premium-gift-boxes,1,Merged into the custom-intent canonical to prevent spelling and same-intent cannibalization.,NO
SAME_INTENT_MODIFIER,candidate-engine,/maharashtra/customised-cork-premium-gift-boxes,/maharashtra/custom-cork-premium-gift-boxes,1,Merged into the custom-intent canonical to prevent spelling and same-intent cannibalization.,NO
SAME_INTENT_MODIFIER,candidate-engine,/maharashtra/personalized-cork-premium-gift-boxes,/maharashtra/custom-cork-premium-gift-boxes,1,Merged into the custom-intent canonical to prevent spelling and same-intent cannibalization.,NO
SAME_INTENT_MODIFIER,candidate-engine,/karnataka/customised-cork-premium-gift-boxes,/karnataka/custom-cork-premium-gift-boxes,1,Merged into the custom-intent canonical to prevent spelling and same-intent cannibalization.,NO
SAME_INTENT_MODIFIER,candidate-engine,/karnataka/personalized-cork-premium-gift-boxes,/karnataka/custom-cork-premium-gift-boxes,1,Merged into the custom-intent canonical to prevent spelling and same-intent cannibalization.,NO
SAME_INTENT_MODIFIER,candidate-engine,/tamil-nadu/customised-cork-premium-gift-boxes,/tamil-nadu/custom-cork-premium-gift-boxes,1,Merged into the custom-intent canonical to prevent spelling and same-intent cannibalization.,NO
SAME_INTENT_MODIFIER,candidate-engine,/tamil-nadu/personalized-cork-premium-gift-boxes,/tamil-nadu/custom-cork-premium-gift-boxes,1,Merged into the custom-intent canonical to prevent spelling and same-intent cannibalization.,NO
SAME_INTENT_MODIFIER,candidate-engine,/telangana/customised-cork-premium-gift-boxes,/telangana/custom-cork-premium-gift-boxes,1,Merged into the custom-intent canonical to prevent spelling and same-intent cannibalization.,NO
SAME_INTENT_MODIFIER,candidate-engine,/telangana/personalized-cork-premium-gift-boxes,/telangana/custom-cork-premium-gift-boxes,1,Merged into the custom-intent canonical to prevent spelling and same-intent cannibalization.,NO
SAME_INTENT_MODIFIER,candidate-engine,/west-bengal/customised-cork-premium-gift-boxes,/west-bengal/custom-cork-premium-gift-boxes,1,Merged into the custom-intent canonical to prevent spelling and same-intent cannibalization.,NO
SAME_INTENT_MODIFIER,candidate-engine,/west-bengal/personalized-cork-premium-gift-boxes,/west-bengal/custom-cork-premium-gift-boxes,1,Merged into the custom-intent canonical to prevent spelling and same-intent cannibalization.,NO
SAME_INTENT_MODIFIER,candidate-engine,/mumbai/customised-cork-premium-gift-boxes,/mumbai/custom-cork-premium-gift-boxes,1,Merged into the custom-intent canonical to prevent spelling and same-intent cannibalization.,NO
SAME_INTENT_MODIFIER,candidate-engine,/mumbai/personalized-cork-premium-gift-boxes,/mumbai/custom-cork-premium-gift-boxes,1,Merged into the custom-intent canonical to prevent spelling and same-intent cannibalization.,NO
SAME_INTENT_MODIFIER,candidate-engine,/pune/customised-cork-premium-gift-boxes,/pune/custom-cork-premium-gift-boxes,1,Merged into the custom-intent canonical to prevent spelling and same-intent cannibalization.,NO
SAME_INTENT_MODIFIER,candidate-engine,/pune/personalized-cork-premium-gift-boxes,/pune/custom-cork-premium-gift-boxes,1,Merged into the custom-intent canonical to prevent spelling and same-intent cannibalization.,NO
SAME_INTENT_MODIFIER,candidate-engine,/bengaluru/customised-cork-premium-gift-boxes,/bengaluru/custom-cork-premium-gift-boxes,1,Merged into the custom-intent canonical to prevent spelling and same-intent cannibalization.,NO
SAME_INTENT_MODIFIER,candidate-engine,/bengaluru/personalized-cork-premium-gift-boxes,/bengaluru/custom-cork-premium-gift-boxes,1,Merged into the custom-intent canonical to prevent spelling and same-intent cannibalization.,NO
SAME_INTENT_MODIFIER,candidate-engine,/hyderabad/customised-cork-premium-gift-boxes,/hyderabad/custom-cork-premium-gift-boxes,1,Merged into the custom-intent canonical to prevent spelling and same-intent cannibalization.,NO
SAME_INTENT_MODIFIER,candidate-engine,/hyderabad/personalized-cork-premium-gift-boxes,/hyderabad/custom-cork-premium-gift-boxes,1,Merged into the custom-intent canonical to prevent spelling and same-intent cannibalization.,NO
SAME_INTENT_MODIFIER,candidate-engine,/chennai/customised-cork-premium-gift-boxes,/chennai/custom-cork-premium-gift-boxes,1,Merged into the custom-intent canonical to prevent spelling and same-intent cannibalization.,NO
SAME_INTENT_MODIFIER,candidate-engine,/chennai/personalized-cork-premium-gift-boxes,/chennai/custom-cork-premium-gift-boxes,1,Merged into the custom-intent canonical to prevent spelling and same-intent cannibalization.,NO
SAME_INTENT_MODIFIER,candidate-engine,/kolkata/customised-cork-premium-gift-boxes,/kolkata/custom-cork-premium-gift-boxes,1,Merged into the custom-intent canonical to prevent spelling and same-intent cannibalization.,NO
SAME_INTENT_MODIFIER,candidate-engine,/kolkata/personalized-cork-premium-gift-boxes,/kolkata/custom-cork-premium-gift-boxes,1,Merged into the custom-intent canonical to prevent spelling and same-intent cannibalization.,NO
SAME_INTENT_MODIFIER,candidate-engine,/ahmedabad/customised-cork-premium-gift-boxes,/ahmedabad/custom-cork-premium-gift-boxes,1,Merged into the custom-intent canonical to prevent spelling and same-intent cannibalization.,NO
SAME_INTENT_MODIFIER,candidate-engine,/ahmedabad/personalized-cork-premium-gift-boxes,/ahmedabad/custom-cork-premium-gift-boxes,1,Merged into the custom-intent canonical to prevent spelling and same-intent cannibalization.,NO
SAME_INTENT_MODIFIER,candidate-engine,/lucknow/customised-cork-premium-gift-boxes,/lucknow/custom-cork-premium-gift-boxes,1,Merged into the custom-intent canonical to prevent spelling and same-intent cannibalization.,NO
SAME_INTENT_MODIFIER,candidate-engine,/lucknow/personalized-cork-premium-gift-boxes,/lucknow/custom-cork-premium-gift-boxes,1,Merged into the custom-intent canonical to prevent spelling and same-intent cannibalization.,NO
SAME_INTENT_MODIFIER,candidate-engine,/india/customised-cork-desk-top-accessories,/india/custom-cork-desk-top-accessories,1,Merged into the custom-intent canonical to prevent spelling and same-intent cannibalization.,NO
SAME_INTENT_MODIFIER,candidate-engine,/india/personalized-cork-desk-top-accessories,/india/custom-cork-desk-top-accessories,1,Merged into the custom-intent canonical to prevent spelling and same-intent cannibalization.,NO
SAME_INTENT_MODIFIER,candidate-engine,/delhi/customised-cork-desk-top-accessories,/delhi/custom-cork-desk-top-accessories,1,Merged into the custom-intent canonical to prevent spelling and same-intent cannibalization.,NO
SAME_INTENT_MODIFIER,candidate-engine,/delhi/personalized-cork-desk-top-accessories,/delhi/custom-cork-desk-top-accessories,1,Merged into the custom-intent canonical to prevent spelling and same-intent cannibalization.,NO
SAME_INTENT_MODIFIER,candidate-engine,/noida/customised-cork-desk-top-accessories,/noida/custom-cork-desk-top-accessories,1,Merged into the custom-intent canonical to prevent spelling and same-intent cannibalization.,NO
SAME_INTENT_MODIFIER,candidate-engine,/noida/personalized-cork-desk-top-accessories,/noida/custom-cork-desk-top-accessories,1,Merged into the custom-intent canonical to prevent spelling and same-intent cannibalization.,NO
SAME_INTENT_MODIFIER,candidate-engine,/greater-noida/customised-cork-desk-top-accessories,/greater-noida/custom-cork-desk-top-accessories,1,Merged into the custom-intent canonical to prevent spelling and same-intent cannibalization.,NO
SAME_INTENT_MODIFIER,candidate-engine,/greater-noida/personalized-cork-desk-top-accessories,/greater-noida/custom-cork-desk-top-accessories,1,Merged into the custom-intent canonical to prevent spelling and same-intent cannibalization.,NO
SAME_INTENT_MODIFIER,candidate-engine,/gurgaon/customised-cork-desk-top-accessories,/gurgaon/custom-cork-desk-top-accessories,1,Merged into the custom-intent canonical to prevent spelling and same-intent cannibalization.,NO
SAME_INTENT_MODIFIER,candidate-engine,/gurgaon/personalized-cork-desk-top-accessories,/gurgaon/custom-cork-desk-top-accessories,1,Merged into the custom-intent canonical to prevent spelling and same-intent cannibalization.,NO
SAME_INTENT_MODIFIER,candidate-engine,/faridabad/customised-cork-desk-top-accessories,/faridabad/custom-cork-desk-top-accessories,1,Merged into the custom-intent canonical to prevent spelling and same-intent cannibalization.,NO
SAME_INTENT_MODIFIER,candidate-engine,/faridabad/personalized-cork-desk-top-accessories,/faridabad/custom-cork-desk-top-accessories,1,Merged into the custom-intent canonical to prevent spelling and same-intent cannibalization.,NO
SAME_INTENT_MODIFIER,candidate-engine,/ghaziabad/customised-cork-desk-top-accessories,/ghaziabad/custom-cork-desk-top-accessories,1,Merged into the custom-intent canonical to prevent spelling and same-intent cannibalization.,NO
SAME_INTENT_MODIFIER,candidate-engine,/ghaziabad/personalized-cork-desk-top-accessories,/ghaziabad/custom-cork-desk-top-accessories,1,Merged into the custom-intent canonical to prevent spelling and same-intent cannibalization.,NO
SAME_INTENT_MODIFIER,candidate-engine,/haryana/customised-cork-desk-top-accessories,/haryana/custom-cork-desk-top-accessories,1,Merged into the custom-intent canonical to prevent spelling and same-intent cannibalization.,NO
SAME_INTENT_MODIFIER,candidate-engine,/haryana/personalized-cork-desk-top-accessories,/haryana/custom-cork-desk-top-accessories,1,Merged into the custom-intent canonical to prevent spelling and same-intent cannibalization.,NO
SAME_INTENT_MODIFIER,candidate-engine,/uttar-pradesh/customised-cork-desk-top-accessories,/uttar-pradesh/custom-cork-desk-top-accessories,1,Merged into the custom-intent canonical to prevent spelling and same-intent cannibalization.,NO
SAME_INTENT_MODIFIER,candidate-engine,/uttar-pradesh/personalized-cork-desk-top-accessories,/uttar-pradesh/custom-cork-desk-top-accessories,1,Merged into the custom-intent canonical to prevent spelling and same-intent cannibalization.,NO
SAME_INTENT_MODIFIER,candidate-engine,/maharashtra/customised-cork-desk-top-accessories,/maharashtra/custom-cork-desk-top-accessories,1,Merged into the custom-intent canonical to prevent spelling and same-intent cannibalization.,NO
SAME_INTENT_MODIFIER,candidate-engine,/maharashtra/personalized-cork-desk-top-accessories,/maharashtra/custom-cork-desk-top-accessories,1,Merged into the custom-intent canonical to prevent spelling and same-intent cannibalization.,NO
SAME_INTENT_MODIFIER,candidate-engine,/karnataka/customised-cork-desk-top-accessories,/karnataka/custom-cork-desk-top-accessories,1,Merged into the custom-intent canonical to prevent spelling and same-intent cannibalization.,NO
SAME_INTENT_MODIFIER,candidate-engine,/karnataka/personalized-cork-desk-top-accessories,/karnataka/custom-cork-desk-top-accessories,1,Merged into the custom-intent canonical to prevent spelling and same-intent cannibalization.,NO
SAME_INTENT_MODIFIER,candidate-engine,/tamil-nadu/customised-cork-desk-top-accessories,/tamil-nadu/custom-cork-desk-top-accessories,1,Merged into the custom-intent canonical to prevent spelling and same-intent cannibalization.,NO
SAME_INTENT_MODIFIER,candidate-engine,/tamil-nadu/personalized-cork-desk-top-accessories,/tamil-nadu/custom-cork-desk-top-accessories,1,Merged into the custom-intent canonical to prevent spelling and same-intent cannibalization.,NO
SAME_INTENT_MODIFIER,candidate-engine,/telangana/customised-cork-desk-top-accessories,/telangana/custom-cork-desk-top-accessories,1,Merged into the custom-intent canonical to prevent spelling and same-intent cannibalization.,NO
SAME_INTENT_MODIFIER,candidate-engine,/telangana/personalized-cork-desk-top-accessories,/telangana/custom-cork-desk-top-accessories,1,Merged into the custom-intent canonical to prevent spelling and same-intent cannibalization.,NO
SAME_INTENT_MODIFIER,candidate-engine,/west-bengal/customised-cork-desk-top-accessories,/west-bengal/custom-cork-desk-top-accessories,1,Merged into the custom-intent canonical to prevent spelling and same-intent cannibalization.,NO
SAME_INTENT_MODIFIER,candidate-engine,/west-bengal/personalized-cork-desk-top-accessories,/west-bengal/custom-cork-desk-top-accessories,1,Merged into the custom-intent canonical to prevent spelling and same-intent cannibalization.,NO
SAME_INTENT_MODIFIER,candidate-engine,/mumbai/customised-cork-desk-top-accessories,/mumbai/custom-cork-desk-top-accessories,1,Merged into the custom-intent canonical to prevent spelling and same-intent cannibalization.,NO
SAME_INTENT_MODIFIER,candidate-engine,/mumbai/personalized-cork-desk-top-accessories,/mumbai/custom-cork-desk-top-accessories,1,Merged into the custom-intent canonical to prevent spelling and same-intent cannibalization.,NO
SAME_INTENT_MODIFIER,candidate-engine,/pune/customised-cork-desk-top-accessories,/pune/custom-cork-desk-top-accessories,1,Merged into the custom-intent canonical to prevent spelling and same-intent cannibalization.,NO
SAME_INTENT_MODIFIER,candidate-engine,/pune/personalized-cork-desk-top-accessories,/pune/custom-cork-desk-top-accessories,1,Merged into the custom-intent canonical to prevent spelling and same-intent cannibalization.,NO
SAME_INTENT_MODIFIER,candidate-engine,/bengaluru/customised-cork-desk-top-accessories,/bengaluru/custom-cork-desk-top-accessories,1,Merged into the custom-intent canonical to prevent spelling and same-intent cannibalization.,NO
SAME_INTENT_MODIFIER,candidate-engine,/bengaluru/personalized-cork-desk-top-accessories,/bengaluru/custom-cork-desk-top-accessories,1,Merged into the custom-intent canonical to prevent spelling and same-intent cannibalization.,NO
SAME_INTENT_MODIFIER,candidate-engine,/hyderabad/customised-cork-desk-top-accessories,/hyderabad/custom-cork-desk-top-accessories,1,Merged into the custom-intent canonical to prevent spelling and same-intent cannibalization.,NO
SAME_INTENT_MODIFIER,candidate-engine,/hyderabad/personalized-cork-desk-top-accessories,/hyderabad/custom-cork-desk-top-accessories,1,Merged into the custom-intent canonical to prevent spelling and same-intent cannibalization.,NO
SAME_INTENT_MODIFIER,candidate-engine,/chennai/customised-cork-desk-top-accessories,/chennai/custom-cork-desk-top-accessories,1,Merged into the custom-intent canonical to prevent spelling and same-intent cannibalization.,NO
SAME_INTENT_MODIFIER,candidate-engine,/chennai/personalized-cork-desk-top-accessories,/chennai/custom-cork-desk-top-accessories,1,Merged into the custom-intent canonical to prevent spelling and same-intent cannibalization.,NO
SAME_INTENT_MODIFIER,candidate-engine,/kolkata/customised-cork-desk-top-accessories,/kolkata/custom-cork-desk-top-accessories,1,Merged into the custom-intent canonical to prevent spelling and same-intent cannibalization.,NO
SAME_INTENT_MODIFIER,candidate-engine,/kolkata/personalized-cork-desk-top-accessories,/kolkata/custom-cork-desk-top-accessories,1,Merged into the custom-intent canonical to prevent spelling and same-intent cannibalization.,NO
SAME_INTENT_MODIFIER,candidate-engine,/ahmedabad/customised-cork-desk-top-accessories,/ahmedabad/custom-cork-desk-top-accessories,1,Merged into the custom-intent canonical to prevent spelling and same-intent cannibalization.,NO
SAME_INTENT_MODIFIER,candidate-engine,/ahmedabad/personalized-cork-desk-top-accessories,/ahmedabad/custom-cork-desk-top-accessories,1,Merged into the custom-intent canonical to prevent spelling and same-intent cannibalization.,NO
SAME_INTENT_MODIFIER,candidate-engine,/lucknow/customised-cork-desk-top-accessories,/lucknow/custom-cork-desk-top-accessories,1,Merged into the custom-intent canonical to prevent spelling and same-intent cannibalization.,NO
SAME_INTENT_MODIFIER,candidate-engine,/lucknow/personalized-cork-desk-top-accessories,/lucknow/custom-cork-desk-top-accessories,1,Merged into the custom-intent canonical to prevent spelling and same-intent cannibalization.,NO
SAME_INTENT_MODIFIER,candidate-engine,/india/customised-cork-laptop-bag-and-wallet,/india/custom-cork-laptop-bag-and-wallet,1,Merged into the custom-intent canonical to prevent spelling and same-intent cannibalization.,NO
SAME_INTENT_MODIFIER,candidate-engine,/india/personalized-cork-laptop-bag-and-wallet,/india/custom-cork-laptop-bag-and-wallet,1,Merged into the custom-intent canonical to prevent spelling and same-intent cannibalization.,NO
SAME_INTENT_MODIFIER,candidate-engine,/delhi/customised-cork-laptop-bag-and-wallet,/delhi/custom-cork-laptop-bag-and-wallet,1,Merged into the custom-intent canonical to prevent spelling and same-intent cannibalization.,NO
SAME_INTENT_MODIFIER,candidate-engine,/delhi/personalized-cork-laptop-bag-and-wallet,/delhi/custom-cork-laptop-bag-and-wallet,1,Merged into the custom-intent canonical to prevent spelling and same-intent cannibalization.,NO
SAME_INTENT_MODIFIER,candidate-engine,/noida/customised-cork-laptop-bag-and-wallet,/noida/custom-cork-laptop-bag-and-wallet,1,Merged into the custom-intent canonical to prevent spelling and same-intent cannibalization.,NO
SAME_INTENT_MODIFIER,candidate-engine,/noida/personalized-cork-laptop-bag-and-wallet,/noida/custom-cork-laptop-bag-and-wallet,1,Merged into the custom-intent canonical to prevent spelling and same-intent cannibalization.,NO
SAME_INTENT_MODIFIER,candidate-engine,/greater-noida/customised-cork-laptop-bag-and-wallet,/greater-noida/custom-cork-laptop-bag-and-wallet,1,Merged into the custom-intent canonical to prevent spelling and same-intent cannibalization.,NO
SAME_INTENT_MODIFIER,candidate-engine,/greater-noida/personalized-cork-laptop-bag-and-wallet,/greater-noida/custom-cork-laptop-bag-and-wallet,1,Merged into the custom-intent canonical to prevent spelling and same-intent cannibalization.,NO
SAME_INTENT_MODIFIER,candidate-engine,/gurgaon/customised-cork-laptop-bag-and-wallet,/gurgaon/custom-cork-laptop-bag-and-wallet,1,Merged into the custom-intent canonical to prevent spelling and same-intent cannibalization.,NO
SAME_INTENT_MODIFIER,candidate-engine,/gurgaon/personalized-cork-laptop-bag-and-wallet,/gurgaon/custom-cork-laptop-bag-and-wallet,1,Merged into the custom-intent canonical to prevent spelling and same-intent cannibalization.,NO
SAME_INTENT_MODIFIER,candidate-engine,/faridabad/customised-cork-laptop-bag-and-wallet,/faridabad/custom-cork-laptop-bag-and-wallet,1,Merged into the custom-intent canonical to prevent spelling and same-intent cannibalization.,NO
SAME_INTENT_MODIFIER,candidate-engine,/faridabad/personalized-cork-laptop-bag-and-wallet,/faridabad/custom-cork-laptop-bag-and-wallet,1,Merged into the custom-intent canonical to prevent spelling and same-intent cannibalization.,NO
SAME_INTENT_MODIFIER,candidate-engine,/ghaziabad/customised-cork-laptop-bag-and-wallet,/ghaziabad/custom-cork-laptop-bag-and-wallet,1,Merged into the custom-intent canonical to prevent spelling and same-intent cannibalization.,NO
SAME_INTENT_MODIFIER,candidate-engine,/ghaziabad/personalized-cork-laptop-bag-and-wallet,/ghaziabad/custom-cork-laptop-bag-and-wallet,1,Merged into the custom-intent canonical to prevent spelling and same-intent cannibalization.,NO
SAME_INTENT_MODIFIER,candidate-engine,/haryana/customised-cork-laptop-bag-and-wallet,/haryana/custom-cork-laptop-bag-and-wallet,1,Merged into the custom-intent canonical to prevent spelling and same-intent cannibalization.,NO
SAME_INTENT_MODIFIER,candidate-engine,/haryana/personalized-cork-laptop-bag-and-wallet,/haryana/custom-cork-laptop-bag-and-wallet,1,Merged into the custom-intent canonical to prevent spelling and same-intent cannibalization.,NO
SAME_INTENT_MODIFIER,candidate-engine,/uttar-pradesh/customised-cork-laptop-bag-and-wallet,/uttar-pradesh/custom-cork-laptop-bag-and-wallet,1,Merged into the custom-intent canonical to prevent spelling and same-intent cannibalization.,NO
SAME_INTENT_MODIFIER,candidate-engine,/uttar-pradesh/personalized-cork-laptop-bag-and-wallet,/uttar-pradesh/custom-cork-laptop-bag-and-wallet,1,Merged into the custom-intent canonical to prevent spelling and same-intent cannibalization.,NO
SAME_INTENT_MODIFIER,candidate-engine,/maharashtra/customised-cork-laptop-bag-and-wallet,/maharashtra/custom-cork-laptop-bag-and-wallet,1,Merged into the custom-intent canonical to prevent spelling and same-intent cannibalization.,NO
SAME_INTENT_MODIFIER,candidate-engine,/maharashtra/personalized-cork-laptop-bag-and-wallet,/maharashtra/custom-cork-laptop-bag-and-wallet,1,Merged into the custom-intent canonical to prevent spelling and same-intent cannibalization.,NO
SAME_INTENT_MODIFIER,candidate-engine,/karnataka/customised-cork-laptop-bag-and-wallet,/karnataka/custom-cork-laptop-bag-and-wallet,1,Merged into the custom-intent canonical to prevent spelling and same-intent cannibalization.,NO
SAME_INTENT_MODIFIER,candidate-engine,/karnataka/personalized-cork-laptop-bag-and-wallet,/karnataka/custom-cork-laptop-bag-and-wallet,1,Merged into the custom-intent canonical to prevent spelling and same-intent cannibalization.,NO
SAME_INTENT_MODIFIER,candidate-engine,/tamil-nadu/customised-cork-laptop-bag-and-wallet,/tamil-nadu/custom-cork-laptop-bag-and-wallet,1,Merged into the custom-intent canonical to prevent spelling and same-intent cannibalization.,NO
SAME_INTENT_MODIFIER,candidate-engine,/tamil-nadu/personalized-cork-laptop-bag-and-wallet,/tamil-nadu/custom-cork-laptop-bag-and-wallet,1,Merged into the custom-intent canonical to prevent spelling and same-intent cannibalization.,NO
SAME_INTENT_MODIFIER,candidate-engine,/telangana/customised-cork-laptop-bag-and-wallet,/telangana/custom-cork-laptop-bag-and-wallet,1,Merged into the custom-intent canonical to prevent spelling and same-intent cannibalization.,NO
SAME_INTENT_MODIFIER,candidate-engine,/telangana/personalized-cork-laptop-bag-and-wallet,/telangana/custom-cork-laptop-bag-and-wallet,1,Merged into the custom-intent canonical to prevent spelling and same-intent cannibalization.,NO
SAME_INTENT_MODIFIER,candidate-engine,/west-bengal/customised-cork-laptop-bag-and-wallet,/west-bengal/custom-cork-laptop-bag-and-wallet,1,Merged into the custom-intent canonical to prevent spelling and same-intent cannibalization.,NO
SAME_INTENT_MODIFIER,candidate-engine,/west-bengal/personalized-cork-laptop-bag-and-wallet,/west-bengal/custom-cork-laptop-bag-and-wallet,1,Merged into the custom-intent canonical to prevent spelling and same-intent cannibalization.,NO
SAME_INTENT_MODIFIER,candidate-engine,/mumbai/customised-cork-laptop-bag-and-wallet,/mumbai/custom-cork-laptop-bag-and-wallet,1,Merged into the custom-intent canonical to prevent spelling and same-intent cannibalization.,NO
SAME_INTENT_MODIFIER,candidate-engine,/mumbai/personalized-cork-laptop-bag-and-wallet,/mumbai/custom-cork-laptop-bag-and-wallet,1,Merged into the custom-intent canonical to prevent spelling and same-intent cannibalization.,NO
SAME_INTENT_MODIFIER,candidate-engine,/pune/customised-cork-laptop-bag-and-wallet,/pune/custom-cork-laptop-bag-and-wallet,1,Merged into the custom-intent canonical to prevent spelling and same-intent cannibalization.,NO
SAME_INTENT_MODIFIER,candidate-engine,/pune/personalized-cork-laptop-bag-and-wallet,/pune/custom-cork-laptop-bag-and-wallet,1,Merged into the custom-intent canonical to prevent spelling and same-intent cannibalization.,NO
SAME_INTENT_MODIFIER,candidate-engine,/bengaluru/customised-cork-laptop-bag-and-wallet,/bengaluru/custom-cork-laptop-bag-and-wallet,1,Merged into the custom-intent canonical to prevent spelling and same-intent cannibalization.,NO
SAME_INTENT_MODIFIER,candidate-engine,/bengaluru/personalized-cork-laptop-bag-and-wallet,/bengaluru/custom-cork-laptop-bag-and-wallet,1,Merged into the custom-intent canonical to prevent spelling and same-intent cannibalization.,NO
SAME_INTENT_MODIFIER,candidate-engine,/hyderabad/customised-cork-laptop-bag-and-wallet,/hyderabad/custom-cork-laptop-bag-and-wallet,1,Merged into the custom-intent canonical to prevent spelling and same-intent cannibalization.,NO
SAME_INTENT_MODIFIER,candidate-engine,/hyderabad/personalized-cork-laptop-bag-and-wallet,/hyderabad/custom-cork-laptop-bag-and-wallet,1,Merged into the custom-intent canonical to prevent spelling and same-intent cannibalization.,NO
SAME_INTENT_MODIFIER,candidate-engine,/chennai/customised-cork-laptop-bag-and-wallet,/chennai/custom-cork-laptop-bag-and-wallet,1,Merged into the custom-intent canonical to prevent spelling and same-intent cannibalization.,NO
SAME_INTENT_MODIFIER,candidate-engine,/chennai/personalized-cork-laptop-bag-and-wallet,/chennai/custom-cork-laptop-bag-and-wallet,1,Merged into the custom-intent canonical to prevent spelling and same-intent cannibalization.,NO
SAME_INTENT_MODIFIER,candidate-engine,/kolkata/customised-cork-laptop-bag-and-wallet,/kolkata/custom-cork-laptop-bag-and-wallet,1,Merged into the custom-intent canonical to prevent spelling and same-intent cannibalization.,NO
SAME_INTENT_MODIFIER,candidate-engine,/kolkata/personalized-cork-laptop-bag-and-wallet,/kolkata/custom-cork-laptop-bag-and-wallet,1,Merged into the custom-intent canonical to prevent spelling and same-intent cannibalization.,NO
SAME_INTENT_MODIFIER,candidate-engine,/ahmedabad/customised-cork-laptop-bag-and-wallet,/ahmedabad/custom-cork-laptop-bag-and-wallet,1,Merged into the custom-intent canonical to prevent spelling and same-intent cannibalization.,NO
SAME_INTENT_MODIFIER,candidate-engine,/ahmedabad/personalized-cork-laptop-bag-and-wallet,/ahmedabad/custom-cork-laptop-bag-and-wallet,1,Merged into the custom-intent canonical to prevent spelling and same-intent cannibalization.,NO
SAME_INTENT_MODIFIER,candidate-engine,/lucknow/customised-cork-laptop-bag-and-wallet,/lucknow/custom-cork-laptop-bag-and-wallet,1,Merged into the custom-intent canonical to prevent spelling and same-intent cannibalization.,NO
SAME_INTENT_MODIFIER,candidate-engine,/lucknow/personalized-cork-laptop-bag-and-wallet,/lucknow/custom-cork-laptop-bag-and-wallet,1,Merged into the custom-intent canonical to prevent spelling and same-intent cannibalization.,NO
SAME_INTENT_MODIFIER,candidate-engine,/india/customised-cork-yoga-accessories,/india/custom-cork-yoga-accessories,1,Merged into the custom-intent canonical to prevent spelling and same-intent cannibalization.,NO
SAME_INTENT_MODIFIER,candidate-engine,/india/personalized-cork-yoga-accessories,/india/custom-cork-yoga-accessories,1,Merged into the custom-intent canonical to prevent spelling and same-intent cannibalization.,NO
SAME_INTENT_MODIFIER,candidate-engine,/delhi/customised-cork-yoga-accessories,/delhi/custom-cork-yoga-accessories,1,Merged into the custom-intent canonical to prevent spelling and same-intent cannibalization.,NO
SAME_INTENT_MODIFIER,candidate-engine,/delhi/personalized-cork-yoga-accessories,/delhi/custom-cork-yoga-accessories,1,Merged into the custom-intent canonical to prevent spelling and same-intent cannibalization.,NO
SAME_INTENT_MODIFIER,candidate-engine,/noida/customised-cork-yoga-accessories,/noida/custom-cork-yoga-accessories,1,Merged into the custom-intent canonical to prevent spelling and same-intent cannibalization.,NO
SAME_INTENT_MODIFIER,candidate-engine,/noida/personalized-cork-yoga-accessories,/noida/custom-cork-yoga-accessories,1,Merged into the custom-intent canonical to prevent spelling and same-intent cannibalization.,NO
SAME_INTENT_MODIFIER,candidate-engine,/greater-noida/customised-cork-yoga-accessories,/greater-noida/custom-cork-yoga-accessories,1,Merged into the custom-intent canonical to prevent spelling and same-intent cannibalization.,NO
SAME_INTENT_MODIFIER,candidate-engine,/greater-noida/personalized-cork-yoga-accessories,/greater-noida/custom-cork-yoga-accessories,1,Merged into the custom-intent canonical to prevent spelling and same-intent cannibalization.,NO
SAME_INTENT_MODIFIER,candidate-engine,/gurgaon/customised-cork-yoga-accessories,/gurgaon/custom-cork-yoga-accessories,1,Merged into the custom-intent canonical to prevent spelling and same-intent cannibalization.,NO
SAME_INTENT_MODIFIER,candidate-engine,/gurgaon/personalized-cork-yoga-accessories,/gurgaon/custom-cork-yoga-accessories,1,Merged into the custom-intent canonical to prevent spelling and same-intent cannibalization.,NO
SAME_INTENT_MODIFIER,candidate-engine,/faridabad/customised-cork-yoga-accessories,/faridabad/custom-cork-yoga-accessories,1,Merged into the custom-intent canonical to prevent spelling and same-intent cannibalization.,NO
SAME_INTENT_MODIFIER,candidate-engine,/faridabad/personalized-cork-yoga-accessories,/faridabad/custom-cork-yoga-accessories,1,Merged into the custom-intent canonical to prevent spelling and same-intent cannibalization.,NO
SAME_INTENT_MODIFIER,candidate-engine,/ghaziabad/customised-cork-yoga-accessories,/ghaziabad/custom-cork-yoga-accessories,1,Merged into the custom-intent canonical to prevent spelling and same-intent cannibalization.,NO
SAME_INTENT_MODIFIER,candidate-engine,/ghaziabad/personalized-cork-yoga-accessories,/ghaziabad/custom-cork-yoga-accessories,1,Merged into the custom-intent canonical to prevent spelling and same-intent cannibalization.,NO
SAME_INTENT_MODIFIER,candidate-engine,/haryana/customised-cork-yoga-accessories,/haryana/custom-cork-yoga-accessories,1,Merged into the custom-intent canonical to prevent spelling and same-intent cannibalization.,NO
SAME_INTENT_MODIFIER,candidate-engine,/haryana/personalized-cork-yoga-accessories,/haryana/custom-cork-yoga-accessories,1,Merged into the custom-intent canonical to prevent spelling and same-intent cannibalization.,NO
SAME_INTENT_MODIFIER,candidate-engine,/uttar-pradesh/customised-cork-yoga-accessories,/uttar-pradesh/custom-cork-yoga-accessories,1,Merged into the custom-intent canonical to prevent spelling and same-intent cannibalization.,NO
SAME_INTENT_MODIFIER,candidate-engine,/uttar-pradesh/personalized-cork-yoga-accessories,/uttar-pradesh/custom-cork-yoga-accessories,1,Merged into the custom-intent canonical to prevent spelling and same-intent cannibalization.,NO
SAME_INTENT_MODIFIER,candidate-engine,/maharashtra/customised-cork-yoga-accessories,/maharashtra/custom-cork-yoga-accessories,1,Merged into the custom-intent canonical to prevent spelling and same-intent cannibalization.,NO
SAME_INTENT_MODIFIER,candidate-engine,/maharashtra/personalized-cork-yoga-accessories,/maharashtra/custom-cork-yoga-accessories,1,Merged into the custom-intent canonical to prevent spelling and same-intent cannibalization.,NO
SAME_INTENT_MODIFIER,candidate-engine,/karnataka/customised-cork-yoga-accessories,/karnataka/custom-cork-yoga-accessories,1,Merged into the custom-intent canonical to prevent spelling and same-intent cannibalization.,NO
SAME_INTENT_MODIFIER,candidate-engine,/karnataka/personalized-cork-yoga-accessories,/karnataka/custom-cork-yoga-accessories,1,Merged into the custom-intent canonical to prevent spelling and same-intent cannibalization.,NO
SAME_INTENT_MODIFIER,candidate-engine,/tamil-nadu/customised-cork-yoga-accessories,/tamil-nadu/custom-cork-yoga-accessories,1,Merged into the custom-intent canonical to prevent spelling and same-intent cannibalization.,NO
SAME_INTENT_MODIFIER,candidate-engine,/tamil-nadu/personalized-cork-yoga-accessories,/tamil-nadu/custom-cork-yoga-accessories,1,Merged into the custom-intent canonical to prevent spelling and same-intent cannibalization.,NO
SAME_INTENT_MODIFIER,candidate-engine,/telangana/customised-cork-yoga-accessories,/telangana/custom-cork-yoga-accessories,1,Merged into the custom-intent canonical to prevent spelling and same-intent cannibalization.,NO
SAME_INTENT_MODIFIER,candidate-engine,/telangana/personalized-cork-yoga-accessories,/telangana/custom-cork-yoga-accessories,1,Merged into the custom-intent canonical to prevent spelling and same-intent cannibalization.,NO
SAME_INTENT_MODIFIER,candidate-engine,/west-bengal/customised-cork-yoga-accessories,/west-bengal/custom-cork-yoga-accessories,1,Merged into the custom-intent canonical to prevent spelling and same-intent cannibalization.,NO
SAME_INTENT_MODIFIER,candidate-engine,/west-bengal/personalized-cork-yoga-accessories,/west-bengal/custom-cork-yoga-accessories,1,Merged into the custom-intent canonical to prevent spelling and same-intent cannibalization.,NO
SAME_INTENT_MODIFIER,candidate-engine,/mumbai/customised-cork-yoga-accessories,/mumbai/custom-cork-yoga-accessories,1,Merged into the custom-intent canonical to prevent spelling and same-intent cannibalization.,NO
SAME_INTENT_MODIFIER,candidate-engine,/mumbai/personalized-cork-yoga-accessories,/mumbai/custom-cork-yoga-accessories,1,Merged into the custom-intent canonical to prevent spelling and same-intent cannibalization.,NO
SAME_INTENT_MODIFIER,candidate-engine,/pune/customised-cork-yoga-accessories,/pune/custom-cork-yoga-accessories,1,Merged into the custom-intent canonical to prevent spelling and same-intent cannibalization.,NO
SAME_INTENT_MODIFIER,candidate-engine,/pune/personalized-cork-yoga-accessories,/pune/custom-cork-yoga-accessories,1,Merged into the custom-intent canonical to prevent spelling and same-intent cannibalization.,NO
SAME_INTENT_MODIFIER,candidate-engine,/bengaluru/customised-cork-yoga-accessories,/bengaluru/custom-cork-yoga-accessories,1,Merged into the custom-intent canonical to prevent spelling and same-intent cannibalization.,NO
SAME_INTENT_MODIFIER,candidate-engine,/bengaluru/personalized-cork-yoga-accessories,/bengaluru/custom-cork-yoga-accessories,1,Merged into the custom-intent canonical to prevent spelling and same-intent cannibalization.,NO
SAME_INTENT_MODIFIER,candidate-engine,/hyderabad/customised-cork-yoga-accessories,/hyderabad/custom-cork-yoga-accessories,1,Merged into the custom-intent canonical to prevent spelling and same-intent cannibalization.,NO
SAME_INTENT_MODIFIER,candidate-engine,/hyderabad/personalized-cork-yoga-accessories,/hyderabad/custom-cork-yoga-accessories,1,Merged into the custom-intent canonical to prevent spelling and same-intent cannibalization.,NO
SAME_INTENT_MODIFIER,candidate-engine,/chennai/customised-cork-yoga-accessories,/chennai/custom-cork-yoga-accessories,1,Merged into the custom-intent canonical to prevent spelling and same-intent cannibalization.,NO
SAME_INTENT_MODIFIER,candidate-engine,/chennai/personalized-cork-yoga-accessories,/chennai/custom-cork-yoga-accessories,1,Merged into the custom-intent canonical to prevent spelling and same-intent cannibalization.,NO
SAME_INTENT_MODIFIER,candidate-engine,/kolkata/customised-cork-yoga-accessories,/kolkata/custom-cork-yoga-accessories,1,Merged into the custom-intent canonical to prevent spelling and same-intent cannibalization.,NO
SAME_INTENT_MODIFIER,candidate-engine,/kolkata/personalized-cork-yoga-accessories,/kolkata/custom-cork-yoga-accessories,1,Merged into the custom-intent canonical to prevent spelling and same-intent cannibalization.,NO
SAME_INTENT_MODIFIER,candidate-engine,/ahmedabad/customised-cork-yoga-accessories,/ahmedabad/custom-cork-yoga-accessories,1,Merged into the custom-intent canonical to prevent spelling and same-intent cannibalization.,NO
SAME_INTENT_MODIFIER,candidate-engine,/ahmedabad/personalized-cork-yoga-accessories,/ahmedabad/custom-cork-yoga-accessories,1,Merged into the custom-intent canonical to prevent spelling and same-intent cannibalization.,NO
SAME_INTENT_MODIFIER,candidate-engine,/lucknow/customised-cork-yoga-accessories,/lucknow/custom-cork-yoga-accessories,1,Merged into the custom-intent canonical to prevent spelling and same-intent cannibalization.,NO
SAME_INTENT_MODIFIER,candidate-engine,/lucknow/personalized-cork-yoga-accessories,/lucknow/custom-cork-yoga-accessories,1,Merged into the custom-intent canonical to prevent spelling and same-intent cannibalization.,NO
SAME_INTENT_MODIFIER,candidate-engine,/india/customised-drink-ware,/india/custom-drink-ware,1,Merged into the custom-intent canonical to prevent spelling and same-intent cannibalization.,NO
SAME_INTENT_MODIFIER,candidate-engine,/india/personalized-drink-ware,/india/custom-drink-ware,1,Merged into the custom-intent canonical to prevent spelling and same-intent cannibalization.,NO
SAME_INTENT_MODIFIER,candidate-engine,/delhi/customised-drink-ware,/delhi/custom-drink-ware,1,Merged into the custom-intent canonical to prevent spelling and same-intent cannibalization.,NO
SAME_INTENT_MODIFIER,candidate-engine,/delhi/personalized-drink-ware,/delhi/custom-drink-ware,1,Merged into the custom-intent canonical to prevent spelling and same-intent cannibalization.,NO
SAME_INTENT_MODIFIER,candidate-engine,/noida/customised-drink-ware,/noida/custom-drink-ware,1,Merged into the custom-intent canonical to prevent spelling and same-intent cannibalization.,NO
SAME_INTENT_MODIFIER,candidate-engine,/noida/personalized-drink-ware,/noida/custom-drink-ware,1,Merged into the custom-intent canonical to prevent spelling and same-intent cannibalization.,NO
SAME_INTENT_MODIFIER,candidate-engine,/greater-noida/customised-drink-ware,/greater-noida/custom-drink-ware,1,Merged into the custom-intent canonical to prevent spelling and same-intent cannibalization.,NO
SAME_INTENT_MODIFIER,candidate-engine,/greater-noida/personalized-drink-ware,/greater-noida/custom-drink-ware,1,Merged into the custom-intent canonical to prevent spelling and same-intent cannibalization.,NO
SAME_INTENT_MODIFIER,candidate-engine,/gurgaon/customised-drink-ware,/gurgaon/custom-drink-ware,1,Merged into the custom-intent canonical to prevent spelling and same-intent cannibalization.,NO
SAME_INTENT_MODIFIER,candidate-engine,/gurgaon/personalized-drink-ware,/gurgaon/custom-drink-ware,1,Merged into the custom-intent canonical to prevent spelling and same-intent cannibalization.,NO
SAME_INTENT_MODIFIER,candidate-engine,/faridabad/customised-drink-ware,/faridabad/custom-drink-ware,1,Merged into the custom-intent canonical to prevent spelling and same-intent cannibalization.,NO
SAME_INTENT_MODIFIER,candidate-engine,/faridabad/personalized-drink-ware,/faridabad/custom-drink-ware,1,Merged into the custom-intent canonical to prevent spelling and same-intent cannibalization.,NO
SAME_INTENT_MODIFIER,candidate-engine,/ghaziabad/customised-drink-ware,/ghaziabad/custom-drink-ware,1,Merged into the custom-intent canonical to prevent spelling and same-intent cannibalization.,NO
SAME_INTENT_MODIFIER,candidate-engine,/ghaziabad/personalized-drink-ware,/ghaziabad/custom-drink-ware,1,Merged into the custom-intent canonical to prevent spelling and same-intent cannibalization.,NO
SAME_INTENT_MODIFIER,candidate-engine,/haryana/customised-drink-ware,/haryana/custom-drink-ware,1,Merged into the custom-intent canonical to prevent spelling and same-intent cannibalization.,NO
SAME_INTENT_MODIFIER,candidate-engine,/haryana/personalized-drink-ware,/haryana/custom-drink-ware,1,Merged into the custom-intent canonical to prevent spelling and same-intent cannibalization.,NO
SAME_INTENT_MODIFIER,candidate-engine,/uttar-pradesh/customised-drink-ware,/uttar-pradesh/custom-drink-ware,1,Merged into the custom-intent canonical to prevent spelling and same-intent cannibalization.,NO
SAME_INTENT_MODIFIER,candidate-engine,/uttar-pradesh/personalized-drink-ware,/uttar-pradesh/custom-drink-ware,1,Merged into the custom-intent canonical to prevent spelling and same-intent cannibalization.,NO
SAME_INTENT_MODIFIER,candidate-engine,/maharashtra/customised-drink-ware,/maharashtra/custom-drink-ware,1,Merged into the custom-intent canonical to prevent spelling and same-intent cannibalization.,NO
SAME_INTENT_MODIFIER,candidate-engine,/maharashtra/personalized-drink-ware,/maharashtra/custom-drink-ware,1,Merged into the custom-intent canonical to prevent spelling and same-intent cannibalization.,NO
SAME_INTENT_MODIFIER,candidate-engine,/karnataka/customised-drink-ware,/karnataka/custom-drink-ware,1,Merged into the custom-intent canonical to prevent spelling and same-intent cannibalization.,NO
SAME_INTENT_MODIFIER,candidate-engine,/karnataka/personalized-drink-ware,/karnataka/custom-drink-ware,1,Merged into the custom-intent canonical to prevent spelling and same-intent cannibalization.,NO
SAME_INTENT_MODIFIER,candidate-engine,/tamil-nadu/customised-drink-ware,/tamil-nadu/custom-drink-ware,1,Merged into the custom-intent canonical to prevent spelling and same-intent cannibalization.,NO
SAME_INTENT_MODIFIER,candidate-engine,/tamil-nadu/personalized-drink-ware,/tamil-nadu/custom-drink-ware,1,Merged into the custom-intent canonical to prevent spelling and same-intent cannibalization.,NO
SAME_INTENT_MODIFIER,candidate-engine,/telangana/customised-drink-ware,/telangana/custom-drink-ware,1,Merged into the custom-intent canonical to prevent spelling and same-intent cannibalization.,NO
SAME_INTENT_MODIFIER,candidate-engine,/telangana/personalized-drink-ware,/telangana/custom-drink-ware,1,Merged into the custom-intent canonical to prevent spelling and same-intent cannibalization.,NO
SAME_INTENT_MODIFIER,candidate-engine,/west-bengal/customised-drink-ware,/west-bengal/custom-drink-ware,1,Merged into the custom-intent canonical to prevent spelling and same-intent cannibalization.,NO
SAME_INTENT_MODIFIER,candidate-engine,/west-bengal/personalized-drink-ware,/west-bengal/custom-drink-ware,1,Merged into the custom-intent canonical to prevent spelling and same-intent cannibalization.,NO
SAME_INTENT_MODIFIER,candidate-engine,/mumbai/customised-drink-ware,/mumbai/custom-drink-ware,1,Merged into the custom-intent canonical to prevent spelling and same-intent cannibalization.,NO
SAME_INTENT_MODIFIER,candidate-engine,/mumbai/personalized-drink-ware,/mumbai/custom-drink-ware,1,Merged into the custom-intent canonical to prevent spelling and same-intent cannibalization.,NO
SAME_INTENT_MODIFIER,candidate-engine,/pune/customised-drink-ware,/pune/custom-drink-ware,1,Merged into the custom-intent canonical to prevent spelling and same-intent cannibalization.,NO
SAME_INTENT_MODIFIER,candidate-engine,/pune/personalized-drink-ware,/pune/custom-drink-ware,1,Merged into the custom-intent canonical to prevent spelling and same-intent cannibalization.,NO
SAME_INTENT_MODIFIER,candidate-engine,/bengaluru/customised-drink-ware,/bengaluru/custom-drink-ware,1,Merged into the custom-intent canonical to prevent spelling and same-intent cannibalization.,NO
SAME_INTENT_MODIFIER,candidate-engine,/bengaluru/personalized-drink-ware,/bengaluru/custom-drink-ware,1,Merged into the custom-intent canonical to prevent spelling and same-intent cannibalization.,NO
SAME_INTENT_MODIFIER,candidate-engine,/hyderabad/customised-drink-ware,/hyderabad/custom-drink-ware,1,Merged into the custom-intent canonical to prevent spelling and same-intent cannibalization.,NO
SAME_INTENT_MODIFIER,candidate-engine,/hyderabad/personalized-drink-ware,/hyderabad/custom-drink-ware,1,Merged into the custom-intent canonical to prevent spelling and same-intent cannibalization.,NO
SAME_INTENT_MODIFIER,candidate-engine,/chennai/customised-drink-ware,/chennai/custom-drink-ware,1,Merged into the custom-intent canonical to prevent spelling and same-intent cannibalization.,NO
SAME_INTENT_MODIFIER,candidate-engine,/chennai/personalized-drink-ware,/chennai/custom-drink-ware,1,Merged into the custom-intent canonical to prevent spelling and same-intent cannibalization.,NO
SAME_INTENT_MODIFIER,candidate-engine,/kolkata/customised-drink-ware,/kolkata/custom-drink-ware,1,Merged into the custom-intent canonical to prevent spelling and same-intent cannibalization.,NO
SAME_INTENT_MODIFIER,candidate-engine,/kolkata/personalized-drink-ware,/kolkata/custom-drink-ware,1,Merged into the custom-intent canonical to prevent spelling and same-intent cannibalization.,NO
SAME_INTENT_MODIFIER,candidate-engine,/ahmedabad/customised-drink-ware,/ahmedabad/custom-drink-ware,1,Merged into the custom-intent canonical to prevent spelling and same-intent cannibalization.,NO
SAME_INTENT_MODIFIER,candidate-engine,/ahmedabad/personalized-drink-ware,/ahmedabad/custom-drink-ware,1,Merged into the custom-intent canonical to prevent spelling and same-intent cannibalization.,NO
SAME_INTENT_MODIFIER,candidate-engine,/lucknow/customised-drink-ware,/lucknow/custom-drink-ware,1,Merged into the custom-intent canonical to prevent spelling and same-intent cannibalization.,NO
SAME_INTENT_MODIFIER,candidate-engine,/lucknow/personalized-drink-ware,/lucknow/custom-drink-ware,1,Merged into the custom-intent canonical to prevent spelling and same-intent cannibalization.,NO
SAME_INTENT_MODIFIER,candidate-engine,/india/customised-sipper,/india/custom-sipper,1,Merged into the custom-intent canonical to prevent spelling and same-intent cannibalization.,NO
SAME_INTENT_MODIFIER,candidate-engine,/india/personalized-sipper,/india/custom-sipper,1,Merged into the custom-intent canonical to prevent spelling and same-intent cannibalization.,NO
SAME_INTENT_MODIFIER,candidate-engine,/delhi/customised-sipper,/delhi/custom-sipper,1,Merged into the custom-intent canonical to prevent spelling and same-intent cannibalization.,NO
SAME_INTENT_MODIFIER,candidate-engine,/delhi/personalized-sipper,/delhi/custom-sipper,1,Merged into the custom-intent canonical to prevent spelling and same-intent cannibalization.,NO
SAME_INTENT_MODIFIER,candidate-engine,/noida/customised-sipper,/noida/custom-sipper,1,Merged into the custom-intent canonical to prevent spelling and same-intent cannibalization.,NO
SAME_INTENT_MODIFIER,candidate-engine,/noida/personalized-sipper,/noida/custom-sipper,1,Merged into the custom-intent canonical to prevent spelling and same-intent cannibalization.,NO
SAME_INTENT_MODIFIER,candidate-engine,/greater-noida/customised-sipper,/greater-noida/custom-sipper,1,Merged into the custom-intent canonical to prevent spelling and same-intent cannibalization.,NO
SAME_INTENT_MODIFIER,candidate-engine,/greater-noida/personalized-sipper,/greater-noida/custom-sipper,1,Merged into the custom-intent canonical to prevent spelling and same-intent cannibalization.,NO
SAME_INTENT_MODIFIER,candidate-engine,/gurgaon/customised-sipper,/gurgaon/custom-sipper,1,Merged into the custom-intent canonical to prevent spelling and same-intent cannibalization.,NO
SAME_INTENT_MODIFIER,candidate-engine,/gurgaon/personalized-sipper,/gurgaon/custom-sipper,1,Merged into the custom-intent canonical to prevent spelling and same-intent cannibalization.,NO
SAME_INTENT_MODIFIER,candidate-engine,/faridabad/customised-sipper,/faridabad/custom-sipper,1,Merged into the custom-intent canonical to prevent spelling and same-intent cannibalization.,NO
SAME_INTENT_MODIFIER,candidate-engine,/faridabad/personalized-sipper,/faridabad/custom-sipper,1,Merged into the custom-intent canonical to prevent spelling and same-intent cannibalization.,NO
SAME_INTENT_MODIFIER,candidate-engine,/ghaziabad/customised-sipper,/ghaziabad/custom-sipper,1,Merged into the custom-intent canonical to prevent spelling and same-intent cannibalization.,NO
SAME_INTENT_MODIFIER,candidate-engine,/ghaziabad/personalized-sipper,/ghaziabad/custom-sipper,1,Merged into the custom-intent canonical to prevent spelling and same-intent cannibalization.,NO
SAME_INTENT_MODIFIER,candidate-engine,/haryana/customised-sipper,/haryana/custom-sipper,1,Merged into the custom-intent canonical to prevent spelling and same-intent cannibalization.,NO
SAME_INTENT_MODIFIER,candidate-engine,/haryana/personalized-sipper,/haryana/custom-sipper,1,Merged into the custom-intent canonical to prevent spelling and same-intent cannibalization.,NO
SAME_INTENT_MODIFIER,candidate-engine,/uttar-pradesh/customised-sipper,/uttar-pradesh/custom-sipper,1,Merged into the custom-intent canonical to prevent spelling and same-intent cannibalization.,NO
SAME_INTENT_MODIFIER,candidate-engine,/uttar-pradesh/personalized-sipper,/uttar-pradesh/custom-sipper,1,Merged into the custom-intent canonical to prevent spelling and same-intent cannibalization.,NO
SAME_INTENT_MODIFIER,candidate-engine,/maharashtra/customised-sipper,/maharashtra/custom-sipper,1,Merged into the custom-intent canonical to prevent spelling and same-intent cannibalization.,NO
SAME_INTENT_MODIFIER,candidate-engine,/maharashtra/personalized-sipper,/maharashtra/custom-sipper,1,Merged into the custom-intent canonical to prevent spelling and same-intent cannibalization.,NO
SAME_INTENT_MODIFIER,candidate-engine,/karnataka/customised-sipper,/karnataka/custom-sipper,1,Merged into the custom-intent canonical to prevent spelling and same-intent cannibalization.,NO
SAME_INTENT_MODIFIER,candidate-engine,/karnataka/personalized-sipper,/karnataka/custom-sipper,1,Merged into the custom-intent canonical to prevent spelling and same-intent cannibalization.,NO
SAME_INTENT_MODIFIER,candidate-engine,/tamil-nadu/customised-sipper,/tamil-nadu/custom-sipper,1,Merged into the custom-intent canonical to prevent spelling and same-intent cannibalization.,NO
SAME_INTENT_MODIFIER,candidate-engine,/tamil-nadu/personalized-sipper,/tamil-nadu/custom-sipper,1,Merged into the custom-intent canonical to prevent spelling and same-intent cannibalization.,NO
SAME_INTENT_MODIFIER,candidate-engine,/telangana/customised-sipper,/telangana/custom-sipper,1,Merged into the custom-intent canonical to prevent spelling and same-intent cannibalization.,NO
SAME_INTENT_MODIFIER,candidate-engine,/telangana/personalized-sipper,/telangana/custom-sipper,1,Merged into the custom-intent canonical to prevent spelling and same-intent cannibalization.,NO
SAME_INTENT_MODIFIER,candidate-engine,/west-bengal/customised-sipper,/west-bengal/custom-sipper,1,Merged into the custom-intent canonical to prevent spelling and same-intent cannibalization.,NO
SAME_INTENT_MODIFIER,candidate-engine,/west-bengal/personalized-sipper,/west-bengal/custom-sipper,1,Merged into the custom-intent canonical to prevent spelling and same-intent cannibalization.,NO
SAME_INTENT_MODIFIER,candidate-engine,/mumbai/customised-sipper,/mumbai/custom-sipper,1,Merged into the custom-intent canonical to prevent spelling and same-intent cannibalization.,NO
SAME_INTENT_MODIFIER,candidate-engine,/mumbai/personalized-sipper,/mumbai/custom-sipper,1,Merged into the custom-intent canonical to prevent spelling and same-intent cannibalization.,NO
SAME_INTENT_MODIFIER,candidate-engine,/pune/customised-sipper,/pune/custom-sipper,1,Merged into the custom-intent canonical to prevent spelling and same-intent cannibalization.,NO
SAME_INTENT_MODIFIER,candidate-engine,/pune/personalized-sipper,/pune/custom-sipper,1,Merged into the custom-intent canonical to prevent spelling and same-intent cannibalization.,NO
SAME_INTENT_MODIFIER,candidate-engine,/bengaluru/customised-sipper,/bengaluru/custom-sipper,1,Merged into the custom-intent canonical to prevent spelling and same-intent cannibalization.,NO
SAME_INTENT_MODIFIER,candidate-engine,/bengaluru/personalized-sipper,/bengaluru/custom-sipper,1,Merged into the custom-intent canonical to prevent spelling and same-intent cannibalization.,NO
SAME_INTENT_MODIFIER,candidate-engine,/hyderabad/customised-sipper,/hyderabad/custom-sipper,1,Merged into the custom-intent canonical to prevent spelling and same-intent cannibalization.,NO
SAME_INTENT_MODIFIER,candidate-engine,/hyderabad/personalized-sipper,/hyderabad/custom-sipper,1,Merged into the custom-intent canonical to prevent spelling and same-intent cannibalization.,NO
SAME_INTENT_MODIFIER,candidate-engine,/chennai/customised-sipper,/chennai/custom-sipper,1,Merged into the custom-intent canonical to prevent spelling and same-intent cannibalization.,NO
SAME_INTENT_MODIFIER,candidate-engine,/chennai/personalized-sipper,/chennai/custom-sipper,1,Merged into the custom-intent canonical to prevent spelling and same-intent cannibalization.,NO
SAME_INTENT_MODIFIER,candidate-engine,/kolkata/customised-sipper,/kolkata/custom-sipper,1,Merged into the custom-intent canonical to prevent spelling and same-intent cannibalization.,NO
SAME_INTENT_MODIFIER,candidate-engine,/kolkata/personalized-sipper,/kolkata/custom-sipper,1,Merged into the custom-intent canonical to prevent spelling and same-intent cannibalization.,NO
SAME_INTENT_MODIFIER,candidate-engine,/ahmedabad/customised-sipper,/ahmedabad/custom-sipper,1,Merged into the custom-intent canonical to prevent spelling and same-intent cannibalization.,NO
SAME_INTENT_MODIFIER,candidate-engine,/ahmedabad/personalized-sipper,/ahmedabad/custom-sipper,1,Merged into the custom-intent canonical to prevent spelling and same-intent cannibalization.,NO
SAME_INTENT_MODIFIER,candidate-engine,/lucknow/customised-sipper,/lucknow/custom-sipper,1,Merged into the custom-intent canonical to prevent spelling and same-intent cannibalization.,NO
SAME_INTENT_MODIFIER,candidate-engine,/lucknow/personalized-sipper,/lucknow/custom-sipper,1,Merged into the custom-intent canonical to prevent spelling and same-intent cannibalization.,NO
SAME_INTENT_MODIFIER,candidate-engine,/india/customised-bamboo-bottle,/india/custom-bamboo-bottle,1,Merged into the custom-intent canonical to prevent spelling and same-intent cannibalization.,NO
SAME_INTENT_MODIFIER,candidate-engine,/india/personalized-bamboo-bottle,/india/custom-bamboo-bottle,1,Merged into the custom-intent canonical to prevent spelling and same-intent cannibalization.,NO
SAME_INTENT_MODIFIER,candidate-engine,/delhi/customised-bamboo-bottle,/delhi/custom-bamboo-bottle,1,Merged into the custom-intent canonical to prevent spelling and same-intent cannibalization.,NO
SAME_INTENT_MODIFIER,candidate-engine,/delhi/personalized-bamboo-bottle,/delhi/custom-bamboo-bottle,1,Merged into the custom-intent canonical to prevent spelling and same-intent cannibalization.,NO
SAME_INTENT_MODIFIER,candidate-engine,/noida/customised-bamboo-bottle,/noida/custom-bamboo-bottle,1,Merged into the custom-intent canonical to prevent spelling and same-intent cannibalization.,NO
SAME_INTENT_MODIFIER,candidate-engine,/noida/personalized-bamboo-bottle,/noida/custom-bamboo-bottle,1,Merged into the custom-intent canonical to prevent spelling and same-intent cannibalization.,NO
SAME_INTENT_MODIFIER,candidate-engine,/greater-noida/customised-bamboo-bottle,/greater-noida/custom-bamboo-bottle,1,Merged into the custom-intent canonical to prevent spelling and same-intent cannibalization.,NO
SAME_INTENT_MODIFIER,candidate-engine,/greater-noida/personalized-bamboo-bottle,/greater-noida/custom-bamboo-bottle,1,Merged into the custom-intent canonical to prevent spelling and same-intent cannibalization.,NO
SAME_INTENT_MODIFIER,candidate-engine,/gurgaon/customised-bamboo-bottle,/gurgaon/custom-bamboo-bottle,1,Merged into the custom-intent canonical to prevent spelling and same-intent cannibalization.,NO
SAME_INTENT_MODIFIER,candidate-engine,/gurgaon/personalized-bamboo-bottle,/gurgaon/custom-bamboo-bottle,1,Merged into the custom-intent canonical to prevent spelling and same-intent cannibalization.,NO
SAME_INTENT_MODIFIER,candidate-engine,/faridabad/customised-bamboo-bottle,/faridabad/custom-bamboo-bottle,1,Merged into the custom-intent canonical to prevent spelling and same-intent cannibalization.,NO
SAME_INTENT_MODIFIER,candidate-engine,/faridabad/personalized-bamboo-bottle,/faridabad/custom-bamboo-bottle,1,Merged into the custom-intent canonical to prevent spelling and same-intent cannibalization.,NO
SAME_INTENT_MODIFIER,candidate-engine,/ghaziabad/customised-bamboo-bottle,/ghaziabad/custom-bamboo-bottle,1,Merged into the custom-intent canonical to prevent spelling and same-intent cannibalization.,NO
SAME_INTENT_MODIFIER,candidate-engine,/ghaziabad/personalized-bamboo-bottle,/ghaziabad/custom-bamboo-bottle,1,Merged into the custom-intent canonical to prevent spelling and same-intent cannibalization.,NO
SAME_INTENT_MODIFIER,candidate-engine,/haryana/customised-bamboo-bottle,/haryana/custom-bamboo-bottle,1,Merged into the custom-intent canonical to prevent spelling and same-intent cannibalization.,NO
SAME_INTENT_MODIFIER,candidate-engine,/haryana/personalized-bamboo-bottle,/haryana/custom-bamboo-bottle,1,Merged into the custom-intent canonical to prevent spelling and same-intent cannibalization.,NO
SAME_INTENT_MODIFIER,candidate-engine,/uttar-pradesh/customised-bamboo-bottle,/uttar-pradesh/custom-bamboo-bottle,1,Merged into the custom-intent canonical to prevent spelling and same-intent cannibalization.,NO
SAME_INTENT_MODIFIER,candidate-engine,/uttar-pradesh/personalized-bamboo-bottle,/uttar-pradesh/custom-bamboo-bottle,1,Merged into the custom-intent canonical to prevent spelling and same-intent cannibalization.,NO
SAME_INTENT_MODIFIER,candidate-engine,/maharashtra/customised-bamboo-bottle,/maharashtra/custom-bamboo-bottle,1,Merged into the custom-intent canonical to prevent spelling and same-intent cannibalization.,NO
SAME_INTENT_MODIFIER,candidate-engine,/maharashtra/personalized-bamboo-bottle,/maharashtra/custom-bamboo-bottle,1,Merged into the custom-intent canonical to prevent spelling and same-intent cannibalization.,NO
SAME_INTENT_MODIFIER,candidate-engine,/karnataka/customised-bamboo-bottle,/karnataka/custom-bamboo-bottle,1,Merged into the custom-intent canonical to prevent spelling and same-intent cannibalization.,NO
SAME_INTENT_MODIFIER,candidate-engine,/karnataka/personalized-bamboo-bottle,/karnataka/custom-bamboo-bottle,1,Merged into the custom-intent canonical to prevent spelling and same-intent cannibalization.,NO
SAME_INTENT_MODIFIER,candidate-engine,/tamil-nadu/customised-bamboo-bottle,/tamil-nadu/custom-bamboo-bottle,1,Merged into the custom-intent canonical to prevent spelling and same-intent cannibalization.,NO
SAME_INTENT_MODIFIER,candidate-engine,/tamil-nadu/personalized-bamboo-bottle,/tamil-nadu/custom-bamboo-bottle,1,Merged into the custom-intent canonical to prevent spelling and same-intent cannibalization.,NO
SAME_INTENT_MODIFIER,candidate-engine,/telangana/customised-bamboo-bottle,/telangana/custom-bamboo-bottle,1,Merged into the custom-intent canonical to prevent spelling and same-intent cannibalization.,NO
SAME_INTENT_MODIFIER,candidate-engine,/telangana/personalized-bamboo-bottle,/telangana/custom-bamboo-bottle,1,Merged into the custom-intent canonical to prevent spelling and same-intent cannibalization.,NO
SAME_INTENT_MODIFIER,candidate-engine,/west-bengal/customised-bamboo-bottle,/west-bengal/custom-bamboo-bottle,1,Merged into the custom-intent canonical to prevent spelling and same-intent cannibalization.,NO
SAME_INTENT_MODIFIER,candidate-engine,/west-bengal/personalized-bamboo-bottle,/west-bengal/custom-bamboo-bottle,1,Merged into the custom-intent canonical to prevent spelling and same-intent cannibalization.,NO
SAME_INTENT_MODIFIER,candidate-engine,/mumbai/customised-bamboo-bottle,/mumbai/custom-bamboo-bottle,1,Merged into the custom-intent canonical to prevent spelling and same-intent cannibalization.,NO
SAME_INTENT_MODIFIER,candidate-engine,/mumbai/personalized-bamboo-bottle,/mumbai/custom-bamboo-bottle,1,Merged into the custom-intent canonical to prevent spelling and same-intent cannibalization.,NO
SAME_INTENT_MODIFIER,candidate-engine,/pune/customised-bamboo-bottle,/pune/custom-bamboo-bottle,1,Merged into the custom-intent canonical to prevent spelling and same-intent cannibalization.,NO
SAME_INTENT_MODIFIER,candidate-engine,/pune/personalized-bamboo-bottle,/pune/custom-bamboo-bottle,1,Merged into the custom-intent canonical to prevent spelling and same-intent cannibalization.,NO
SAME_INTENT_MODIFIER,candidate-engine,/bengaluru/customised-bamboo-bottle,/bengaluru/custom-bamboo-bottle,1,Merged into the custom-intent canonical to prevent spelling and same-intent cannibalization.,NO
SAME_INTENT_MODIFIER,candidate-engine,/bengaluru/personalized-bamboo-bottle,/bengaluru/custom-bamboo-bottle,1,Merged into the custom-intent canonical to prevent spelling and same-intent cannibalization.,NO
SAME_INTENT_MODIFIER,candidate-engine,/hyderabad/customised-bamboo-bottle,/hyderabad/custom-bamboo-bottle,1,Merged into the custom-intent canonical to prevent spelling and same-intent cannibalization.,NO
SAME_INTENT_MODIFIER,candidate-engine,/hyderabad/personalized-bamboo-bottle,/hyderabad/custom-bamboo-bottle,1,Merged into the custom-intent canonical to prevent spelling and same-intent cannibalization.,NO
SAME_INTENT_MODIFIER,candidate-engine,/chennai/customised-bamboo-bottle,/chennai/custom-bamboo-bottle,1,Merged into the custom-intent canonical to prevent spelling and same-intent cannibalization.,NO
SAME_INTENT_MODIFIER,candidate-engine,/chennai/personalized-bamboo-bottle,/chennai/custom-bamboo-bottle,1,Merged into the custom-intent canonical to prevent spelling and same-intent cannibalization.,NO
SAME_INTENT_MODIFIER,candidate-engine,/kolkata/customised-bamboo-bottle,/kolkata/custom-bamboo-bottle,1,Merged into the custom-intent canonical to prevent spelling and same-intent cannibalization.,NO
SAME_INTENT_MODIFIER,candidate-engine,/kolkata/personalized-bamboo-bottle,/kolkata/custom-bamboo-bottle,1,Merged into the custom-intent canonical to prevent spelling and same-intent cannibalization.,NO
SAME_INTENT_MODIFIER,candidate-engine,/ahmedabad/customised-bamboo-bottle,/ahmedabad/custom-bamboo-bottle,1,Merged into the custom-intent canonical to prevent spelling and same-intent cannibalization.,NO
SAME_INTENT_MODIFIER,candidate-engine,/ahmedabad/personalized-bamboo-bottle,/ahmedabad/custom-bamboo-bottle,1,Merged into the custom-intent canonical to prevent spelling and same-intent cannibalization.,NO
SAME_INTENT_MODIFIER,candidate-engine,/lucknow/customised-bamboo-bottle,/lucknow/custom-bamboo-bottle,1,Merged into the custom-intent canonical to prevent spelling and same-intent cannibalization.,NO
SAME_INTENT_MODIFIER,candidate-engine,/lucknow/personalized-bamboo-bottle,/lucknow/custom-bamboo-bottle,1,Merged into the custom-intent canonical to prevent spelling and same-intent cannibalization.,NO
SAME_INTENT_MODIFIER,candidate-engine,/india/customised-coffee-mug,/india/custom-coffee-mug,1,Merged into the custom-intent canonical to prevent spelling and same-intent cannibalization.,NO
SAME_INTENT_MODIFIER,candidate-engine,/india/personalized-coffee-mug,/india/custom-coffee-mug,1,Merged into the custom-intent canonical to prevent spelling and same-intent cannibalization.,NO
SAME_INTENT_MODIFIER,candidate-engine,/delhi/customised-coffee-mug,/delhi/custom-coffee-mug,1,Merged into the custom-intent canonical to prevent spelling and same-intent cannibalization.,NO
SAME_INTENT_MODIFIER,candidate-engine,/delhi/personalized-coffee-mug,/delhi/custom-coffee-mug,1,Merged into the custom-intent canonical to prevent spelling and same-intent cannibalization.,NO
SAME_INTENT_MODIFIER,candidate-engine,/noida/customised-coffee-mug,/noida/custom-coffee-mug,1,Merged into the custom-intent canonical to prevent spelling and same-intent cannibalization.,NO
SAME_INTENT_MODIFIER,candidate-engine,/noida/personalized-coffee-mug,/noida/custom-coffee-mug,1,Merged into the custom-intent canonical to prevent spelling and same-intent cannibalization.,NO
SAME_INTENT_MODIFIER,candidate-engine,/greater-noida/customised-coffee-mug,/greater-noida/custom-coffee-mug,1,Merged into the custom-intent canonical to prevent spelling and same-intent cannibalization.,NO
SAME_INTENT_MODIFIER,candidate-engine,/greater-noida/personalized-coffee-mug,/greater-noida/custom-coffee-mug,1,Merged into the custom-intent canonical to prevent spelling and same-intent cannibalization.,NO
SAME_INTENT_MODIFIER,candidate-engine,/gurgaon/customised-coffee-mug,/gurgaon/custom-coffee-mug,1,Merged into the custom-intent canonical to prevent spelling and same-intent cannibalization.,NO
SAME_INTENT_MODIFIER,candidate-engine,/gurgaon/personalized-coffee-mug,/gurgaon/custom-coffee-mug,1,Merged into the custom-intent canonical to prevent spelling and same-intent cannibalization.,NO
SAME_INTENT_MODIFIER,candidate-engine,/faridabad/customised-coffee-mug,/faridabad/custom-coffee-mug,1,Merged into the custom-intent canonical to prevent spelling and same-intent cannibalization.,NO
SAME_INTENT_MODIFIER,candidate-engine,/faridabad/personalized-coffee-mug,/faridabad/custom-coffee-mug,1,Merged into the custom-intent canonical to prevent spelling and same-intent cannibalization.,NO
SAME_INTENT_MODIFIER,candidate-engine,/ghaziabad/customised-coffee-mug,/ghaziabad/custom-coffee-mug,1,Merged into the custom-intent canonical to prevent spelling and same-intent cannibalization.,NO
SAME_INTENT_MODIFIER,candidate-engine,/ghaziabad/personalized-coffee-mug,/ghaziabad/custom-coffee-mug,1,Merged into the custom-intent canonical to prevent spelling and same-intent cannibalization.,NO
SAME_INTENT_MODIFIER,candidate-engine,/haryana/customised-coffee-mug,/haryana/custom-coffee-mug,1,Merged into the custom-intent canonical to prevent spelling and same-intent cannibalization.,NO
SAME_INTENT_MODIFIER,candidate-engine,/haryana/personalized-coffee-mug,/haryana/custom-coffee-mug,1,Merged into the custom-intent canonical to prevent spelling and same-intent cannibalization.,NO
SAME_INTENT_MODIFIER,candidate-engine,/uttar-pradesh/customised-coffee-mug,/uttar-pradesh/custom-coffee-mug,1,Merged into the custom-intent canonical to prevent spelling and same-intent cannibalization.,NO
SAME_INTENT_MODIFIER,candidate-engine,/uttar-pradesh/personalized-coffee-mug,/uttar-pradesh/custom-coffee-mug,1,Merged into the custom-intent canonical to prevent spelling and same-intent cannibalization.,NO
SAME_INTENT_MODIFIER,candidate-engine,/maharashtra/customised-coffee-mug,/maharashtra/custom-coffee-mug,1,Merged into the custom-intent canonical to prevent spelling and same-intent cannibalization.,NO
SAME_INTENT_MODIFIER,candidate-engine,/maharashtra/personalized-coffee-mug,/maharashtra/custom-coffee-mug,1,Merged into the custom-intent canonical to prevent spelling and same-intent cannibalization.,NO
SAME_INTENT_MODIFIER,candidate-engine,/karnataka/customised-coffee-mug,/karnataka/custom-coffee-mug,1,Merged into the custom-intent canonical to prevent spelling and same-intent cannibalization.,NO
SAME_INTENT_MODIFIER,candidate-engine,/karnataka/personalized-coffee-mug,/karnataka/custom-coffee-mug,1,Merged into the custom-intent canonical to prevent spelling and same-intent cannibalization.,NO
SAME_INTENT_MODIFIER,candidate-engine,/tamil-nadu/customised-coffee-mug,/tamil-nadu/custom-coffee-mug,1,Merged into the custom-intent canonical to prevent spelling and same-intent cannibalization.,NO
SAME_INTENT_MODIFIER,candidate-engine,/tamil-nadu/personalized-coffee-mug,/tamil-nadu/custom-coffee-mug,1,Merged into the custom-intent canonical to prevent spelling and same-intent cannibalization.,NO
SAME_INTENT_MODIFIER,candidate-engine,/telangana/customised-coffee-mug,/telangana/custom-coffee-mug,1,Merged into the custom-intent canonical to prevent spelling and same-intent cannibalization.,NO
SAME_INTENT_MODIFIER,candidate-engine,/telangana/personalized-coffee-mug,/telangana/custom-coffee-mug,1,Merged into the custom-intent canonical to prevent spelling and same-intent cannibalization.,NO
SAME_INTENT_MODIFIER,candidate-engine,/west-bengal/customised-coffee-mug,/west-bengal/custom-coffee-mug,1,Merged into the custom-intent canonical to prevent spelling and same-intent cannibalization.,NO
SAME_INTENT_MODIFIER,candidate-engine,/west-bengal/personalized-coffee-mug,/west-bengal/custom-coffee-mug,1,Merged into the custom-intent canonical to prevent spelling and same-intent cannibalization.,NO
SAME_INTENT_MODIFIER,candidate-engine,/mumbai/customised-coffee-mug,/mumbai/custom-coffee-mug,1,Merged into the custom-intent canonical to prevent spelling and same-intent cannibalization.,NO
SAME_INTENT_MODIFIER,candidate-engine,/mumbai/personalized-coffee-mug,/mumbai/custom-coffee-mug,1,Merged into the custom-intent canonical to prevent spelling and same-intent cannibalization.,NO
SAME_INTENT_MODIFIER,candidate-engine,/pune/customised-coffee-mug,/pune/custom-coffee-mug,1,Merged into the custom-intent canonical to prevent spelling and same-intent cannibalization.,NO
SAME_INTENT_MODIFIER,candidate-engine,/pune/personalized-coffee-mug,/pune/custom-coffee-mug,1,Merged into the custom-intent canonical to prevent spelling and same-intent cannibalization.,NO
SAME_INTENT_MODIFIER,candidate-engine,/bengaluru/customised-coffee-mug,/bengaluru/custom-coffee-mug,1,Merged into the custom-intent canonical to prevent spelling and same-intent cannibalization.,NO
SAME_INTENT_MODIFIER,candidate-engine,/bengaluru/personalized-coffee-mug,/bengaluru/custom-coffee-mug,1,Merged into the custom-intent canonical to prevent spelling and same-intent cannibalization.,NO
SAME_INTENT_MODIFIER,candidate-engine,/hyderabad/customised-coffee-mug,/hyderabad/custom-coffee-mug,1,Merged into the custom-intent canonical to prevent spelling and same-intent cannibalization.,NO
SAME_INTENT_MODIFIER,candidate-engine,/hyderabad/personalized-coffee-mug,/hyderabad/custom-coffee-mug,1,Merged into the custom-intent canonical to prevent spelling and same-intent cannibalization.,NO
SAME_INTENT_MODIFIER,candidate-engine,/chennai/customised-coffee-mug,/chennai/custom-coffee-mug,1,Merged into the custom-intent canonical to prevent spelling and same-intent cannibalization.,NO
SAME_INTENT_MODIFIER,candidate-engine,/chennai/personalized-coffee-mug,/chennai/custom-coffee-mug,1,Merged into the custom-intent canonical to prevent spelling and same-intent cannibalization.,NO
SAME_INTENT_MODIFIER,candidate-engine,/kolkata/customised-coffee-mug,/kolkata/custom-coffee-mug,1,Merged into the custom-intent canonical to prevent spelling and same-intent cannibalization.,NO
SAME_INTENT_MODIFIER,candidate-engine,/kolkata/personalized-coffee-mug,/kolkata/custom-coffee-mug,1,Merged into the custom-intent canonical to prevent spelling and same-intent cannibalization.,NO
SAME_INTENT_MODIFIER,candidate-engine,/ahmedabad/customised-coffee-mug,/ahmedabad/custom-coffee-mug,1,Merged into the custom-intent canonical to prevent spelling and same-intent cannibalization.,NO
SAME_INTENT_MODIFIER,candidate-engine,/ahmedabad/personalized-coffee-mug,/ahmedabad/custom-coffee-mug,1,Merged into the custom-intent canonical to prevent spelling and same-intent cannibalization.,NO
SAME_INTENT_MODIFIER,candidate-engine,/lucknow/customised-coffee-mug,/lucknow/custom-coffee-mug,1,Merged into the custom-intent canonical to prevent spelling and same-intent cannibalization.,NO
SAME_INTENT_MODIFIER,candidate-engine,/lucknow/personalized-coffee-mug,/lucknow/custom-coffee-mug,1,Merged into the custom-intent canonical to prevent spelling and same-intent cannibalization.,NO
SAME_INTENT_MODIFIER,candidate-engine,/india/customised-ceramic-mug,/india/custom-ceramic-mug,1,Merged into the custom-intent canonical to prevent spelling and same-intent cannibalization.,NO
SAME_INTENT_MODIFIER,candidate-engine,/india/personalized-ceramic-mug,/india/custom-ceramic-mug,1,Merged into the custom-intent canonical to prevent spelling and same-intent cannibalization.,NO
SAME_INTENT_MODIFIER,candidate-engine,/delhi/customised-ceramic-mug,/delhi/custom-ceramic-mug,1,Merged into the custom-intent canonical to prevent spelling and same-intent cannibalization.,NO
SAME_INTENT_MODIFIER,candidate-engine,/delhi/personalized-ceramic-mug,/delhi/custom-ceramic-mug,1,Merged into the custom-intent canonical to prevent spelling and same-intent cannibalization.,NO
SAME_INTENT_MODIFIER,candidate-engine,/noida/customised-ceramic-mug,/noida/custom-ceramic-mug,1,Merged into the custom-intent canonical to prevent spelling and same-intent cannibalization.,NO
SAME_INTENT_MODIFIER,candidate-engine,/noida/personalized-ceramic-mug,/noida/custom-ceramic-mug,1,Merged into the custom-intent canonical to prevent spelling and same-intent cannibalization.,NO
SAME_INTENT_MODIFIER,candidate-engine,/greater-noida/customised-ceramic-mug,/greater-noida/custom-ceramic-mug,1,Merged into the custom-intent canonical to prevent spelling and same-intent cannibalization.,NO
SAME_INTENT_MODIFIER,candidate-engine,/greater-noida/personalized-ceramic-mug,/greater-noida/custom-ceramic-mug,1,Merged into the custom-intent canonical to prevent spelling and same-intent cannibalization.,NO
SAME_INTENT_MODIFIER,candidate-engine,/gurgaon/customised-ceramic-mug,/gurgaon/custom-ceramic-mug,1,Merged into the custom-intent canonical to prevent spelling and same-intent cannibalization.,NO
SAME_INTENT_MODIFIER,candidate-engine,/gurgaon/personalized-ceramic-mug,/gurgaon/custom-ceramic-mug,1,Merged into the custom-intent canonical to prevent spelling and same-intent cannibalization.,NO
SAME_INTENT_MODIFIER,candidate-engine,/faridabad/customised-ceramic-mug,/faridabad/custom-ceramic-mug,1,Merged into the custom-intent canonical to prevent spelling and same-intent cannibalization.,NO
SAME_INTENT_MODIFIER,candidate-engine,/faridabad/personalized-ceramic-mug,/faridabad/custom-ceramic-mug,1,Merged into the custom-intent canonical to prevent spelling and same-intent cannibalization.,NO
SAME_INTENT_MODIFIER,candidate-engine,/ghaziabad/customised-ceramic-mug,/ghaziabad/custom-ceramic-mug,1,Merged into the custom-intent canonical to prevent spelling and same-intent cannibalization.,NO
SAME_INTENT_MODIFIER,candidate-engine,/ghaziabad/personalized-ceramic-mug,/ghaziabad/custom-ceramic-mug,1,Merged into the custom-intent canonical to prevent spelling and same-intent cannibalization.,NO
SAME_INTENT_MODIFIER,candidate-engine,/haryana/customised-ceramic-mug,/haryana/custom-ceramic-mug,1,Merged into the custom-intent canonical to prevent spelling and same-intent cannibalization.,NO
SAME_INTENT_MODIFIER,candidate-engine,/haryana/personalized-ceramic-mug,/haryana/custom-ceramic-mug,1,Merged into the custom-intent canonical to prevent spelling and same-intent cannibalization.,NO
SAME_INTENT_MODIFIER,candidate-engine,/uttar-pradesh/customised-ceramic-mug,/uttar-pradesh/custom-ceramic-mug,1,Merged into the custom-intent canonical to prevent spelling and same-intent cannibalization.,NO
SAME_INTENT_MODIFIER,candidate-engine,/uttar-pradesh/personalized-ceramic-mug,/uttar-pradesh/custom-ceramic-mug,1,Merged into the custom-intent canonical to prevent spelling and same-intent cannibalization.,NO
SAME_INTENT_MODIFIER,candidate-engine,/maharashtra/customised-ceramic-mug,/maharashtra/custom-ceramic-mug,1,Merged into the custom-intent canonical to prevent spelling and same-intent cannibalization.,NO
SAME_INTENT_MODIFIER,candidate-engine,/maharashtra/personalized-ceramic-mug,/maharashtra/custom-ceramic-mug,1,Merged into the custom-intent canonical to prevent spelling and same-intent cannibalization.,NO
SAME_INTENT_MODIFIER,candidate-engine,/karnataka/customised-ceramic-mug,/karnataka/custom-ceramic-mug,1,Merged into the custom-intent canonical to prevent spelling and same-intent cannibalization.,NO
SAME_INTENT_MODIFIER,candidate-engine,/karnataka/personalized-ceramic-mug,/karnataka/custom-ceramic-mug,1,Merged into the custom-intent canonical to prevent spelling and same-intent cannibalization.,NO
SAME_INTENT_MODIFIER,candidate-engine,/tamil-nadu/customised-ceramic-mug,/tamil-nadu/custom-ceramic-mug,1,Merged into the custom-intent canonical to prevent spelling and same-intent cannibalization.,NO
SAME_INTENT_MODIFIER,candidate-engine,/tamil-nadu/personalized-ceramic-mug,/tamil-nadu/custom-ceramic-mug,1,Merged into the custom-intent canonical to prevent spelling and same-intent cannibalization.,NO
SAME_INTENT_MODIFIER,candidate-engine,/telangana/customised-ceramic-mug,/telangana/custom-ceramic-mug,1,Merged into the custom-intent canonical to prevent spelling and same-intent cannibalization.,NO
SAME_INTENT_MODIFIER,candidate-engine,/telangana/personalized-ceramic-mug,/telangana/custom-ceramic-mug,1,Merged into the custom-intent canonical to prevent spelling and same-intent cannibalization.,NO
SAME_INTENT_MODIFIER,candidate-engine,/west-bengal/customised-ceramic-mug,/west-bengal/custom-ceramic-mug,1,Merged into the custom-intent canonical to prevent spelling and same-intent cannibalization.,NO
SAME_INTENT_MODIFIER,candidate-engine,/west-bengal/personalized-ceramic-mug,/west-bengal/custom-ceramic-mug,1,Merged into the custom-intent canonical to prevent spelling and same-intent cannibalization.,NO
SAME_INTENT_MODIFIER,candidate-engine,/mumbai/customised-ceramic-mug,/mumbai/custom-ceramic-mug,1,Merged into the custom-intent canonical to prevent spelling and same-intent cannibalization.,NO
SAME_INTENT_MODIFIER,candidate-engine,/mumbai/personalized-ceramic-mug,/mumbai/custom-ceramic-mug,1,Merged into the custom-intent canonical to prevent spelling and same-intent cannibalization.,NO
SAME_INTENT_MODIFIER,candidate-engine,/pune/customised-ceramic-mug,/pune/custom-ceramic-mug,1,Merged into the custom-intent canonical to prevent spelling and same-intent cannibalization.,NO
SAME_INTENT_MODIFIER,candidate-engine,/pune/personalized-ceramic-mug,/pune/custom-ceramic-mug,1,Merged into the custom-intent canonical to prevent spelling and same-intent cannibalization.,NO
SAME_INTENT_MODIFIER,candidate-engine,/bengaluru/customised-ceramic-mug,/bengaluru/custom-ceramic-mug,1,Merged into the custom-intent canonical to prevent spelling and same-intent cannibalization.,NO
SAME_INTENT_MODIFIER,candidate-engine,/bengaluru/personalized-ceramic-mug,/bengaluru/custom-ceramic-mug,1,Merged into the custom-intent canonical to prevent spelling and same-intent cannibalization.,NO
SAME_INTENT_MODIFIER,candidate-engine,/hyderabad/customised-ceramic-mug,/hyderabad/custom-ceramic-mug,1,Merged into the custom-intent canonical to prevent spelling and same-intent cannibalization.,NO
SAME_INTENT_MODIFIER,candidate-engine,/hyderabad/personalized-ceramic-mug,/hyderabad/custom-ceramic-mug,1,Merged into the custom-intent canonical to prevent spelling and same-intent cannibalization.,NO
SAME_INTENT_MODIFIER,candidate-engine,/chennai/customised-ceramic-mug,/chennai/custom-ceramic-mug,1,Merged into the custom-intent canonical to prevent spelling and same-intent cannibalization.,NO
SAME_INTENT_MODIFIER,candidate-engine,/chennai/personalized-ceramic-mug,/chennai/custom-ceramic-mug,1,Merged into the custom-intent canonical to prevent spelling and same-intent cannibalization.,NO
SAME_INTENT_MODIFIER,candidate-engine,/kolkata/customised-ceramic-mug,/kolkata/custom-ceramic-mug,1,Merged into the custom-intent canonical to prevent spelling and same-intent cannibalization.,NO
SAME_INTENT_MODIFIER,candidate-engine,/kolkata/personalized-ceramic-mug,/kolkata/custom-ceramic-mug,1,Merged into the custom-intent canonical to prevent spelling and same-intent cannibalization.,NO
SAME_INTENT_MODIFIER,candidate-engine,/ahmedabad/customised-ceramic-mug,/ahmedabad/custom-ceramic-mug,1,Merged into the custom-intent canonical to prevent spelling and same-intent cannibalization.,NO
SAME_INTENT_MODIFIER,candidate-engine,/ahmedabad/personalized-ceramic-mug,/ahmedabad/custom-ceramic-mug,1,Merged into the custom-intent canonical to prevent spelling and same-intent cannibalization.,NO
SAME_INTENT_MODIFIER,candidate-engine,/lucknow/customised-ceramic-mug,/lucknow/custom-ceramic-mug,1,Merged into the custom-intent canonical to prevent spelling and same-intent cannibalization.,NO
SAME_INTENT_MODIFIER,candidate-engine,/lucknow/personalized-ceramic-mug,/lucknow/custom-ceramic-mug,1,Merged into the custom-intent canonical to prevent spelling and same-intent cannibalization.,NO
SAME_INTENT_MODIFIER,candidate-engine,/india/customised-trophy-and-momento,/india/custom-trophy-and-momento,1,Merged into the custom-intent canonical to prevent spelling and same-intent cannibalization.,NO
SAME_INTENT_MODIFIER,candidate-engine,/india/personalized-trophy-and-momento,/india/custom-trophy-and-momento,1,Merged into the custom-intent canonical to prevent spelling and same-intent cannibalization.,NO
SAME_INTENT_MODIFIER,candidate-engine,/delhi/customised-trophy-and-momento,/delhi/custom-trophy-and-momento,1,Merged into the custom-intent canonical to prevent spelling and same-intent cannibalization.,NO
SAME_INTENT_MODIFIER,candidate-engine,/delhi/personalized-trophy-and-momento,/delhi/custom-trophy-and-momento,1,Merged into the custom-intent canonical to prevent spelling and same-intent cannibalization.,NO
SAME_INTENT_MODIFIER,candidate-engine,/noida/customised-trophy-and-momento,/noida/custom-trophy-and-momento,1,Merged into the custom-intent canonical to prevent spelling and same-intent cannibalization.,NO
SAME_INTENT_MODIFIER,candidate-engine,/noida/personalized-trophy-and-momento,/noida/custom-trophy-and-momento,1,Merged into the custom-intent canonical to prevent spelling and same-intent cannibalization.,NO
SAME_INTENT_MODIFIER,candidate-engine,/greater-noida/customised-trophy-and-momento,/greater-noida/custom-trophy-and-momento,1,Merged into the custom-intent canonical to prevent spelling and same-intent cannibalization.,NO
SAME_INTENT_MODIFIER,candidate-engine,/greater-noida/personalized-trophy-and-momento,/greater-noida/custom-trophy-and-momento,1,Merged into the custom-intent canonical to prevent spelling and same-intent cannibalization.,NO
SAME_INTENT_MODIFIER,candidate-engine,/gurgaon/customised-trophy-and-momento,/gurgaon/custom-trophy-and-momento,1,Merged into the custom-intent canonical to prevent spelling and same-intent cannibalization.,NO
SAME_INTENT_MODIFIER,candidate-engine,/gurgaon/personalized-trophy-and-momento,/gurgaon/custom-trophy-and-momento,1,Merged into the custom-intent canonical to prevent spelling and same-intent cannibalization.,NO
SAME_INTENT_MODIFIER,candidate-engine,/faridabad/customised-trophy-and-momento,/faridabad/custom-trophy-and-momento,1,Merged into the custom-intent canonical to prevent spelling and same-intent cannibalization.,NO
SAME_INTENT_MODIFIER,candidate-engine,/faridabad/personalized-trophy-and-momento,/faridabad/custom-trophy-and-momento,1,Merged into the custom-intent canonical to prevent spelling and same-intent cannibalization.,NO
SAME_INTENT_MODIFIER,candidate-engine,/ghaziabad/customised-trophy-and-momento,/ghaziabad/custom-trophy-and-momento,1,Merged into the custom-intent canonical to prevent spelling and same-intent cannibalization.,NO
SAME_INTENT_MODIFIER,candidate-engine,/ghaziabad/personalized-trophy-and-momento,/ghaziabad/custom-trophy-and-momento,1,Merged into the custom-intent canonical to prevent spelling and same-intent cannibalization.,NO
SAME_INTENT_MODIFIER,candidate-engine,/haryana/customised-trophy-and-momento,/haryana/custom-trophy-and-momento,1,Merged into the custom-intent canonical to prevent spelling and same-intent cannibalization.,NO
SAME_INTENT_MODIFIER,candidate-engine,/haryana/personalized-trophy-and-momento,/haryana/custom-trophy-and-momento,1,Merged into the custom-intent canonical to prevent spelling and same-intent cannibalization.,NO
SAME_INTENT_MODIFIER,candidate-engine,/uttar-pradesh/customised-trophy-and-momento,/uttar-pradesh/custom-trophy-and-momento,1,Merged into the custom-intent canonical to prevent spelling and same-intent cannibalization.,NO
SAME_INTENT_MODIFIER,candidate-engine,/uttar-pradesh/personalized-trophy-and-momento,/uttar-pradesh/custom-trophy-and-momento,1,Merged into the custom-intent canonical to prevent spelling and same-intent cannibalization.,NO
SAME_INTENT_MODIFIER,candidate-engine,/maharashtra/customised-trophy-and-momento,/maharashtra/custom-trophy-and-momento,1,Merged into the custom-intent canonical to prevent spelling and same-intent cannibalization.,NO
SAME_INTENT_MODIFIER,candidate-engine,/maharashtra/personalized-trophy-and-momento,/maharashtra/custom-trophy-and-momento,1,Merged into the custom-intent canonical to prevent spelling and same-intent cannibalization.,NO
SAME_INTENT_MODIFIER,candidate-engine,/karnataka/customised-trophy-and-momento,/karnataka/custom-trophy-and-momento,1,Merged into the custom-intent canonical to prevent spelling and same-intent cannibalization.,NO
SAME_INTENT_MODIFIER,candidate-engine,/karnataka/personalized-trophy-and-momento,/karnataka/custom-trophy-and-momento,1,Merged into the custom-intent canonical to prevent spelling and same-intent cannibalization.,NO
SAME_INTENT_MODIFIER,candidate-engine,/tamil-nadu/customised-trophy-and-momento,/tamil-nadu/custom-trophy-and-momento,1,Merged into the custom-intent canonical to prevent spelling and same-intent cannibalization.,NO
SAME_INTENT_MODIFIER,candidate-engine,/tamil-nadu/personalized-trophy-and-momento,/tamil-nadu/custom-trophy-and-momento,1,Merged into the custom-intent canonical to prevent spelling and same-intent cannibalization.,NO
SAME_INTENT_MODIFIER,candidate-engine,/telangana/customised-trophy-and-momento,/telangana/custom-trophy-and-momento,1,Merged into the custom-intent canonical to prevent spelling and same-intent cannibalization.,NO
SAME_INTENT_MODIFIER,candidate-engine,/telangana/personalized-trophy-and-momento,/telangana/custom-trophy-and-momento,1,Merged into the custom-intent canonical to prevent spelling and same-intent cannibalization.,NO
SAME_INTENT_MODIFIER,candidate-engine,/west-bengal/customised-trophy-and-momento,/west-bengal/custom-trophy-and-momento,1,Merged into the custom-intent canonical to prevent spelling and same-intent cannibalization.,NO
SAME_INTENT_MODIFIER,candidate-engine,/west-bengal/personalized-trophy-and-momento,/west-bengal/custom-trophy-and-momento,1,Merged into the custom-intent canonical to prevent spelling and same-intent cannibalization.,NO
SAME_INTENT_MODIFIER,candidate-engine,/mumbai/customised-trophy-and-momento,/mumbai/custom-trophy-and-momento,1,Merged into the custom-intent canonical to prevent spelling and same-intent cannibalization.,NO
SAME_INTENT_MODIFIER,candidate-engine,/mumbai/personalized-trophy-and-momento,/mumbai/custom-trophy-and-momento,1,Merged into the custom-intent canonical to prevent spelling and same-intent cannibalization.,NO
SAME_INTENT_MODIFIER,candidate-engine,/pune/customised-trophy-and-momento,/pune/custom-trophy-and-momento,1,Merged into the custom-intent canonical to prevent spelling and same-intent cannibalization.,NO
SAME_INTENT_MODIFIER,candidate-engine,/pune/personalized-trophy-and-momento,/pune/custom-trophy-and-momento,1,Merged into the custom-intent canonical to prevent spelling and same-intent cannibalization.,NO
SAME_INTENT_MODIFIER,candidate-engine,/bengaluru/customised-trophy-and-momento,/bengaluru/custom-trophy-and-momento,1,Merged into the custom-intent canonical to prevent spelling and same-intent cannibalization.,NO
SAME_INTENT_MODIFIER,candidate-engine,/bengaluru/personalized-trophy-and-momento,/bengaluru/custom-trophy-and-momento,1,Merged into the custom-intent canonical to prevent spelling and same-intent cannibalization.,NO
SAME_INTENT_MODIFIER,candidate-engine,/hyderabad/customised-trophy-and-momento,/hyderabad/custom-trophy-and-momento,1,Merged into the custom-intent canonical to prevent spelling and same-intent cannibalization.,NO
SAME_INTENT_MODIFIER,candidate-engine,/hyderabad/personalized-trophy-and-momento,/hyderabad/custom-trophy-and-momento,1,Merged into the custom-intent canonical to prevent spelling and same-intent cannibalization.,NO
SAME_INTENT_MODIFIER,candidate-engine,/chennai/customised-trophy-and-momento,/chennai/custom-trophy-and-momento,1,Merged into the custom-intent canonical to prevent spelling and same-intent cannibalization.,NO
SAME_INTENT_MODIFIER,candidate-engine,/chennai/personalized-trophy-and-momento,/chennai/custom-trophy-and-momento,1,Merged into the custom-intent canonical to prevent spelling and same-intent cannibalization.,NO
SAME_INTENT_MODIFIER,candidate-engine,/kolkata/customised-trophy-and-momento,/kolkata/custom-trophy-and-momento,1,Merged into the custom-intent canonical to prevent spelling and same-intent cannibalization.,NO
SAME_INTENT_MODIFIER,candidate-engine,/kolkata/personalized-trophy-and-momento,/kolkata/custom-trophy-and-momento,1,Merged into the custom-intent canonical to prevent spelling and same-intent cannibalization.,NO
SAME_INTENT_MODIFIER,candidate-engine,/ahmedabad/customised-trophy-and-momento,/ahmedabad/custom-trophy-and-momento,1,Merged into the custom-intent canonical to prevent spelling and same-intent cannibalization.,NO
SAME_INTENT_MODIFIER,candidate-engine,/ahmedabad/personalized-trophy-and-momento,/ahmedabad/custom-trophy-and-momento,1,Merged into the custom-intent canonical to prevent spelling and same-intent cannibalization.,NO
SAME_INTENT_MODIFIER,candidate-engine,/lucknow/customised-trophy-and-momento,/lucknow/custom-trophy-and-momento,1,Merged into the custom-intent canonical to prevent spelling and same-intent cannibalization.,NO
SAME_INTENT_MODIFIER,candidate-engine,/lucknow/personalized-trophy-and-momento,/lucknow/custom-trophy-and-momento,1,Merged into the custom-intent canonical to prevent spelling and same-intent cannibalization.,NO
KEYWORD_CLUSTER_MERGE,keyword-master,corporate gifts | corporate gifting | corporate gift suppliers | corporate gift manufacturers | corporate gift boxes | corporate gift sets | corporate food hampers | corporate wellness kits | promotional gifts | business gifts,/,323,Resolved by the exact canonical disposition in the keyword master.,NO
KEYWORD_CLUSTER_MERGE,keyword-master,employee gifts | client gifts | client onboarding swag kits | ceo gifts | employee gifts india | employee gifts near me | employee gifts online | employee gifts wholesale | employee gifts bulk order | employee gifts supplier,/collection,53,Resolved by the exact canonical disposition in the keyword master.,NO
KEYWORD_CLUSTER_MERGE,keyword-master,employee welcome kits | employee joining kits | employee onboarding kits | employee welcome kits india | employee welcome kits near me | employee welcome kits online | employee welcome kits wholesale | employee welcome kits bulk order | employee welcome kits supplier | employee welcome kits manufacturer,/collection/welcome-kits,39,Resolved by the exact canonical disposition in the keyword master.,NO
KEYWORD_CLUSTER_MERGE,keyword-master,event gifts | event giveaways | event gifts india | event gifts near me | event gifts online | event gifts wholesale | event gifts bulk order | event gifts supplier | event gifts manufacturer | event gifts price,/use-cases,24,Resolved by the exact canonical disposition in the keyword master.,NO
KEYWORD_CLUSTER_MERGE,keyword-master,sustainable gifting | eco friendly office gifts | sustainable gifting india | sustainable gifting near me | sustainable gifting online | sustainable gifting wholesale | sustainable gifting bulk order | sustainable gifting supplier | sustainable gifting manufacturer | sustainable gifting price,/eco-products,20,Resolved by the exact canonical disposition in the keyword master.,NO
KEYWORD_CLUSTER_MERGE,keyword-master,tech gifts | tech gifts india | tech gifts near me | tech gifts online | tech gifts wholesale | tech gifts bulk order | tech gifts supplier | tech gifts manufacturer | tech gifts price | tech gifts with logo,/technology-accessories,10,Resolved by the exact canonical disposition in the keyword master.,NO
KEYWORD_CLUSTER_MERGE,keyword-master,diwali gifts | diwali gift hampers | diwali gifts india | diwali gifts near me | diwali gifts online | diwali gifts wholesale | diwali gifts bulk order | diwali gifts supplier | diwali gifts manufacturer | diwali gifts price,/diwali-special,36,Resolved by the exact canonical disposition in the keyword master.,NO
KEYWORD_CLUSTER_MERGE,keyword-master,custom t shirts | customized t shirts | personalized t shirts | promotional t shirts | corporate t shirts | corporate logo t shirts | logo t shirts | branded t shirts | oversized t shirts | dry fit t shirts,/apparel-and-accessories/round-neck-t-shirts,314,Resolved by the exact canonical disposition in the keyword master.,NO
KEYWORD_CLUSTER_MERGE,keyword-master,polo t shirts | custom polo t shirts | collar t shirts | polo t shirts india | polo t shirts near me | polo t shirts online | polo t shirts wholesale | polo t shirts bulk order | polo t shirts supplier | polo t shirts manufacturer,/apparel-and-accessories/polo-t-shirts,30,Resolved by the exact canonical disposition in the keyword master.,NO
KEYWORD_CLUSTER_MERGE,keyword-master,custom hoodies | promotional hoodies | corporate hoodies | custom sweatshirts | promotional sweatshirts | corporate sweatshirts | logo sweatshirts | custom hoodies india | custom hoodies near me | custom hoodies online,/apparel-and-accessories/winter-wear,86,Resolved by the exact canonical disposition in the keyword master.,NO
KEYWORD_CLUSTER_MERGE,keyword-master,school uniforms | corporate uniforms | hotel uniforms | school uniforms india | school uniforms near me | school uniforms online | school uniforms wholesale | school uniforms bulk order | school uniforms supplier | school uniforms manufacturer,/apparel-and-accessories/corporate-shirts,38,Resolved by the exact canonical disposition in the keyword master.,NO
KEYWORD_CLUSTER_MERGE,keyword-master,custom raincoats | branded windcheaters | custom raincoats india | custom raincoats near me | custom raincoats online | custom raincoats wholesale | custom raincoats bulk order | custom raincoats supplier | custom raincoats manufacturer | custom raincoats price,/apparel-and-accessories,20,Resolved by the exact canonical disposition in the keyword master.,NO
KEYWORD_CLUSTER_MERGE,keyword-master,mug printing | corporate mug printing | custom mug printing | photo mug printing | custom mugs | mug printing india | mug printing near me | mug printing online | mug printing wholesale | mug printing bulk order,/drink-ware/coffee-mug,62,Resolved by the exact canonical disposition in the keyword master.,NO
KEYWORD_CLUSTER_MERGE,keyword-master,cap printing | custom caps | cap printing india | cap printing near me | cap printing online | cap printing wholesale | cap printing bulk order | cap printing supplier | cap printing price | cap printing with logo,/apparel-and-accessories/caps,19,Resolved by the exact canonical disposition in the keyword master.,NO
KEYWORD_CLUSTER_MERGE,keyword-master,custom notebook printing | spiral notebook printing | diary printing | custom notebooks | custom notebook printing india | custom notebook printing near me | custom notebook printing online | custom notebook printing wholesale | custom notebook printing bulk order | custom notebook printing supplier,/office-and-writing/notebooks-and-diary-sets,53,Resolved by the exact canonical disposition in the keyword master.,NO
KEYWORD_CLUSTER_MERGE,keyword-master,promotional keychain printing | custom keychains | promotional keychain printing india | promotional keychain printing near me | promotional keychain printing online | promotional keychain printing wholesale | promotional keychain printing bulk order | promotional keychain printing supplier | promotional keychain printing price | promotional keychain printing with logo,/collection/keychains,19,Resolved by the exact canonical disposition in the keyword master.,NO
KEYWORD_CLUSTER_MERGE,keyword-master,mouse pad printing | mouse pad printing india | mouse pad printing near me | mouse pad printing online | mouse pad printing wholesale | mouse pad printing bulk order | mouse pad printing supplier | mouse pad printing price | mouse pad printing with logo,/technology-accessories/computer-accessories,9,Resolved by the exact canonical disposition in the keyword master.,NO
KEYWORD_CLUSTER_MERGE,keyword-master,sipper bottle printing | bottle label printing | custom bottles | sipper bottles | sipper bottle printing india | sipper bottle printing near me | sipper bottle printing online | sipper bottle printing wholesale | sipper bottle printing bulk order | sipper bottle printing supplier,/drink-ware/sipper,46,Resolved by the exact canonical disposition in the keyword master.,NO
KEYWORD_CLUSTER_MERGE,keyword-master,laptop bag printing | branded laptop backpacks | custom backpacks | laptop bag printing india | laptop bag printing near me | laptop bag printing online | laptop bag printing wholesale | laptop bag printing bulk order | laptop bag printing supplier | laptop bag printing price,/bags-and-travel/backpacks,29,Resolved by the exact canonical disposition in the keyword master.,NO
KEYWORD_CLUSTER_MERGE,keyword-master,custom tote bag printing | printed tote bags | custom tote bag printing india | custom tote bag printing near me | custom tote bag printing online | custom tote bag printing wholesale | custom tote bag printing bulk order | custom tote bag printing supplier | custom tote bag printing price | custom tote bag printing with logo,/bags-and-travel/tote-bags,19,Resolved by the exact canonical disposition in the keyword master.,NO
KEYWORD_CLUSTER_MERGE,keyword-master,card pendrive printing | pen printing | branded pens | card pendrive printing india | card pendrive printing near me | card pendrive printing online | card pendrive printing wholesale | card pendrive printing bulk order | card pendrive printing supplier | card pendrive printing price,/office-and-writing/pen-and-writing-set,36,Resolved by the exact canonical disposition in the keyword master.,NO
KEYWORD_CLUSTER_MERGE,keyword-master,custom travel mugs | courier poly bags printing | custom paper bags | cotton carry bag printing | custom travel mugs india | custom travel mugs near me | custom travel mugs online | custom travel mugs wholesale | custom travel mugs bulk order | custom travel mugs supplier,/bags-and-travel,54,Resolved by the exact canonical disposition in the keyword master.,NO
KEYWORD_CLUSTER_MERGE,keyword-master,business card printing | visiting card printing | letterhead printing | envelope printing | rubber stamp printing | bill book printing | receipt book printing | notepad printing | certificate printing | business stationery printing,/contact,780,Resolved by the exact canonical disposition in the keyword master.,NO
KEYWORD_CLUSTER_MERGE,keyword-master,presentation folder printing | presentation folder printing india | presentation folder printing near me | presentation folder printing online | presentation folder printing wholesale | presentation folder printing bulk order | presentation folder printing supplier | presentation folder printing price | presentation folder printing with logo,/office-and-writing/file-and-folder,9,Resolved by the exact canonical disposition in the keyword master.,NO
KEYWORD_CLUSTER_MERGE,keyword-master,id card printing | lanyard printing | id card printing india | id card printing near me | id card printing online | id card printing wholesale | id card printing bulk order | id card printing supplier | id card printing price | id card printing with logo,/office-and-writing/lanyard-and-id-card,18,Resolved by the exact canonical disposition in the keyword master.,NO
KEYWORD_CLUSTER_MERGE,keyword-master,awards and trophies | awards and trophies india | awards and trophies near me | awards and trophies online | awards and trophies wholesale | awards and trophies bulk order | awards and trophies supplier | awards and trophies manufacturer | awards and trophies price | awards and trophies with logo,/trophy-and-momento,10,Resolved by the exact canonical disposition in the keyword master.,NO
KEYWORD_CLUSTER_MERGE,keyword-master,startup branding printing | cafe printing supplies | restaurant printing supplies | school printing supplies | college printing supplies | hotel printing supplies | beauty salon printing supplies | boutique branding | event branding printing | exhibition printing,/industries,121,Resolved by the exact canonical disposition in the keyword master.,NO
KEYWORD_CLUSTER_MERGE,keyword-master,corporate gifts in delhi | corporate gifting companies in delhi | business card printing in delhi | visiting card printing in delhi | brochure printing in delhi | sticker printing in delhi | packaging labels in delhi | custom packaging boxes in delhi | online printing services in delhi | banner printing in delhi,/delhi/corporate-gifts,22,Resolved by the exact canonical disposition in the keyword master.,NO
KEYWORD_CLUSTER_MERGE,keyword-master,corporate gifts in noida | corporate gifting companies in noida | business card printing in noida | visiting card printing in noida | brochure printing in noida | sticker printing in noida | packaging labels in noida | custom packaging boxes in noida | online printing services in noida | banner printing in noida,/noida/corporate-gifts,11,Resolved by the exact canonical disposition in the keyword master.,NO
KEYWORD_CLUSTER_MERGE,keyword-master,corporate gifts in greater noida | corporate gifting companies in greater noida | business card printing in greater noida | visiting card printing in greater noida | brochure printing in greater noida | sticker printing in greater noida | packaging labels in greater noida | custom packaging boxes in greater noida | online printing services in greater noida | banner printing in greater noida,/greater-noida/corporate-gifts,11,Resolved by the exact canonical disposition in the keyword master.,NO
KEYWORD_CLUSTER_MERGE,keyword-master,corporate gifts in gurgaon | corporate gifting companies in gurgaon | business card printing in gurgaon | visiting card printing in gurgaon | brochure printing in gurgaon | sticker printing in gurgaon | packaging labels in gurgaon | custom packaging boxes in gurgaon | online printing services in gurgaon | banner printing in gurgaon,/gurgaon/corporate-gifts,22,Resolved by the exact canonical disposition in the keyword master.,NO
KEYWORD_CLUSTER_MERGE,keyword-master,corporate gifts in faridabad | corporate gifting companies in faridabad | business card printing in faridabad | visiting card printing in faridabad | brochure printing in faridabad | sticker printing in faridabad | packaging labels in faridabad | custom packaging boxes in faridabad | online printing services in faridabad | banner printing in faridabad,/faridabad/corporate-gifts,11,Resolved by the exact canonical disposition in the keyword master.,NO
KEYWORD_CLUSTER_MERGE,keyword-master,corporate gifts in ghaziabad | corporate gifting companies in ghaziabad | business card printing in ghaziabad | visiting card printing in ghaziabad | brochure printing in ghaziabad | sticker printing in ghaziabad | packaging labels in ghaziabad | custom packaging boxes in ghaziabad | online printing services in ghaziabad | banner printing in ghaziabad,/ghaziabad/corporate-gifts,11,Resolved by the exact canonical disposition in the keyword master.,NO
KEYWORD_CLUSTER_MERGE,keyword-master,corporate gifts in mumbai | corporate gifting companies in mumbai | promotional products in mumbai | custom t shirts in mumbai | t shirt printing in mumbai | custom hoodies in mumbai | t shirt manufacturers in mumbai | custom mugs in mumbai | custom notebooks in mumbai | business card printing in mumbai,/locations,360,Resolved by the exact canonical disposition in the keyword master.,NO
KEYWORD_CLUSTER_MERGE,keyword-master,corporate gifting usa | custom corporate gifts usa | custom packaging usa | business card printing usa | custom stickers usa | corporate gifting united states | custom corporate gifts united states | custom packaging united states | business card printing united states | custom stickers united states,/corporate-gifting,60,Resolved by the exact canonical disposition in the keyword master.,NO
KEYWORD_CLUSTER_MERGE,keyword-master,dtf vs screen printing | screen printing vs digital printing | how to design a visiting card | best paper for business cards | how to choose corporate gifts | corporate gifting ideas for employees | types of packaging labels | custom sticker materials | uv printing vs sublimation | corporate gifting tax gst india,/blogs,11,Resolved by the exact canonical disposition in the keyword master.,NO
