Keyword,Category,Source relevance,Evidence type,Market,Search intent,Suggested priority,Validation note
corporate gifts,Corporate gifting,Purple Palette,Website-aligned theme,India / global,Commercial,High,Public website product/category theme; ranking not verified
corporate gifting,Corporate gifting,Purple Palette,Website-aligned theme,India / global,Commercial,High,Public website product/category theme; ranking not verified
corporate gift suppliers,Corporate gifting,Purple Palette,Website-aligned theme,India / global,Commercial,High,Public website product/category theme; ranking not verified
corporate gift manufacturers,Corporate gifting,Purple Palette,Website-aligned theme,India / global,Commercial,High,Public website product/category theme; ranking not verified
corporate gift boxes,Corporate gifting,Purple Palette,Website-aligned theme,India / global,Commercial,High,Public website product/category theme; ranking not verified
corporate gift sets,Corporate gifting,Purple Palette,Website-aligned theme,India / global,Commercial,High,Public website product/category theme; ranking not verified
corporate food hampers,Corporate gifting,Purple Palette,Website-aligned theme,India / global,Commercial,High,Public website product/category theme; ranking not verified
corporate wellness kits,Corporate gifting,Purple Palette,Website-aligned theme,India / global,Commercial,High,Public website product/category theme; ranking not verified
employee gifts,Corporate gifting,Purple Palette,Website-aligned theme,India / global,Commercial,High,Public website product/category theme; ranking not verified
client gifts,Corporate gifting,Purple Palette,Website-aligned theme,India / global,Commercial,High,Public website product/category theme; ranking not verified
client onboarding swag kits,Corporate gifting,Purple Palette,Website-aligned theme,India / global,Commercial,High,Public website product/category theme; ranking not verified
employee welcome kits,Corporate gifting,Purple Palette,Website-aligned theme,India / global,Commercial,High,Public website product/category theme; ranking not verified
promotional gifts,Corporate gifting,Purple Palette,Website-aligned theme,India / global,Commercial,High,Public website product/category theme; ranking not verified
business gifts,Corporate gifting,Purple Palette,Website-aligned theme,India / global,Commercial,High,Public website product/category theme; ranking not verified
ceo gifts,Corporate gifting,Purple Palette,Website-aligned theme,India / global,Commercial,High,Public website product/category theme; ranking not verified
event gifts,Corporate gifting,Purple Palette,Website-aligned theme,India / global,Commercial,High,Public website product/category theme; ranking not verified
event giveaways,Corporate gifting,Purple Palette,Website-aligned theme,India / global,Commercial,High,Public website product/category theme; ranking not verified
branded gifts,Corporate gifting,Purple Palette,Website-aligned theme,India / global,Commercial,High,Public website product/category theme; ranking not verified
sustainable gifting,Corporate gifting,Purple Palette,Website-aligned theme,India / global,Commercial,High,Public website product/category theme; ranking not verified
eco friendly office gifts,Corporate gifting,Purple Palette,Website-aligned theme,India / global,Commercial,High,Public website product/category theme; ranking not verified
tech gifts,Corporate gifting,Purple Palette,Website-aligned theme,India / global,Commercial,High,Public website product/category theme; ranking not verified
work from home gifts,Corporate gifting,Purple Palette,Website-aligned theme,India / global,Commercial,High,Public website product/category theme; ranking not verified
diwali gifts,Corporate gifting,Purple Palette,Website-aligned theme,India / global,Commercial,High,Public website product/category theme; ranking not verified
diwali gift hampers,Corporate gifting,Purple Palette,Website-aligned theme,India / global,Commercial,High,Public website product/category theme; ranking not verified
christmas corporate gifts,Corporate gifting,Purple Palette,Website-aligned theme,India / global,Commercial,High,Public website product/category theme; ranking not verified
womens day corporate gifts,Corporate gifting,Purple Palette,Website-aligned theme,India / global,Commercial,High,Public website product/category theme; ranking not verified
new year corporate gifts,Corporate gifting,Purple Palette,Website-aligned theme,India / global,Commercial,High,Public website product/category theme; ranking not verified
custom sales promotion gifts,Corporate gifting,Purple Palette,Website-aligned theme,India / global,Commercial,High,Public website product/category theme; ranking not verified
custom t shirts,T shirts,Purple Palette,Website-aligned theme,India / global,Commercial,High,Public website product/category theme; ranking not verified
customized t shirts,T shirts,Purple Palette,Website-aligned theme,India / global,Commercial,High,Public website product/category theme; ranking not verified
personalized t shirts,T shirts,Purple Palette,Website-aligned theme,India / global,Commercial,High,Public website product/category theme; ranking not verified
promotional t shirts,T shirts,Purple Palette,Website-aligned theme,India / global,Commercial,High,Public website product/category theme; ranking not verified
corporate t shirts,T shirts,Purple Palette,Website-aligned theme,India / global,Commercial,High,Public website product/category theme; ranking not verified
corporate logo t shirts,T shirts,Purple Palette,Website-aligned theme,India / global,Commercial,High,Public website product/category theme; ranking not verified
logo t shirts,T shirts,Purple Palette,Website-aligned theme,India / global,Commercial,High,Public website product/category theme; ranking not verified
branded t shirts,T shirts,Purple Palette,Website-aligned theme,India / global,Commercial,High,Public website product/category theme; ranking not verified
polo t shirts,T shirts,Purple Palette,Website-aligned theme,India / global,Commercial,High,Public website product/category theme; ranking not verified
custom polo t shirts,T shirts,Purple Palette,Website-aligned theme,India / global,Commercial,High,Public website product/category theme; ranking not verified
oversized t shirts,T shirts,Purple Palette,Website-aligned theme,India / global,Commercial,High,Public website product/category theme; ranking not verified
dry fit t shirts,T shirts,Purple Palette,Website-aligned theme,India / global,Commercial,High,Public website product/category theme; ranking not verified
round neck t shirts,T shirts,Purple Palette,Website-aligned theme,India / global,Commercial,High,Public website product/category theme; ranking not verified
collar t shirts,T shirts,Purple Palette,Website-aligned theme,India / global,Commercial,High,Public website product/category theme; ranking not verified
full sleeve t shirts,T shirts,Purple Palette,Website-aligned theme,India / global,Commercial,High,Public website product/category theme; ranking not verified
half sleeve t shirts,T shirts,Purple Palette,Website-aligned theme,India / global,Commercial,High,Public website product/category theme; ranking not verified
sports t shirts,T shirts,Purple Palette,Website-aligned theme,India / global,Commercial,High,Public website product/category theme; ranking not verified
gym t shirts,T shirts,Purple Palette,Website-aligned theme,India / global,Commercial,High,Public website product/category theme; ranking not verified
marathon t shirts,T shirts,Purple Palette,Website-aligned theme,India / global,Commercial,High,Public website product/category theme; ranking not verified
election t shirts,T shirts,Purple Palette,Website-aligned theme,India / global,Commercial,High,Public website product/category theme; ranking not verified
organic cotton t shirts,T shirts,Purple Palette,Website-aligned theme,India / global,Commercial,High,Public website product/category theme; ranking not verified
sublimation t shirts,T shirts,Purple Palette,Website-aligned theme,India / global,Commercial,High,Public website product/category theme; ranking not verified
digital printed t shirts,T shirts,Purple Palette,Website-aligned theme,India / global,Commercial,High,Public website product/category theme; ranking not verified
polyester t shirts,T shirts,Purple Palette,Website-aligned theme,India / global,Commercial,High,Public website product/category theme; ranking not verified
v neck t shirts,T shirts,Purple Palette,Website-aligned theme,India / global,Commercial,High,Public website product/category theme; ranking not verified
yoga t shirts,T shirts,Purple Palette,Website-aligned theme,India / global,Commercial,High,Public website product/category theme; ranking not verified
custom hoodies,Apparel and uniforms,Purple Palette,Website-aligned theme,India / global,Commercial,High,Public website product/category theme; ranking not verified
promotional hoodies,Apparel and uniforms,Purple Palette,Website-aligned theme,India / global,Commercial,High,Public website product/category theme; ranking not verified
corporate hoodies,Apparel and uniforms,Purple Palette,Website-aligned theme,India / global,Commercial,High,Public website product/category theme; ranking not verified
custom sweatshirts,Apparel and uniforms,Purple Palette,Website-aligned theme,India / global,Commercial,High,Public website product/category theme; ranking not verified
promotional sweatshirts,Apparel and uniforms,Purple Palette,Website-aligned theme,India / global,Commercial,High,Public website product/category theme; ranking not verified
corporate sweatshirts,Apparel and uniforms,Purple Palette,Website-aligned theme,India / global,Commercial,High,Public website product/category theme; ranking not verified
logo sweatshirts,Apparel and uniforms,Purple Palette,Website-aligned theme,India / global,Commercial,High,Public website product/category theme; ranking not verified
school uniforms,Apparel and uniforms,Purple Palette,Website-aligned theme,India / global,Commercial,High,Public website product/category theme; ranking not verified
corporate uniforms,Apparel and uniforms,Purple Palette,Website-aligned theme,India / global,Commercial,High,Public website product/category theme; ranking not verified
hotel uniforms,Apparel and uniforms,Purple Palette,Website-aligned theme,India / global,Commercial,High,Public website product/category theme; ranking not verified
custom raincoats,Apparel and uniforms,Purple Palette,Website-aligned theme,India / global,Commercial,High,Public website product/category theme; ranking not verified
promotional rain suits,Apparel and uniforms,Purple Palette,Website-aligned theme,India / global,Commercial,High,Public website product/category theme; ranking not verified
branded windcheaters,Apparel and uniforms,Purple Palette,Website-aligned theme,India / global,Commercial,High,Public website product/category theme; ranking not verified
t shirt printing,Printing and merchandise,Purple Palette,Website-aligned theme,India / global,Commercial,High,Public website product/category theme; ranking not verified
mug printing,Printing and merchandise,Purple Palette,Website-aligned theme,India / global,Commercial,High,Public website product/category theme; ranking not verified
corporate mug printing,Printing and merchandise,Purple Palette,Website-aligned theme,India / global,Commercial,High,Public website product/category theme; ranking not verified
custom mug printing,Printing and merchandise,Purple Palette,Website-aligned theme,India / global,Commercial,High,Public website product/category theme; ranking not verified
cap printing,Printing and merchandise,Purple Palette,Website-aligned theme,India / global,Commercial,High,Public website product/category theme; ranking not verified
custom notebook printing,Printing and merchandise,Purple Palette,Website-aligned theme,India / global,Commercial,High,Public website product/category theme; ranking not verified
spiral notebook printing,Printing and merchandise,Purple Palette,Website-aligned theme,India / global,Commercial,High,Public website product/category theme; ranking not verified
diary printing,Printing and merchandise,Purple Palette,Website-aligned theme,India / global,Commercial,High,Public website product/category theme; ranking not verified
calendar printing,Printing and merchandise,Purple Palette,Website-aligned theme,India / global,Commercial,High,Public website product/category theme; ranking not verified
table calendar printing,Printing and merchandise,Purple Palette,Website-aligned theme,India / global,Commercial,High,Public website product/category theme; ranking not verified
promotional keychain printing,Printing and merchandise,Purple Palette,Website-aligned theme,India / global,Commercial,High,Public website product/category theme; ranking not verified
mouse pad printing,Printing and merchandise,Purple Palette,Website-aligned theme,India / global,Commercial,High,Public website product/category theme; ranking not verified
sticky note pad printing,Printing and merchandise,Purple Palette,Website-aligned theme,India / global,Commercial,High,Public website product/category theme; ranking not verified
sipper bottle printing,Printing and merchandise,Purple Palette,Website-aligned theme,India / global,Commercial,High,Public website product/category theme; ranking not verified
laptop bag printing,Printing and merchandise,Purple Palette,Website-aligned theme,India / global,Commercial,High,Public website product/category theme; ranking not verified
custom tote bag printing,Printing and merchandise,Purple Palette,Website-aligned theme,India / global,Commercial,High,Public website product/category theme; ranking not verified
logo printing on gifts,Printing and merchandise,Purple Palette,Website-aligned theme,India / global,Commercial,High,Public website product/category theme; ranking not verified
card pendrive printing,Printing and merchandise,Purple Palette,Website-aligned theme,India / global,Commercial,High,Public website product/category theme; ranking not verified
branded laptop backpacks,Printing and merchandise,Purple Palette,Website-aligned theme,India / global,Commercial,High,Public website product/category theme; ranking not verified
desk organizers,Printing and merchandise,Purple Palette,Website-aligned theme,India / global,Commercial,High,Public website product/category theme; ranking not verified
custom travel mugs,Printing and merchandise,Purple Palette,Website-aligned theme,India / global,Commercial,High,Public website product/category theme; ranking not verified
business card printing,Business stationery,Printo,Website-aligned theme,India / global,Commercial,High,Public website product/category theme; ranking not verified
visiting card printing,Business stationery,Printo,Website-aligned theme,India / global,Commercial,High,Public website product/category theme; ranking not verified
letterhead printing,Business stationery,Printo,Website-aligned theme,India / global,Commercial,High,Public website product/category theme; ranking not verified
envelope printing,Business stationery,Printo,Website-aligned theme,India / global,Commercial,High,Public website product/category theme; ranking not verified
rubber stamp printing,Business stationery,Printo,Website-aligned theme,India / global,Commercial,High,Public website product/category theme; ranking not verified
bill book printing,Business stationery,Printo,Website-aligned theme,India / global,Commercial,High,Public website product/category theme; ranking not verified
receipt book printing,Business stationery,Printo,Website-aligned theme,India / global,Commercial,High,Public website product/category theme; ranking not verified
notepad printing,Business stationery,Printo,Website-aligned theme,India / global,Commercial,High,Public website product/category theme; ranking not verified
presentation folder printing,Business stationery,Printo,Website-aligned theme,India / global,Commercial,High,Public website product/category theme; ranking not verified
id card printing,Business stationery,Printo,Website-aligned theme,India / global,Commercial,High,Public website product/category theme; ranking not verified
lanyard printing,Business stationery,Printo,Website-aligned theme,India / global,Commercial,High,Public website product/category theme; ranking not verified
certificate printing,Business stationery,Printo,Website-aligned theme,India / global,Commercial,High,Public website product/category theme; ranking not verified
business stationery printing,Business stationery,Printo,Website-aligned theme,India / global,Commercial,High,Public website product/category theme; ranking not verified
office stationery printing,Business stationery,Printo,Website-aligned theme,India / global,Commercial,High,Public website product/category theme; ranking not verified
pen printing,Business stationery,Printo,Website-aligned theme,India / global,Commercial,High,Public website product/category theme; ranking not verified
bookmark printing,Business stationery,Printo,Website-aligned theme,India / global,Commercial,High,Public website product/category theme; ranking not verified
online printing services,Marketing print,Printo,Website-aligned theme,India / global,Commercial,High,Public website product/category theme; ranking not verified
digital printing services,Marketing print,Printo,Website-aligned theme,India / global,Commercial,High,Public website product/category theme; ranking not verified
commercial printing,Marketing print,Printo,Website-aligned theme,India / global,Commercial,High,Public website product/category theme; ranking not verified
document printing,Marketing print,Printo,Website-aligned theme,India / global,Commercial,High,Public website product/category theme; ranking not verified
bulk printing services,Marketing print,Printo,Website-aligned theme,India / global,Commercial,High,Public website product/category theme; ranking not verified
brochure printing,Marketing print,Printo,Website-aligned theme,India / global,Commercial,High,Public website product/category theme; ranking not verified
flyer printing,Marketing print,Printo,Website-aligned theme,India / global,Commercial,High,Public website product/category theme; ranking not verified
poster printing,Marketing print,Printo,Website-aligned theme,India / global,Commercial,High,Public website product/category theme; ranking not verified
banner printing,Marketing print,Printo,Website-aligned theme,India / global,Commercial,High,Public website product/category theme; ranking not verified
standee printing,Marketing print,Printo,Website-aligned theme,India / global,Commercial,High,Public website product/category theme; ranking not verified
booklet printing,Marketing print,Printo,Website-aligned theme,India / global,Commercial,High,Public website product/category theme; ranking not verified
catalogue printing,Marketing print,Printo,Website-aligned theme,India / global,Commercial,High,Public website product/category theme; ranking not verified
menu card printing,Marketing print,Printo,Website-aligned theme,India / global,Commercial,High,Public website product/category theme; ranking not verified
invitation card printing,Marketing print,Printo,Website-aligned theme,India / global,Commercial,High,Public website product/category theme; ranking not verified
greeting card printing,Marketing print,Printo,Website-aligned theme,India / global,Commercial,High,Public website product/category theme; ranking not verified
postcard printing,Marketing print,Printo,Website-aligned theme,India / global,Commercial,High,Public website product/category theme; ranking not verified
danglers printing,Marketing print,Printo,Website-aligned theme,India / global,Commercial,High,Public website product/category theme; ranking not verified
decal printing,Marketing print,Printo,Website-aligned theme,India / global,Commercial,High,Public website product/category theme; ranking not verified
acrylic signage,Marketing print,Printo,Website-aligned theme,India / global,Commercial,High,Public website product/category theme; ranking not verified
name plate printing,Marketing print,Printo,Website-aligned theme,India / global,Commercial,High,Public website product/category theme; ranking not verified
signage printing,Marketing print,Printo,Website-aligned theme,India / global,Commercial,High,Public website product/category theme; ranking not verified
acrylic printing,Marketing print,Printo,Website-aligned theme,India / global,Commercial,High,Public website product/category theme; ranking not verified
custom sticker printing,Labels stickers,Printo,Website-aligned theme,India / global,Commercial,High,Public website product/category theme; ranking not verified
packaging label printing,Labels stickers,Printo,Website-aligned theme,India / global,Commercial,High,Public website product/category theme; ranking not verified
product label printing,Labels stickers,Printo,Website-aligned theme,India / global,Commercial,High,Public website product/category theme; ranking not verified
barcode label printing,Labels stickers,Printo,Website-aligned theme,India / global,Commercial,High,Public website product/category theme; ranking not verified
qr code label printing,Labels stickers,Printo,Website-aligned theme,India / global,Commercial,High,Public website product/category theme; ranking not verified
waterproof label printing,Labels stickers,Printo,Website-aligned theme,India / global,Commercial,High,Public website product/category theme; ranking not verified
transparent label printing,Labels stickers,Printo,Website-aligned theme,India / global,Commercial,High,Public website product/category theme; ranking not verified
kraft paper label printing,Labels stickers,Printo,Website-aligned theme,India / global,Commercial,High,Public website product/category theme; ranking not verified
holographic sticker printing,Labels stickers,Printo,Website-aligned theme,India / global,Commercial,High,Public website product/category theme; ranking not verified
gold foil sticker printing,Labels stickers,Printo,Website-aligned theme,India / global,Commercial,High,Public website product/category theme; ranking not verified
silver foil sticker printing,Labels stickers,Printo,Website-aligned theme,India / global,Commercial,High,Public website product/category theme; ranking not verified
dome sticker printing,Labels stickers,Printo,Website-aligned theme,India / global,Commercial,High,Public website product/category theme; ranking not verified
food label printing,Labels stickers,Printo,Website-aligned theme,India / global,Commercial,High,Public website product/category theme; ranking not verified
bottle label printing,Labels stickers,Printo,Website-aligned theme,India / global,Commercial,High,Public website product/category theme; ranking not verified
jar label printing,Labels stickers,Printo,Website-aligned theme,India / global,Commercial,High,Public website product/category theme; ranking not verified
cosmetic label printing,Labels stickers,Printo,Website-aligned theme,India / global,Commercial,High,Public website product/category theme; ranking not verified
candle label printing,Labels stickers,Printo,Website-aligned theme,India / global,Commercial,High,Public website product/category theme; ranking not verified
soap label printing,Labels stickers,Printo,Website-aligned theme,India / global,Commercial,High,Public website product/category theme; ranking not verified
address label printing,Labels stickers,Printo,Website-aligned theme,India / global,Commercial,High,Public website product/category theme; ranking not verified
shipping label printing,Labels stickers,Printo,Website-aligned theme,India / global,Commercial,High,Public website product/category theme; ranking not verified
round sticker printing,Labels stickers,Printo,Website-aligned theme,India / global,Commercial,High,Public website product/category theme; ranking not verified
square sticker printing,Labels stickers,Printo,Website-aligned theme,India / global,Commercial,High,Public website product/category theme; ranking not verified
die cut sticker printing,Labels stickers,Printo,Website-aligned theme,India / global,Commercial,High,Public website product/category theme; ranking not verified
laptop sticker printing,Labels stickers,Printo,Website-aligned theme,India / global,Commercial,High,Public website product/category theme; ranking not verified
custom packaging boxes,Packaging,Printo,Website-aligned theme,India / global,Commercial,High,Public website product/category theme; ranking not verified
printed packaging boxes,Packaging,Printo,Website-aligned theme,India / global,Commercial,High,Public website product/category theme; ranking not verified
rigid gift boxes,Packaging,Printo,Website-aligned theme,India / global,Commercial,High,Public website product/category theme; ranking not verified
mailer box printing,Packaging,Printo,Website-aligned theme,India / global,Commercial,High,Public website product/category theme; ranking not verified
shipping box printing,Packaging,Printo,Website-aligned theme,India / global,Commercial,High,Public website product/category theme; ranking not verified
cake box printing,Packaging,Printo,Website-aligned theme,India / global,Commercial,High,Public website product/category theme; ranking not verified
pizza box printing,Packaging,Printo,Website-aligned theme,India / global,Commercial,High,Public website product/category theme; ranking not verified
food packaging box printing,Packaging,Printo,Website-aligned theme,India / global,Commercial,High,Public website product/category theme; ranking not verified
courier poly bags printing,Packaging,Printo,Website-aligned theme,India / global,Commercial,High,Public website product/category theme; ranking not verified
custom paper bags,Packaging,Printo,Website-aligned theme,India / global,Commercial,High,Public website product/category theme; ranking not verified
printed tote bags,Packaging,Printo,Website-aligned theme,India / global,Commercial,High,Public website product/category theme; ranking not verified
cotton carry bag printing,Packaging,Printo,Website-aligned theme,India / global,Commercial,High,Public website product/category theme; ranking not verified
printed packing tape,Packaging,Printo,Website-aligned theme,India / global,Commercial,High,Public website product/category theme; ranking not verified
hang tag printing,Packaging,Printo,Website-aligned theme,India / global,Commercial,High,Public website product/category theme; ranking not verified
custom packaging sleeves,Packaging,Printo,Website-aligned theme,India / global,Commercial,High,Public website product/category theme; ranking not verified
custom stand up pouches,Packaging,Printo,Website-aligned theme,India / global,Commercial,High,Public website product/category theme; ranking not verified
custom paper pouches,Packaging,Printo,Website-aligned theme,India / global,Commercial,High,Public website product/category theme; ranking not verified
ecommerce packaging,Packaging,Printo,Website-aligned theme,India / global,Commercial,High,Public website product/category theme; ranking not verified
thank you card printing,Packaging,Printo,Website-aligned theme,India / global,Commercial,High,Public website product/category theme; ranking not verified
photo printing,Photos gifts decor,Printo,Website-aligned theme,India / global,Commercial,High,Public website product/category theme; ranking not verified
photo frame printing,Photos gifts decor,Printo,Website-aligned theme,India / global,Commercial,High,Public website product/category theme; ranking not verified
acrylic photo frames,Photos gifts decor,Printo,Website-aligned theme,India / global,Commercial,High,Public website product/category theme; ranking not verified
canvas printing,Photos gifts decor,Printo,Website-aligned theme,India / global,Commercial,High,Public website product/category theme; ranking not verified
photo book printing,Photos gifts decor,Printo,Website-aligned theme,India / global,Commercial,High,Public website product/category theme; ranking not verified
photo album printing,Photos gifts decor,Printo,Website-aligned theme,India / global,Commercial,High,Public website product/category theme; ranking not verified
photo mug printing,Photos gifts decor,Printo,Website-aligned theme,India / global,Commercial,High,Public website product/category theme; ranking not verified
custom mugs,Photos gifts decor,Printo,Website-aligned theme,India / global,Commercial,High,Public website product/category theme; ranking not verified
custom keychains,Photos gifts decor,Printo,Website-aligned theme,India / global,Commercial,High,Public website product/category theme; ranking not verified
fridge magnet printing,Photos gifts decor,Printo,Website-aligned theme,India / global,Commercial,High,Public website product/category theme; ranking not verified
personalized photo gifts,Photos gifts decor,Printo,Website-aligned theme,India / global,Commercial,High,Public website product/category theme; ranking not verified
photo plaque printing,Photos gifts decor,Printo,Website-aligned theme,India / global,Commercial,High,Public website product/category theme; ranking not verified
custom coasters,Photos gifts decor,Printo,Website-aligned theme,India / global,Commercial,High,Public website product/category theme; ranking not verified
photo calendars,Photos gifts decor,Printo,Website-aligned theme,India / global,Commercial,High,Public website product/category theme; ranking not verified
custom wall decor,Photos gifts decor,Printo,Website-aligned theme,India / global,Commercial,High,Public website product/category theme; ranking not verified
gift hampers,Photos gifts decor,Printo,Website-aligned theme,India / global,Commercial,High,Public website product/category theme; ranking not verified
custom notebooks,Corporate merchandise,Printo,Website-aligned theme,India / global,Commercial,High,Public website product/category theme; ranking not verified
branded pens,Corporate merchandise,Printo,Website-aligned theme,India / global,Commercial,High,Public website product/category theme; ranking not verified
custom caps,Corporate merchandise,Printo,Website-aligned theme,India / global,Commercial,High,Public website product/category theme; ranking not verified
custom backpacks,Corporate merchandise,Printo,Website-aligned theme,India / global,Commercial,High,Public website product/category theme; ranking not verified
laptop sleeves,Corporate merchandise,Printo,Website-aligned theme,India / global,Commercial,High,Public website product/category theme; ranking not verified
custom bottles,Corporate merchandise,Printo,Website-aligned theme,India / global,Commercial,High,Public website product/category theme; ranking not verified
sipper bottles,Corporate merchandise,Printo,Website-aligned theme,India / global,Commercial,High,Public website product/category theme; ranking not verified
custom umbrellas,Corporate merchandise,Printo,Website-aligned theme,India / global,Commercial,High,Public website product/category theme; ranking not verified
custom tshirts,Corporate merchandise,Printo,Website-aligned theme,India / global,Commercial,High,Public website product/category theme; ranking not verified
employee joining kits,Corporate merchandise,Printo,Website-aligned theme,India / global,Commercial,High,Public website product/category theme; ranking not verified
employee onboarding kits,Corporate merchandise,Printo,Website-aligned theme,India / global,Commercial,High,Public website product/category theme; ranking not verified
corporate gifting kits,Corporate merchandise,Printo,Website-aligned theme,India / global,Commercial,High,Public website product/category theme; ranking not verified
promotional products,Corporate merchandise,Printo,Website-aligned theme,India / global,Commercial,High,Public website product/category theme; ranking not verified
marketing merchandise,Corporate merchandise,Printo,Website-aligned theme,India / global,Commercial,High,Public website product/category theme; ranking not verified
awards and trophies,Corporate merchandise,Printo,Website-aligned theme,India / global,Commercial,High,Public website product/category theme; ranking not verified
custom medals,Corporate merchandise,Printo,Website-aligned theme,India / global,Commercial,High,Public website product/category theme; ranking not verified
button badges,Corporate merchandise,Printo,Website-aligned theme,India / global,Commercial,High,Public website product/category theme; ranking not verified
startup branding printing,Industry needs,Printo,Website-aligned theme,India / global,Commercial,High,Public website product/category theme; ranking not verified
cafe printing supplies,Industry needs,Printo,Website-aligned theme,India / global,Commercial,High,Public website product/category theme; ranking not verified
restaurant printing supplies,Industry needs,Printo,Website-aligned theme,India / global,Commercial,High,Public website product/category theme; ranking not verified
school printing supplies,Industry needs,Printo,Website-aligned theme,India / global,Commercial,High,Public website product/category theme; ranking not verified
college printing supplies,Industry needs,Printo,Website-aligned theme,India / global,Commercial,High,Public website product/category theme; ranking not verified
hotel printing supplies,Industry needs,Printo,Website-aligned theme,India / global,Commercial,High,Public website product/category theme; ranking not verified
beauty salon printing supplies,Industry needs,Printo,Website-aligned theme,India / global,Commercial,High,Public website product/category theme; ranking not verified
boutique branding,Industry needs,Printo,Website-aligned theme,India / global,Commercial,High,Public website product/category theme; ranking not verified
event branding printing,Industry needs,Printo,Website-aligned theme,India / global,Commercial,High,Public website product/category theme; ranking not verified
exhibition printing,Industry needs,Printo,Website-aligned theme,India / global,Commercial,High,Public website product/category theme; ranking not verified
ecommerce branding,Industry needs,Printo,Website-aligned theme,India / global,Commercial,High,Public website product/category theme; ranking not verified
corporate event merchandise,Industry needs,Printo,Website-aligned theme,India / global,Commercial,High,Public website product/category theme; ranking not verified
employee engagement merchandise,Industry needs,Printo,Website-aligned theme,India / global,Commercial,High,Public website product/category theme; ranking not verified
corporate gifts india,Corporate gifting,Purple Palette,Expanded search variation,India / global,Commercial,High,Not validated; research candidate
corporate gifts near me,Corporate gifting,Purple Palette,Expanded search variation,India / global,Commercial,Medium,Not validated; research candidate
corporate gifts online,Corporate gifting,Purple Palette,Expanded search variation,India / global,Commercial,Medium,Not validated; research candidate
corporate gifts wholesale,Corporate gifting,Purple Palette,Expanded search variation,India / global,Commercial,Medium,Not validated; research candidate
corporate gifts bulk order,Corporate gifting,Purple Palette,Expanded search variation,India / global,Commercial,High,Not validated; research candidate
corporate gifts supplier,Corporate gifting,Purple Palette,Expanded search variation,India / global,Commercial,High,Not validated; research candidate
corporate gifts manufacturer,Corporate gifting,Purple Palette,Expanded search variation,India / global,Commercial,Medium,Not validated; research candidate
corporate gifts price,Corporate gifting,Purple Palette,Expanded search variation,India / global,Commercial,Medium,Not validated; research candidate
corporate gifts with logo,Corporate gifting,Purple Palette,Expanded search variation,India / global,Commercial,High,Not validated; research candidate
corporate gifting india,Corporate gifting,Purple Palette,Expanded search variation,India / global,Commercial,High,Not validated; research candidate
corporate gifting near me,Corporate gifting,Purple Palette,Expanded search variation,India / global,Commercial,Medium,Not validated; research candidate
corporate gifting online,Corporate gifting,Purple Palette,Expanded search variation,India / global,Commercial,Medium,Not validated; research candidate
corporate gifting wholesale,Corporate gifting,Purple Palette,Expanded search variation,India / global,Commercial,Medium,Not validated; research candidate
corporate gifting bulk order,Corporate gifting,Purple Palette,Expanded search variation,India / global,Commercial,High,Not validated; research candidate
corporate gifting supplier,Corporate gifting,Purple Palette,Expanded search variation,India / global,Commercial,High,Not validated; research candidate
corporate gifting manufacturer,Corporate gifting,Purple Palette,Expanded search variation,India / global,Commercial,Medium,Not validated; research candidate
corporate gifting price,Corporate gifting,Purple Palette,Expanded search variation,India / global,Commercial,Medium,Not validated; research candidate
corporate gifting with logo,Corporate gifting,Purple Palette,Expanded search variation,India / global,Commercial,High,Not validated; research candidate
corporate gift boxes india,Corporate gifting,Purple Palette,Expanded search variation,India / global,Commercial,High,Not validated; research candidate
corporate gift boxes near me,Corporate gifting,Purple Palette,Expanded search variation,India / global,Commercial,Medium,Not validated; research candidate
corporate gift boxes online,Corporate gifting,Purple Palette,Expanded search variation,India / global,Commercial,Medium,Not validated; research candidate
corporate gift boxes wholesale,Corporate gifting,Purple Palette,Expanded search variation,India / global,Commercial,Medium,Not validated; research candidate
corporate gift boxes bulk order,Corporate gifting,Purple Palette,Expanded search variation,India / global,Commercial,High,Not validated; research candidate
corporate gift boxes supplier,Corporate gifting,Purple Palette,Expanded search variation,India / global,Commercial,High,Not validated; research candidate
corporate gift boxes manufacturer,Corporate gifting,Purple Palette,Expanded search variation,India / global,Commercial,Medium,Not validated; research candidate
corporate gift boxes price,Corporate gifting,Purple Palette,Expanded search variation,India / global,Commercial,Medium,Not validated; research candidate
corporate gift boxes with logo,Corporate gifting,Purple Palette,Expanded search variation,India / global,Commercial,High,Not validated; research candidate
corporate gift sets india,Corporate gifting,Purple Palette,Expanded search variation,India / global,Commercial,High,Not validated; research candidate
corporate gift sets near me,Corporate gifting,Purple Palette,Expanded search variation,India / global,Commercial,Medium,Not validated; research candidate
corporate gift sets online,Corporate gifting,Purple Palette,Expanded search variation,India / global,Commercial,Medium,Not validated; research candidate
corporate gift sets wholesale,Corporate gifting,Purple Palette,Expanded search variation,India / global,Commercial,Medium,Not validated; research candidate
corporate gift sets bulk order,Corporate gifting,Purple Palette,Expanded search variation,India / global,Commercial,High,Not validated; research candidate
corporate gift sets supplier,Corporate gifting,Purple Palette,Expanded search variation,India / global,Commercial,High,Not validated; research candidate
corporate gift sets manufacturer,Corporate gifting,Purple Palette,Expanded search variation,India / global,Commercial,Medium,Not validated; research candidate
corporate gift sets price,Corporate gifting,Purple Palette,Expanded search variation,India / global,Commercial,Medium,Not validated; research candidate
corporate gift sets with logo,Corporate gifting,Purple Palette,Expanded search variation,India / global,Commercial,High,Not validated; research candidate
corporate food hampers india,Corporate gifting,Purple Palette,Expanded search variation,India / global,Commercial,High,Not validated; research candidate
corporate food hampers near me,Corporate gifting,Purple Palette,Expanded search variation,India / global,Commercial,Medium,Not validated; research candidate
corporate food hampers online,Corporate gifting,Purple Palette,Expanded search variation,India / global,Commercial,Medium,Not validated; research candidate
corporate food hampers wholesale,Corporate gifting,Purple Palette,Expanded search variation,India / global,Commercial,Medium,Not validated; research candidate
corporate food hampers bulk order,Corporate gifting,Purple Palette,Expanded search variation,India / global,Commercial,High,Not validated; research candidate
corporate food hampers supplier,Corporate gifting,Purple Palette,Expanded search variation,India / global,Commercial,High,Not validated; research candidate
corporate food hampers manufacturer,Corporate gifting,Purple Palette,Expanded search variation,India / global,Commercial,Medium,Not validated; research candidate
corporate food hampers price,Corporate gifting,Purple Palette,Expanded search variation,India / global,Commercial,Medium,Not validated; research candidate
corporate food hampers with logo,Corporate gifting,Purple Palette,Expanded search variation,India / global,Commercial,High,Not validated; research candidate
corporate wellness kits india,Corporate gifting,Purple Palette,Expanded search variation,India / global,Commercial,High,Not validated; research candidate
corporate wellness kits near me,Corporate gifting,Purple Palette,Expanded search variation,India / global,Commercial,Medium,Not validated; research candidate
corporate wellness kits online,Corporate gifting,Purple Palette,Expanded search variation,India / global,Commercial,Medium,Not validated; research candidate
corporate wellness kits wholesale,Corporate gifting,Purple Palette,Expanded search variation,India / global,Commercial,Medium,Not validated; research candidate
corporate wellness kits bulk order,Corporate gifting,Purple Palette,Expanded search variation,India / global,Commercial,High,Not validated; research candidate
corporate wellness kits supplier,Corporate gifting,Purple Palette,Expanded search variation,India / global,Commercial,High,Not validated; research candidate
corporate wellness kits manufacturer,Corporate gifting,Purple Palette,Expanded search variation,India / global,Commercial,Medium,Not validated; research candidate
corporate wellness kits price,Corporate gifting,Purple Palette,Expanded search variation,India / global,Commercial,Medium,Not validated; research candidate
corporate wellness kits with logo,Corporate gifting,Purple Palette,Expanded search variation,India / global,Commercial,High,Not validated; research candidate
employee gifts india,Corporate gifting,Purple Palette,Expanded search variation,India / global,Commercial,High,Not validated; research candidate
employee gifts near me,Corporate gifting,Purple Palette,Expanded search variation,India / global,Commercial,Medium,Not validated; research candidate
employee gifts online,Corporate gifting,Purple Palette,Expanded search variation,India / global,Commercial,Medium,Not validated; research candidate
employee gifts wholesale,Corporate gifting,Purple Palette,Expanded search variation,India / global,Commercial,Medium,Not validated; research candidate
employee gifts bulk order,Corporate gifting,Purple Palette,Expanded search variation,India / global,Commercial,High,Not validated; research candidate
employee gifts supplier,Corporate gifting,Purple Palette,Expanded search variation,India / global,Commercial,High,Not validated; research candidate
employee gifts manufacturer,Corporate gifting,Purple Palette,Expanded search variation,India / global,Commercial,Medium,Not validated; research candidate
employee gifts price,Corporate gifting,Purple Palette,Expanded search variation,India / global,Commercial,Medium,Not validated; research candidate
employee gifts with logo,Corporate gifting,Purple Palette,Expanded search variation,India / global,Commercial,High,Not validated; research candidate
client gifts india,Corporate gifting,Purple Palette,Expanded search variation,India / global,Commercial,High,Not validated; research candidate
client gifts near me,Corporate gifting,Purple Palette,Expanded search variation,India / global,Commercial,Medium,Not validated; research candidate
client gifts online,Corporate gifting,Purple Palette,Expanded search variation,India / global,Commercial,Medium,Not validated; research candidate
client gifts wholesale,Corporate gifting,Purple Palette,Expanded search variation,India / global,Commercial,Medium,Not validated; research candidate
client gifts bulk order,Corporate gifting,Purple Palette,Expanded search variation,India / global,Commercial,High,Not validated; research candidate
client gifts supplier,Corporate gifting,Purple Palette,Expanded search variation,India / global,Commercial,High,Not validated; research candidate
client gifts manufacturer,Corporate gifting,Purple Palette,Expanded search variation,India / global,Commercial,Medium,Not validated; research candidate
client gifts price,Corporate gifting,Purple Palette,Expanded search variation,India / global,Commercial,Medium,Not validated; research candidate
client gifts with logo,Corporate gifting,Purple Palette,Expanded search variation,India / global,Commercial,High,Not validated; research candidate
client onboarding swag kits india,Corporate gifting,Purple Palette,Expanded search variation,India / global,Commercial,High,Not validated; research candidate
client onboarding swag kits near me,Corporate gifting,Purple Palette,Expanded search variation,India / global,Commercial,Medium,Not validated; research candidate
client onboarding swag kits online,Corporate gifting,Purple Palette,Expanded search variation,India / global,Commercial,Medium,Not validated; research candidate
client onboarding swag kits wholesale,Corporate gifting,Purple Palette,Expanded search variation,India / global,Commercial,Medium,Not validated; research candidate
client onboarding swag kits bulk order,Corporate gifting,Purple Palette,Expanded search variation,India / global,Commercial,High,Not validated; research candidate
client onboarding swag kits supplier,Corporate gifting,Purple Palette,Expanded search variation,India / global,Commercial,High,Not validated; research candidate
client onboarding swag kits manufacturer,Corporate gifting,Purple Palette,Expanded search variation,India / global,Commercial,Medium,Not validated; research candidate
client onboarding swag kits price,Corporate gifting,Purple Palette,Expanded search variation,India / global,Commercial,Medium,Not validated; research candidate
client onboarding swag kits with logo,Corporate gifting,Purple Palette,Expanded search variation,India / global,Commercial,High,Not validated; research candidate
employee welcome kits india,Corporate gifting,Purple Palette,Expanded search variation,India / global,Commercial,High,Not validated; research candidate
employee welcome kits near me,Corporate gifting,Purple Palette,Expanded search variation,India / global,Commercial,Medium,Not validated; research candidate
employee welcome kits online,Corporate gifting,Purple Palette,Expanded search variation,India / global,Commercial,Medium,Not validated; research candidate
employee welcome kits wholesale,Corporate gifting,Purple Palette,Expanded search variation,India / global,Commercial,Medium,Not validated; research candidate
employee welcome kits bulk order,Corporate gifting,Purple Palette,Expanded search variation,India / global,Commercial,High,Not validated; research candidate
employee welcome kits supplier,Corporate gifting,Purple Palette,Expanded search variation,India / global,Commercial,High,Not validated; research candidate
employee welcome kits manufacturer,Corporate gifting,Purple Palette,Expanded search variation,India / global,Commercial,Medium,Not validated; research candidate
employee welcome kits price,Corporate gifting,Purple Palette,Expanded search variation,India / global,Commercial,Medium,Not validated; research candidate
employee welcome kits with logo,Corporate gifting,Purple Palette,Expanded search variation,India / global,Commercial,High,Not validated; research candidate
promotional gifts india,Corporate gifting,Purple Palette,Expanded search variation,India / global,Commercial,High,Not validated; research candidate
promotional gifts near me,Corporate gifting,Purple Palette,Expanded search variation,India / global,Commercial,Medium,Not validated; research candidate
promotional gifts online,Corporate gifting,Purple Palette,Expanded search variation,India / global,Commercial,Medium,Not validated; research candidate
promotional gifts wholesale,Corporate gifting,Purple Palette,Expanded search variation,India / global,Commercial,Medium,Not validated; research candidate
promotional gifts bulk order,Corporate gifting,Purple Palette,Expanded search variation,India / global,Commercial,High,Not validated; research candidate
promotional gifts supplier,Corporate gifting,Purple Palette,Expanded search variation,India / global,Commercial,High,Not validated; research candidate
promotional gifts manufacturer,Corporate gifting,Purple Palette,Expanded search variation,India / global,Commercial,Medium,Not validated; research candidate
promotional gifts price,Corporate gifting,Purple Palette,Expanded search variation,India / global,Commercial,Medium,Not validated; research candidate
promotional gifts with logo,Corporate gifting,Purple Palette,Expanded search variation,India / global,Commercial,High,Not validated; research candidate
business gifts india,Corporate gifting,Purple Palette,Expanded search variation,India / global,Commercial,High,Not validated; research candidate
business gifts near me,Corporate gifting,Purple Palette,Expanded search variation,India / global,Commercial,Medium,Not validated; research candidate
business gifts online,Corporate gifting,Purple Palette,Expanded search variation,India / global,Commercial,Medium,Not validated; research candidate
business gifts wholesale,Corporate gifting,Purple Palette,Expanded search variation,India / global,Commercial,Medium,Not validated; research candidate
business gifts bulk order,Corporate gifting,Purple Palette,Expanded search variation,India / global,Commercial,High,Not validated; research candidate
business gifts supplier,Corporate gifting,Purple Palette,Expanded search variation,India / global,Commercial,High,Not validated; research candidate
business gifts manufacturer,Corporate gifting,Purple Palette,Expanded search variation,India / global,Commercial,Medium,Not validated; research candidate
business gifts price,Corporate gifting,Purple Palette,Expanded search variation,India / global,Commercial,Medium,Not validated; research candidate
business gifts with logo,Corporate gifting,Purple Palette,Expanded search variation,India / global,Commercial,High,Not validated; research candidate
ceo gifts india,Corporate gifting,Purple Palette,Expanded search variation,India / global,Commercial,High,Not validated; research candidate
ceo gifts near me,Corporate gifting,Purple Palette,Expanded search variation,India / global,Commercial,Medium,Not validated; research candidate
ceo gifts online,Corporate gifting,Purple Palette,Expanded search variation,India / global,Commercial,Medium,Not validated; research candidate
ceo gifts wholesale,Corporate gifting,Purple Palette,Expanded search variation,India / global,Commercial,Medium,Not validated; research candidate
ceo gifts bulk order,Corporate gifting,Purple Palette,Expanded search variation,India / global,Commercial,High,Not validated; research candidate
ceo gifts supplier,Corporate gifting,Purple Palette,Expanded search variation,India / global,Commercial,High,Not validated; research candidate
ceo gifts manufacturer,Corporate gifting,Purple Palette,Expanded search variation,India / global,Commercial,Medium,Not validated; research candidate
ceo gifts price,Corporate gifting,Purple Palette,Expanded search variation,India / global,Commercial,Medium,Not validated; research candidate
ceo gifts with logo,Corporate gifting,Purple Palette,Expanded search variation,India / global,Commercial,High,Not validated; research candidate
event gifts india,Corporate gifting,Purple Palette,Expanded search variation,India / global,Commercial,High,Not validated; research candidate
event gifts near me,Corporate gifting,Purple Palette,Expanded search variation,India / global,Commercial,Medium,Not validated; research candidate
event gifts online,Corporate gifting,Purple Palette,Expanded search variation,India / global,Commercial,Medium,Not validated; research candidate
event gifts wholesale,Corporate gifting,Purple Palette,Expanded search variation,India / global,Commercial,Medium,Not validated; research candidate
event gifts bulk order,Corporate gifting,Purple Palette,Expanded search variation,India / global,Commercial,High,Not validated; research candidate
event gifts supplier,Corporate gifting,Purple Palette,Expanded search variation,India / global,Commercial,High,Not validated; research candidate
event gifts manufacturer,Corporate gifting,Purple Palette,Expanded search variation,India / global,Commercial,Medium,Not validated; research candidate
event gifts price,Corporate gifting,Purple Palette,Expanded search variation,India / global,Commercial,Medium,Not validated; research candidate
event gifts with logo,Corporate gifting,Purple Palette,Expanded search variation,India / global,Commercial,High,Not validated; research candidate
event giveaways india,Corporate gifting,Purple Palette,Expanded search variation,India / global,Commercial,High,Not validated; research candidate
event giveaways near me,Corporate gifting,Purple Palette,Expanded search variation,India / global,Commercial,Medium,Not validated; research candidate
event giveaways online,Corporate gifting,Purple Palette,Expanded search variation,India / global,Commercial,Medium,Not validated; research candidate
event giveaways wholesale,Corporate gifting,Purple Palette,Expanded search variation,India / global,Commercial,Medium,Not validated; research candidate
event giveaways bulk order,Corporate gifting,Purple Palette,Expanded search variation,India / global,Commercial,High,Not validated; research candidate
event giveaways supplier,Corporate gifting,Purple Palette,Expanded search variation,India / global,Commercial,High,Not validated; research candidate
event giveaways manufacturer,Corporate gifting,Purple Palette,Expanded search variation,India / global,Commercial,Medium,Not validated; research candidate
event giveaways price,Corporate gifting,Purple Palette,Expanded search variation,India / global,Commercial,Medium,Not validated; research candidate
event giveaways with logo,Corporate gifting,Purple Palette,Expanded search variation,India / global,Commercial,High,Not validated; research candidate
branded gifts india,Corporate gifting,Purple Palette,Expanded search variation,India / global,Commercial,High,Not validated; research candidate
branded gifts near me,Corporate gifting,Purple Palette,Expanded search variation,India / global,Commercial,Medium,Not validated; research candidate
branded gifts online,Corporate gifting,Purple Palette,Expanded search variation,India / global,Commercial,Medium,Not validated; research candidate
branded gifts wholesale,Corporate gifting,Purple Palette,Expanded search variation,India / global,Commercial,Medium,Not validated; research candidate
branded gifts bulk order,Corporate gifting,Purple Palette,Expanded search variation,India / global,Commercial,High,Not validated; research candidate
branded gifts supplier,Corporate gifting,Purple Palette,Expanded search variation,India / global,Commercial,High,Not validated; research candidate
branded gifts manufacturer,Corporate gifting,Purple Palette,Expanded search variation,India / global,Commercial,Medium,Not validated; research candidate
branded gifts price,Corporate gifting,Purple Palette,Expanded search variation,India / global,Commercial,Medium,Not validated; research candidate
branded gifts with logo,Corporate gifting,Purple Palette,Expanded search variation,India / global,Commercial,High,Not validated; research candidate
sustainable gifting india,Corporate gifting,Purple Palette,Expanded search variation,India / global,Commercial,High,Not validated; research candidate
sustainable gifting near me,Corporate gifting,Purple Palette,Expanded search variation,India / global,Commercial,Medium,Not validated; research candidate
sustainable gifting online,Corporate gifting,Purple Palette,Expanded search variation,India / global,Commercial,Medium,Not validated; research candidate
sustainable gifting wholesale,Corporate gifting,Purple Palette,Expanded search variation,India / global,Commercial,Medium,Not validated; research candidate
sustainable gifting bulk order,Corporate gifting,Purple Palette,Expanded search variation,India / global,Commercial,High,Not validated; research candidate
sustainable gifting supplier,Corporate gifting,Purple Palette,Expanded search variation,India / global,Commercial,High,Not validated; research candidate
sustainable gifting manufacturer,Corporate gifting,Purple Palette,Expanded search variation,India / global,Commercial,Medium,Not validated; research candidate
sustainable gifting price,Corporate gifting,Purple Palette,Expanded search variation,India / global,Commercial,Medium,Not validated; research candidate
sustainable gifting with logo,Corporate gifting,Purple Palette,Expanded search variation,India / global,Commercial,High,Not validated; research candidate
eco friendly office gifts india,Corporate gifting,Purple Palette,Expanded search variation,India / global,Commercial,High,Not validated; research candidate
eco friendly office gifts near me,Corporate gifting,Purple Palette,Expanded search variation,India / global,Commercial,Medium,Not validated; research candidate
eco friendly office gifts online,Corporate gifting,Purple Palette,Expanded search variation,India / global,Commercial,Medium,Not validated; research candidate
eco friendly office gifts wholesale,Corporate gifting,Purple Palette,Expanded search variation,India / global,Commercial,Medium,Not validated; research candidate
eco friendly office gifts bulk order,Corporate gifting,Purple Palette,Expanded search variation,India / global,Commercial,High,Not validated; research candidate
eco friendly office gifts supplier,Corporate gifting,Purple Palette,Expanded search variation,India / global,Commercial,High,Not validated; research candidate
eco friendly office gifts manufacturer,Corporate gifting,Purple Palette,Expanded search variation,India / global,Commercial,Medium,Not validated; research candidate
eco friendly office gifts price,Corporate gifting,Purple Palette,Expanded search variation,India / global,Commercial,Medium,Not validated; research candidate
eco friendly office gifts with logo,Corporate gifting,Purple Palette,Expanded search variation,India / global,Commercial,High,Not validated; research candidate
tech gifts india,Corporate gifting,Purple Palette,Expanded search variation,India / global,Commercial,High,Not validated; research candidate
tech gifts near me,Corporate gifting,Purple Palette,Expanded search variation,India / global,Commercial,Medium,Not validated; research candidate
tech gifts online,Corporate gifting,Purple Palette,Expanded search variation,India / global,Commercial,Medium,Not validated; research candidate
tech gifts wholesale,Corporate gifting,Purple Palette,Expanded search variation,India / global,Commercial,Medium,Not validated; research candidate
tech gifts bulk order,Corporate gifting,Purple Palette,Expanded search variation,India / global,Commercial,High,Not validated; research candidate
tech gifts supplier,Corporate gifting,Purple Palette,Expanded search variation,India / global,Commercial,High,Not validated; research candidate
tech gifts manufacturer,Corporate gifting,Purple Palette,Expanded search variation,India / global,Commercial,Medium,Not validated; research candidate
tech gifts price,Corporate gifting,Purple Palette,Expanded search variation,India / global,Commercial,Medium,Not validated; research candidate
tech gifts with logo,Corporate gifting,Purple Palette,Expanded search variation,India / global,Commercial,High,Not validated; research candidate
work from home gifts india,Corporate gifting,Purple Palette,Expanded search variation,India / global,Commercial,High,Not validated; research candidate
work from home gifts near me,Corporate gifting,Purple Palette,Expanded search variation,India / global,Commercial,Medium,Not validated; research candidate
work from home gifts online,Corporate gifting,Purple Palette,Expanded search variation,India / global,Commercial,Medium,Not validated; research candidate
work from home gifts wholesale,Corporate gifting,Purple Palette,Expanded search variation,India / global,Commercial,Medium,Not validated; research candidate
work from home gifts bulk order,Corporate gifting,Purple Palette,Expanded search variation,India / global,Commercial,High,Not validated; research candidate
work from home gifts supplier,Corporate gifting,Purple Palette,Expanded search variation,India / global,Commercial,High,Not validated; research candidate
work from home gifts manufacturer,Corporate gifting,Purple Palette,Expanded search variation,India / global,Commercial,Medium,Not validated; research candidate
work from home gifts price,Corporate gifting,Purple Palette,Expanded search variation,India / global,Commercial,Medium,Not validated; research candidate
work from home gifts with logo,Corporate gifting,Purple Palette,Expanded search variation,India / global,Commercial,High,Not validated; research candidate
diwali gifts india,Corporate gifting,Purple Palette,Expanded search variation,India / global,Commercial,High,Not validated; research candidate
diwali gifts near me,Corporate gifting,Purple Palette,Expanded search variation,India / global,Commercial,Medium,Not validated; research candidate
diwali gifts online,Corporate gifting,Purple Palette,Expanded search variation,India / global,Commercial,Medium,Not validated; research candidate
diwali gifts wholesale,Corporate gifting,Purple Palette,Expanded search variation,India / global,Commercial,Medium,Not validated; research candidate
diwali gifts bulk order,Corporate gifting,Purple Palette,Expanded search variation,India / global,Commercial,High,Not validated; research candidate
diwali gifts supplier,Corporate gifting,Purple Palette,Expanded search variation,India / global,Commercial,High,Not validated; research candidate
diwali gifts manufacturer,Corporate gifting,Purple Palette,Expanded search variation,India / global,Commercial,Medium,Not validated; research candidate
diwali gifts price,Corporate gifting,Purple Palette,Expanded search variation,India / global,Commercial,Medium,Not validated; research candidate
diwali gifts with logo,Corporate gifting,Purple Palette,Expanded search variation,India / global,Commercial,High,Not validated; research candidate
diwali gift hampers india,Corporate gifting,Purple Palette,Expanded search variation,India / global,Commercial,High,Not validated; research candidate
diwali gift hampers near me,Corporate gifting,Purple Palette,Expanded search variation,India / global,Commercial,Medium,Not validated; research candidate
diwali gift hampers online,Corporate gifting,Purple Palette,Expanded search variation,India / global,Commercial,Medium,Not validated; research candidate
diwali gift hampers wholesale,Corporate gifting,Purple Palette,Expanded search variation,India / global,Commercial,Medium,Not validated; research candidate
diwali gift hampers bulk order,Corporate gifting,Purple Palette,Expanded search variation,India / global,Commercial,High,Not validated; research candidate
diwali gift hampers supplier,Corporate gifting,Purple Palette,Expanded search variation,India / global,Commercial,High,Not validated; research candidate
diwali gift hampers manufacturer,Corporate gifting,Purple Palette,Expanded search variation,India / global,Commercial,Medium,Not validated; research candidate
diwali gift hampers price,Corporate gifting,Purple Palette,Expanded search variation,India / global,Commercial,Medium,Not validated; research candidate
diwali gift hampers with logo,Corporate gifting,Purple Palette,Expanded search variation,India / global,Commercial,High,Not validated; research candidate
christmas corporate gifts india,Corporate gifting,Purple Palette,Expanded search variation,India / global,Commercial,High,Not validated; research candidate
christmas corporate gifts near me,Corporate gifting,Purple Palette,Expanded search variation,India / global,Commercial,Medium,Not validated; research candidate
christmas corporate gifts online,Corporate gifting,Purple Palette,Expanded search variation,India / global,Commercial,Medium,Not validated; research candidate
christmas corporate gifts wholesale,Corporate gifting,Purple Palette,Expanded search variation,India / global,Commercial,Medium,Not validated; research candidate
christmas corporate gifts bulk order,Corporate gifting,Purple Palette,Expanded search variation,India / global,Commercial,High,Not validated; research candidate
christmas corporate gifts supplier,Corporate gifting,Purple Palette,Expanded search variation,India / global,Commercial,High,Not validated; research candidate
christmas corporate gifts manufacturer,Corporate gifting,Purple Palette,Expanded search variation,India / global,Commercial,Medium,Not validated; research candidate
christmas corporate gifts price,Corporate gifting,Purple Palette,Expanded search variation,India / global,Commercial,Medium,Not validated; research candidate
christmas corporate gifts with logo,Corporate gifting,Purple Palette,Expanded search variation,India / global,Commercial,High,Not validated; research candidate
womens day corporate gifts india,Corporate gifting,Purple Palette,Expanded search variation,India / global,Commercial,High,Not validated; research candidate
womens day corporate gifts near me,Corporate gifting,Purple Palette,Expanded search variation,India / global,Commercial,Medium,Not validated; research candidate
womens day corporate gifts online,Corporate gifting,Purple Palette,Expanded search variation,India / global,Commercial,Medium,Not validated; research candidate
womens day corporate gifts wholesale,Corporate gifting,Purple Palette,Expanded search variation,India / global,Commercial,Medium,Not validated; research candidate
womens day corporate gifts bulk order,Corporate gifting,Purple Palette,Expanded search variation,India / global,Commercial,High,Not validated; research candidate
womens day corporate gifts supplier,Corporate gifting,Purple Palette,Expanded search variation,India / global,Commercial,High,Not validated; research candidate
womens day corporate gifts manufacturer,Corporate gifting,Purple Palette,Expanded search variation,India / global,Commercial,Medium,Not validated; research candidate
womens day corporate gifts price,Corporate gifting,Purple Palette,Expanded search variation,India / global,Commercial,Medium,Not validated; research candidate
womens day corporate gifts with logo,Corporate gifting,Purple Palette,Expanded search variation,India / global,Commercial,High,Not validated; research candidate
new year corporate gifts india,Corporate gifting,Purple Palette,Expanded search variation,India / global,Commercial,High,Not validated; research candidate
new year corporate gifts near me,Corporate gifting,Purple Palette,Expanded search variation,India / global,Commercial,Medium,Not validated; research candidate
new year corporate gifts online,Corporate gifting,Purple Palette,Expanded search variation,India / global,Commercial,Medium,Not validated; research candidate
new year corporate gifts wholesale,Corporate gifting,Purple Palette,Expanded search variation,India / global,Commercial,Medium,Not validated; research candidate
new year corporate gifts bulk order,Corporate gifting,Purple Palette,Expanded search variation,India / global,Commercial,High,Not validated; research candidate
new year corporate gifts supplier,Corporate gifting,Purple Palette,Expanded search variation,India / global,Commercial,High,Not validated; research candidate
new year corporate gifts manufacturer,Corporate gifting,Purple Palette,Expanded search variation,India / global,Commercial,Medium,Not validated; research candidate
new year corporate gifts price,Corporate gifting,Purple Palette,Expanded search variation,India / global,Commercial,Medium,Not validated; research candidate
new year corporate gifts with logo,Corporate gifting,Purple Palette,Expanded search variation,India / global,Commercial,High,Not validated; research candidate
custom sales promotion gifts india,Corporate gifting,Purple Palette,Expanded search variation,India / global,Commercial,High,Not validated; research candidate
custom sales promotion gifts near me,Corporate gifting,Purple Palette,Expanded search variation,India / global,Commercial,Medium,Not validated; research candidate
custom sales promotion gifts online,Corporate gifting,Purple Palette,Expanded search variation,India / global,Commercial,Medium,Not validated; research candidate
custom sales promotion gifts wholesale,Corporate gifting,Purple Palette,Expanded search variation,India / global,Commercial,Medium,Not validated; research candidate
custom sales promotion gifts bulk order,Corporate gifting,Purple Palette,Expanded search variation,India / global,Commercial,High,Not validated; research candidate
custom sales promotion gifts supplier,Corporate gifting,Purple Palette,Expanded search variation,India / global,Commercial,High,Not validated; research candidate
custom sales promotion gifts manufacturer,Corporate gifting,Purple Palette,Expanded search variation,India / global,Commercial,Medium,Not validated; research candidate
custom sales promotion gifts price,Corporate gifting,Purple Palette,Expanded search variation,India / global,Commercial,Medium,Not validated; research candidate
custom sales promotion gifts with logo,Corporate gifting,Purple Palette,Expanded search variation,India / global,Commercial,High,Not validated; research candidate
custom t shirts india,T shirts,Purple Palette,Expanded search variation,India / global,Commercial,High,Not validated; research candidate
custom t shirts near me,T shirts,Purple Palette,Expanded search variation,India / global,Commercial,Medium,Not validated; research candidate
custom t shirts online,T shirts,Purple Palette,Expanded search variation,India / global,Commercial,Medium,Not validated; research candidate
custom t shirts wholesale,T shirts,Purple Palette,Expanded search variation,India / global,Commercial,Medium,Not validated; research candidate
custom t shirts bulk order,T shirts,Purple Palette,Expanded search variation,India / global,Commercial,High,Not validated; research candidate
custom t shirts supplier,T shirts,Purple Palette,Expanded search variation,India / global,Commercial,High,Not validated; research candidate
custom t shirts manufacturer,T shirts,Purple Palette,Expanded search variation,India / global,Commercial,Medium,Not validated; research candidate
custom t shirts price,T shirts,Purple Palette,Expanded search variation,India / global,Commercial,Medium,Not validated; research candidate
custom t shirts with logo,T shirts,Purple Palette,Expanded search variation,India / global,Commercial,High,Not validated; research candidate
customized t shirts india,T shirts,Purple Palette,Expanded search variation,India / global,Commercial,High,Not validated; research candidate
customized t shirts near me,T shirts,Purple Palette,Expanded search variation,India / global,Commercial,Medium,Not validated; research candidate
customized t shirts online,T shirts,Purple Palette,Expanded search variation,India / global,Commercial,Medium,Not validated; research candidate
customized t shirts wholesale,T shirts,Purple Palette,Expanded search variation,India / global,Commercial,Medium,Not validated; research candidate
customized t shirts bulk order,T shirts,Purple Palette,Expanded search variation,India / global,Commercial,High,Not validated; research candidate
customized t shirts supplier,T shirts,Purple Palette,Expanded search variation,India / global,Commercial,High,Not validated; research candidate
customized t shirts manufacturer,T shirts,Purple Palette,Expanded search variation,India / global,Commercial,Medium,Not validated; research candidate
customized t shirts price,T shirts,Purple Palette,Expanded search variation,India / global,Commercial,Medium,Not validated; research candidate
customized t shirts with logo,T shirts,Purple Palette,Expanded search variation,India / global,Commercial,High,Not validated; research candidate
personalized t shirts india,T shirts,Purple Palette,Expanded search variation,India / global,Commercial,High,Not validated; research candidate
personalized t shirts near me,T shirts,Purple Palette,Expanded search variation,India / global,Commercial,Medium,Not validated; research candidate
personalized t shirts online,T shirts,Purple Palette,Expanded search variation,India / global,Commercial,Medium,Not validated; research candidate
personalized t shirts wholesale,T shirts,Purple Palette,Expanded search variation,India / global,Commercial,Medium,Not validated; research candidate
personalized t shirts bulk order,T shirts,Purple Palette,Expanded search variation,India / global,Commercial,High,Not validated; research candidate
personalized t shirts supplier,T shirts,Purple Palette,Expanded search variation,India / global,Commercial,High,Not validated; research candidate
personalized t shirts manufacturer,T shirts,Purple Palette,Expanded search variation,India / global,Commercial,Medium,Not validated; research candidate
personalized t shirts price,T shirts,Purple Palette,Expanded search variation,India / global,Commercial,Medium,Not validated; research candidate
personalized t shirts with logo,T shirts,Purple Palette,Expanded search variation,India / global,Commercial,High,Not validated; research candidate
promotional t shirts india,T shirts,Purple Palette,Expanded search variation,India / global,Commercial,High,Not validated; research candidate
promotional t shirts near me,T shirts,Purple Palette,Expanded search variation,India / global,Commercial,Medium,Not validated; research candidate
promotional t shirts online,T shirts,Purple Palette,Expanded search variation,India / global,Commercial,Medium,Not validated; research candidate
promotional t shirts wholesale,T shirts,Purple Palette,Expanded search variation,India / global,Commercial,Medium,Not validated; research candidate
promotional t shirts bulk order,T shirts,Purple Palette,Expanded search variation,India / global,Commercial,High,Not validated; research candidate
promotional t shirts supplier,T shirts,Purple Palette,Expanded search variation,India / global,Commercial,High,Not validated; research candidate
promotional t shirts manufacturer,T shirts,Purple Palette,Expanded search variation,India / global,Commercial,Medium,Not validated; research candidate
promotional t shirts price,T shirts,Purple Palette,Expanded search variation,India / global,Commercial,Medium,Not validated; research candidate
promotional t shirts with logo,T shirts,Purple Palette,Expanded search variation,India / global,Commercial,High,Not validated; research candidate
corporate t shirts india,T shirts,Purple Palette,Expanded search variation,India / global,Commercial,High,Not validated; research candidate
corporate t shirts near me,T shirts,Purple Palette,Expanded search variation,India / global,Commercial,Medium,Not validated; research candidate
corporate t shirts online,T shirts,Purple Palette,Expanded search variation,India / global,Commercial,Medium,Not validated; research candidate
corporate t shirts wholesale,T shirts,Purple Palette,Expanded search variation,India / global,Commercial,Medium,Not validated; research candidate
corporate t shirts bulk order,T shirts,Purple Palette,Expanded search variation,India / global,Commercial,High,Not validated; research candidate
corporate t shirts supplier,T shirts,Purple Palette,Expanded search variation,India / global,Commercial,High,Not validated; research candidate
corporate t shirts manufacturer,T shirts,Purple Palette,Expanded search variation,India / global,Commercial,Medium,Not validated; research candidate
corporate t shirts price,T shirts,Purple Palette,Expanded search variation,India / global,Commercial,Medium,Not validated; research candidate
corporate t shirts with logo,T shirts,Purple Palette,Expanded search variation,India / global,Commercial,High,Not validated; research candidate
corporate logo t shirts india,T shirts,Purple Palette,Expanded search variation,India / global,Commercial,High,Not validated; research candidate
corporate logo t shirts near me,T shirts,Purple Palette,Expanded search variation,India / global,Commercial,Medium,Not validated; research candidate
corporate logo t shirts online,T shirts,Purple Palette,Expanded search variation,India / global,Commercial,Medium,Not validated; research candidate
corporate logo t shirts wholesale,T shirts,Purple Palette,Expanded search variation,India / global,Commercial,Medium,Not validated; research candidate
corporate logo t shirts bulk order,T shirts,Purple Palette,Expanded search variation,India / global,Commercial,High,Not validated; research candidate
corporate logo t shirts supplier,T shirts,Purple Palette,Expanded search variation,India / global,Commercial,High,Not validated; research candidate
corporate logo t shirts manufacturer,T shirts,Purple Palette,Expanded search variation,India / global,Commercial,Medium,Not validated; research candidate
corporate logo t shirts price,T shirts,Purple Palette,Expanded search variation,India / global,Commercial,Medium,Not validated; research candidate
corporate logo t shirts with logo,T shirts,Purple Palette,Expanded search variation,India / global,Commercial,High,Not validated; research candidate
logo t shirts india,T shirts,Purple Palette,Expanded search variation,India / global,Commercial,High,Not validated; research candidate
logo t shirts near me,T shirts,Purple Palette,Expanded search variation,India / global,Commercial,Medium,Not validated; research candidate
logo t shirts online,T shirts,Purple Palette,Expanded search variation,India / global,Commercial,Medium,Not validated; research candidate
logo t shirts wholesale,T shirts,Purple Palette,Expanded search variation,India / global,Commercial,Medium,Not validated; research candidate
logo t shirts bulk order,T shirts,Purple Palette,Expanded search variation,India / global,Commercial,High,Not validated; research candidate
logo t shirts supplier,T shirts,Purple Palette,Expanded search variation,India / global,Commercial,High,Not validated; research candidate
logo t shirts manufacturer,T shirts,Purple Palette,Expanded search variation,India / global,Commercial,Medium,Not validated; research candidate
logo t shirts price,T shirts,Purple Palette,Expanded search variation,India / global,Commercial,Medium,Not validated; research candidate
logo t shirts with logo,T shirts,Purple Palette,Expanded search variation,India / global,Commercial,High,Not validated; research candidate
branded t shirts india,T shirts,Purple Palette,Expanded search variation,India / global,Commercial,High,Not validated; research candidate
branded t shirts near me,T shirts,Purple Palette,Expanded search variation,India / global,Commercial,Medium,Not validated; research candidate
branded t shirts online,T shirts,Purple Palette,Expanded search variation,India / global,Commercial,Medium,Not validated; research candidate
branded t shirts wholesale,T shirts,Purple Palette,Expanded search variation,India / global,Commercial,Medium,Not validated; research candidate
branded t shirts bulk order,T shirts,Purple Palette,Expanded search variation,India / global,Commercial,High,Not validated; research candidate
branded t shirts supplier,T shirts,Purple Palette,Expanded search variation,India / global,Commercial,High,Not validated; research candidate
branded t shirts manufacturer,T shirts,Purple Palette,Expanded search variation,India / global,Commercial,Medium,Not validated; research candidate
branded t shirts price,T shirts,Purple Palette,Expanded search variation,India / global,Commercial,Medium,Not validated; research candidate
branded t shirts with logo,T shirts,Purple Palette,Expanded search variation,India / global,Commercial,High,Not validated; research candidate
polo t shirts india,T shirts,Purple Palette,Expanded search variation,India / global,Commercial,High,Not validated; research candidate
polo t shirts near me,T shirts,Purple Palette,Expanded search variation,India / global,Commercial,Medium,Not validated; research candidate
polo t shirts online,T shirts,Purple Palette,Expanded search variation,India / global,Commercial,Medium,Not validated; research candidate
polo t shirts wholesale,T shirts,Purple Palette,Expanded search variation,India / global,Commercial,Medium,Not validated; research candidate
polo t shirts bulk order,T shirts,Purple Palette,Expanded search variation,India / global,Commercial,High,Not validated; research candidate
polo t shirts supplier,T shirts,Purple Palette,Expanded search variation,India / global,Commercial,High,Not validated; research candidate
polo t shirts manufacturer,T shirts,Purple Palette,Expanded search variation,India / global,Commercial,Medium,Not validated; research candidate
polo t shirts price,T shirts,Purple Palette,Expanded search variation,India / global,Commercial,Medium,Not validated; research candidate
polo t shirts with logo,T shirts,Purple Palette,Expanded search variation,India / global,Commercial,High,Not validated; research candidate
custom polo t shirts india,T shirts,Purple Palette,Expanded search variation,India / global,Commercial,High,Not validated; research candidate
custom polo t shirts near me,T shirts,Purple Palette,Expanded search variation,India / global,Commercial,Medium,Not validated; research candidate
custom polo t shirts online,T shirts,Purple Palette,Expanded search variation,India / global,Commercial,Medium,Not validated; research candidate
custom polo t shirts wholesale,T shirts,Purple Palette,Expanded search variation,India / global,Commercial,Medium,Not validated; research candidate
custom polo t shirts bulk order,T shirts,Purple Palette,Expanded search variation,India / global,Commercial,High,Not validated; research candidate
custom polo t shirts supplier,T shirts,Purple Palette,Expanded search variation,India / global,Commercial,High,Not validated; research candidate
custom polo t shirts manufacturer,T shirts,Purple Palette,Expanded search variation,India / global,Commercial,Medium,Not validated; research candidate
custom polo t shirts price,T shirts,Purple Palette,Expanded search variation,India / global,Commercial,Medium,Not validated; research candidate
custom polo t shirts with logo,T shirts,Purple Palette,Expanded search variation,India / global,Commercial,High,Not validated; research candidate
oversized t shirts india,T shirts,Purple Palette,Expanded search variation,India / global,Commercial,High,Not validated; research candidate
oversized t shirts near me,T shirts,Purple Palette,Expanded search variation,India / global,Commercial,Medium,Not validated; research candidate
oversized t shirts online,T shirts,Purple Palette,Expanded search variation,India / global,Commercial,Medium,Not validated; research candidate
oversized t shirts wholesale,T shirts,Purple Palette,Expanded search variation,India / global,Commercial,Medium,Not validated; research candidate
oversized t shirts bulk order,T shirts,Purple Palette,Expanded search variation,India / global,Commercial,High,Not validated; research candidate
oversized t shirts supplier,T shirts,Purple Palette,Expanded search variation,India / global,Commercial,High,Not validated; research candidate
oversized t shirts manufacturer,T shirts,Purple Palette,Expanded search variation,India / global,Commercial,Medium,Not validated; research candidate
oversized t shirts price,T shirts,Purple Palette,Expanded search variation,India / global,Commercial,Medium,Not validated; research candidate
oversized t shirts with logo,T shirts,Purple Palette,Expanded search variation,India / global,Commercial,High,Not validated; research candidate
dry fit t shirts india,T shirts,Purple Palette,Expanded search variation,India / global,Commercial,High,Not validated; research candidate
dry fit t shirts near me,T shirts,Purple Palette,Expanded search variation,India / global,Commercial,Medium,Not validated; research candidate
dry fit t shirts online,T shirts,Purple Palette,Expanded search variation,India / global,Commercial,Medium,Not validated; research candidate
dry fit t shirts wholesale,T shirts,Purple Palette,Expanded search variation,India / global,Commercial,Medium,Not validated; research candidate
dry fit t shirts bulk order,T shirts,Purple Palette,Expanded search variation,India / global,Commercial,High,Not validated; research candidate
dry fit t shirts supplier,T shirts,Purple Palette,Expanded search variation,India / global,Commercial,High,Not validated; research candidate
dry fit t shirts manufacturer,T shirts,Purple Palette,Expanded search variation,India / global,Commercial,Medium,Not validated; research candidate
dry fit t shirts price,T shirts,Purple Palette,Expanded search variation,India / global,Commercial,Medium,Not validated; research candidate
dry fit t shirts with logo,T shirts,Purple Palette,Expanded search variation,India / global,Commercial,High,Not validated; research candidate
round neck t shirts india,T shirts,Purple Palette,Expanded search variation,India / global,Commercial,High,Not validated; research candidate
round neck t shirts near me,T shirts,Purple Palette,Expanded search variation,India / global,Commercial,Medium,Not validated; research candidate
round neck t shirts online,T shirts,Purple Palette,Expanded search variation,India / global,Commercial,Medium,Not validated; research candidate
round neck t shirts wholesale,T shirts,Purple Palette,Expanded search variation,India / global,Commercial,Medium,Not validated; research candidate
round neck t shirts bulk order,T shirts,Purple Palette,Expanded search variation,India / global,Commercial,High,Not validated; research candidate
round neck t shirts supplier,T shirts,Purple Palette,Expanded search variation,India / global,Commercial,High,Not validated; research candidate
round neck t shirts manufacturer,T shirts,Purple Palette,Expanded search variation,India / global,Commercial,Medium,Not validated; research candidate
round neck t shirts price,T shirts,Purple Palette,Expanded search variation,India / global,Commercial,Medium,Not validated; research candidate
round neck t shirts with logo,T shirts,Purple Palette,Expanded search variation,India / global,Commercial,High,Not validated; research candidate
collar t shirts india,T shirts,Purple Palette,Expanded search variation,India / global,Commercial,High,Not validated; research candidate
collar t shirts near me,T shirts,Purple Palette,Expanded search variation,India / global,Commercial,Medium,Not validated; research candidate
collar t shirts online,T shirts,Purple Palette,Expanded search variation,India / global,Commercial,Medium,Not validated; research candidate
collar t shirts wholesale,T shirts,Purple Palette,Expanded search variation,India / global,Commercial,Medium,Not validated; research candidate
collar t shirts bulk order,T shirts,Purple Palette,Expanded search variation,India / global,Commercial,High,Not validated; research candidate
collar t shirts supplier,T shirts,Purple Palette,Expanded search variation,India / global,Commercial,High,Not validated; research candidate
collar t shirts manufacturer,T shirts,Purple Palette,Expanded search variation,India / global,Commercial,Medium,Not validated; research candidate
collar t shirts price,T shirts,Purple Palette,Expanded search variation,India / global,Commercial,Medium,Not validated; research candidate
collar t shirts with logo,T shirts,Purple Palette,Expanded search variation,India / global,Commercial,High,Not validated; research candidate
full sleeve t shirts india,T shirts,Purple Palette,Expanded search variation,India / global,Commercial,High,Not validated; research candidate
full sleeve t shirts near me,T shirts,Purple Palette,Expanded search variation,India / global,Commercial,Medium,Not validated; research candidate
full sleeve t shirts online,T shirts,Purple Palette,Expanded search variation,India / global,Commercial,Medium,Not validated; research candidate
full sleeve t shirts wholesale,T shirts,Purple Palette,Expanded search variation,India / global,Commercial,Medium,Not validated; research candidate
full sleeve t shirts bulk order,T shirts,Purple Palette,Expanded search variation,India / global,Commercial,High,Not validated; research candidate
full sleeve t shirts supplier,T shirts,Purple Palette,Expanded search variation,India / global,Commercial,High,Not validated; research candidate
full sleeve t shirts manufacturer,T shirts,Purple Palette,Expanded search variation,India / global,Commercial,Medium,Not validated; research candidate
full sleeve t shirts price,T shirts,Purple Palette,Expanded search variation,India / global,Commercial,Medium,Not validated; research candidate
full sleeve t shirts with logo,T shirts,Purple Palette,Expanded search variation,India / global,Commercial,High,Not validated; research candidate
half sleeve t shirts india,T shirts,Purple Palette,Expanded search variation,India / global,Commercial,High,Not validated; research candidate
half sleeve t shirts near me,T shirts,Purple Palette,Expanded search variation,India / global,Commercial,Medium,Not validated; research candidate
half sleeve t shirts online,T shirts,Purple Palette,Expanded search variation,India / global,Commercial,Medium,Not validated; research candidate
half sleeve t shirts wholesale,T shirts,Purple Palette,Expanded search variation,India / global,Commercial,Medium,Not validated; research candidate
half sleeve t shirts bulk order,T shirts,Purple Palette,Expanded search variation,India / global,Commercial,High,Not validated; research candidate
half sleeve t shirts supplier,T shirts,Purple Palette,Expanded search variation,India / global,Commercial,High,Not validated; research candidate
half sleeve t shirts manufacturer,T shirts,Purple Palette,Expanded search variation,India / global,Commercial,Medium,Not validated; research candidate
half sleeve t shirts price,T shirts,Purple Palette,Expanded search variation,India / global,Commercial,Medium,Not validated; research candidate
half sleeve t shirts with logo,T shirts,Purple Palette,Expanded search variation,India / global,Commercial,High,Not validated; research candidate
sports t shirts india,T shirts,Purple Palette,Expanded search variation,India / global,Commercial,High,Not validated; research candidate
sports t shirts near me,T shirts,Purple Palette,Expanded search variation,India / global,Commercial,Medium,Not validated; research candidate
sports t shirts online,T shirts,Purple Palette,Expanded search variation,India / global,Commercial,Medium,Not validated; research candidate
sports t shirts wholesale,T shirts,Purple Palette,Expanded search variation,India / global,Commercial,Medium,Not validated; research candidate
sports t shirts bulk order,T shirts,Purple Palette,Expanded search variation,India / global,Commercial,High,Not validated; research candidate
sports t shirts supplier,T shirts,Purple Palette,Expanded search variation,India / global,Commercial,High,Not validated; research candidate
sports t shirts manufacturer,T shirts,Purple Palette,Expanded search variation,India / global,Commercial,Medium,Not validated; research candidate
sports t shirts price,T shirts,Purple Palette,Expanded search variation,India / global,Commercial,Medium,Not validated; research candidate
sports t shirts with logo,T shirts,Purple Palette,Expanded search variation,India / global,Commercial,High,Not validated; research candidate
gym t shirts india,T shirts,Purple Palette,Expanded search variation,India / global,Commercial,High,Not validated; research candidate
gym t shirts near me,T shirts,Purple Palette,Expanded search variation,India / global,Commercial,Medium,Not validated; research candidate
gym t shirts online,T shirts,Purple Palette,Expanded search variation,India / global,Commercial,Medium,Not validated; research candidate
gym t shirts wholesale,T shirts,Purple Palette,Expanded search variation,India / global,Commercial,Medium,Not validated; research candidate
gym t shirts bulk order,T shirts,Purple Palette,Expanded search variation,India / global,Commercial,High,Not validated; research candidate
gym t shirts supplier,T shirts,Purple Palette,Expanded search variation,India / global,Commercial,High,Not validated; research candidate
gym t shirts manufacturer,T shirts,Purple Palette,Expanded search variation,India / global,Commercial,Medium,Not validated; research candidate
gym t shirts price,T shirts,Purple Palette,Expanded search variation,India / global,Commercial,Medium,Not validated; research candidate
gym t shirts with logo,T shirts,Purple Palette,Expanded search variation,India / global,Commercial,High,Not validated; research candidate
marathon t shirts india,T shirts,Purple Palette,Expanded search variation,India / global,Commercial,High,Not validated; research candidate
marathon t shirts near me,T shirts,Purple Palette,Expanded search variation,India / global,Commercial,Medium,Not validated; research candidate
marathon t shirts online,T shirts,Purple Palette,Expanded search variation,India / global,Commercial,Medium,Not validated; research candidate
marathon t shirts wholesale,T shirts,Purple Palette,Expanded search variation,India / global,Commercial,Medium,Not validated; research candidate
marathon t shirts bulk order,T shirts,Purple Palette,Expanded search variation,India / global,Commercial,High,Not validated; research candidate
marathon t shirts supplier,T shirts,Purple Palette,Expanded search variation,India / global,Commercial,High,Not validated; research candidate
marathon t shirts manufacturer,T shirts,Purple Palette,Expanded search variation,India / global,Commercial,Medium,Not validated; research candidate
marathon t shirts price,T shirts,Purple Palette,Expanded search variation,India / global,Commercial,Medium,Not validated; research candidate
marathon t shirts with logo,T shirts,Purple Palette,Expanded search variation,India / global,Commercial,High,Not validated; research candidate
election t shirts india,T shirts,Purple Palette,Expanded search variation,India / global,Commercial,High,Not validated; research candidate
election t shirts near me,T shirts,Purple Palette,Expanded search variation,India / global,Commercial,Medium,Not validated; research candidate
election t shirts online,T shirts,Purple Palette,Expanded search variation,India / global,Commercial,Medium,Not validated; research candidate
election t shirts wholesale,T shirts,Purple Palette,Expanded search variation,India / global,Commercial,Medium,Not validated; research candidate
election t shirts bulk order,T shirts,Purple Palette,Expanded search variation,India / global,Commercial,High,Not validated; research candidate
election t shirts supplier,T shirts,Purple Palette,Expanded search variation,India / global,Commercial,High,Not validated; research candidate
election t shirts manufacturer,T shirts,Purple Palette,Expanded search variation,India / global,Commercial,Medium,Not validated; research candidate
election t shirts price,T shirts,Purple Palette,Expanded search variation,India / global,Commercial,Medium,Not validated; research candidate
election t shirts with logo,T shirts,Purple Palette,Expanded search variation,India / global,Commercial,High,Not validated; research candidate
organic cotton t shirts india,T shirts,Purple Palette,Expanded search variation,India / global,Commercial,High,Not validated; research candidate
organic cotton t shirts near me,T shirts,Purple Palette,Expanded search variation,India / global,Commercial,Medium,Not validated; research candidate
organic cotton t shirts online,T shirts,Purple Palette,Expanded search variation,India / global,Commercial,Medium,Not validated; research candidate
organic cotton t shirts wholesale,T shirts,Purple Palette,Expanded search variation,India / global,Commercial,Medium,Not validated; research candidate
organic cotton t shirts bulk order,T shirts,Purple Palette,Expanded search variation,India / global,Commercial,High,Not validated; research candidate
organic cotton t shirts supplier,T shirts,Purple Palette,Expanded search variation,India / global,Commercial,High,Not validated; research candidate
organic cotton t shirts manufacturer,T shirts,Purple Palette,Expanded search variation,India / global,Commercial,Medium,Not validated; research candidate
organic cotton t shirts price,T shirts,Purple Palette,Expanded search variation,India / global,Commercial,Medium,Not validated; research candidate
organic cotton t shirts with logo,T shirts,Purple Palette,Expanded search variation,India / global,Commercial,High,Not validated; research candidate
sublimation t shirts india,T shirts,Purple Palette,Expanded search variation,India / global,Commercial,High,Not validated; research candidate
sublimation t shirts near me,T shirts,Purple Palette,Expanded search variation,India / global,Commercial,Medium,Not validated; research candidate
sublimation t shirts online,T shirts,Purple Palette,Expanded search variation,India / global,Commercial,Medium,Not validated; research candidate
sublimation t shirts wholesale,T shirts,Purple Palette,Expanded search variation,India / global,Commercial,Medium,Not validated; research candidate
sublimation t shirts bulk order,T shirts,Purple Palette,Expanded search variation,India / global,Commercial,High,Not validated; research candidate
sublimation t shirts supplier,T shirts,Purple Palette,Expanded search variation,India / global,Commercial,High,Not validated; research candidate
sublimation t shirts manufacturer,T shirts,Purple Palette,Expanded search variation,India / global,Commercial,Medium,Not validated; research candidate
sublimation t shirts price,T shirts,Purple Palette,Expanded search variation,India / global,Commercial,Medium,Not validated; research candidate
sublimation t shirts with logo,T shirts,Purple Palette,Expanded search variation,India / global,Commercial,High,Not validated; research candidate
digital printed t shirts india,T shirts,Purple Palette,Expanded search variation,India / global,Commercial,High,Not validated; research candidate
digital printed t shirts near me,T shirts,Purple Palette,Expanded search variation,India / global,Commercial,Medium,Not validated; research candidate
digital printed t shirts online,T shirts,Purple Palette,Expanded search variation,India / global,Commercial,Medium,Not validated; research candidate
digital printed t shirts wholesale,T shirts,Purple Palette,Expanded search variation,India / global,Commercial,Medium,Not validated; research candidate
digital printed t shirts bulk order,T shirts,Purple Palette,Expanded search variation,India / global,Commercial,High,Not validated; research candidate
digital printed t shirts supplier,T shirts,Purple Palette,Expanded search variation,India / global,Commercial,High,Not validated; research candidate
digital printed t shirts manufacturer,T shirts,Purple Palette,Expanded search variation,India / global,Commercial,Medium,Not validated; research candidate
digital printed t shirts price,T shirts,Purple Palette,Expanded search variation,India / global,Commercial,Medium,Not validated; research candidate
digital printed t shirts with logo,T shirts,Purple Palette,Expanded search variation,India / global,Commercial,High,Not validated; research candidate
polyester t shirts india,T shirts,Purple Palette,Expanded search variation,India / global,Commercial,High,Not validated; research candidate
polyester t shirts near me,T shirts,Purple Palette,Expanded search variation,India / global,Commercial,Medium,Not validated; research candidate
polyester t shirts online,T shirts,Purple Palette,Expanded search variation,India / global,Commercial,Medium,Not validated; research candidate
polyester t shirts wholesale,T shirts,Purple Palette,Expanded search variation,India / global,Commercial,Medium,Not validated; research candidate
polyester t shirts bulk order,T shirts,Purple Palette,Expanded search variation,India / global,Commercial,High,Not validated; research candidate
polyester t shirts supplier,T shirts,Purple Palette,Expanded search variation,India / global,Commercial,High,Not validated; research candidate
polyester t shirts manufacturer,T shirts,Purple Palette,Expanded search variation,India / global,Commercial,Medium,Not validated; research candidate
polyester t shirts price,T shirts,Purple Palette,Expanded search variation,India / global,Commercial,Medium,Not validated; research candidate
polyester t shirts with logo,T shirts,Purple Palette,Expanded search variation,India / global,Commercial,High,Not validated; research candidate
v neck t shirts india,T shirts,Purple Palette,Expanded search variation,India / global,Commercial,High,Not validated; research candidate
v neck t shirts near me,T shirts,Purple Palette,Expanded search variation,India / global,Commercial,Medium,Not validated; research candidate
v neck t shirts online,T shirts,Purple Palette,Expanded search variation,India / global,Commercial,Medium,Not validated; research candidate
v neck t shirts wholesale,T shirts,Purple Palette,Expanded search variation,India / global,Commercial,Medium,Not validated; research candidate
v neck t shirts bulk order,T shirts,Purple Palette,Expanded search variation,India / global,Commercial,High,Not validated; research candidate
v neck t shirts supplier,T shirts,Purple Palette,Expanded search variation,India / global,Commercial,High,Not validated; research candidate
v neck t shirts manufacturer,T shirts,Purple Palette,Expanded search variation,India / global,Commercial,Medium,Not validated; research candidate
v neck t shirts price,T shirts,Purple Palette,Expanded search variation,India / global,Commercial,Medium,Not validated; research candidate
v neck t shirts with logo,T shirts,Purple Palette,Expanded search variation,India / global,Commercial,High,Not validated; research candidate
yoga t shirts india,T shirts,Purple Palette,Expanded search variation,India / global,Commercial,High,Not validated; research candidate
yoga t shirts near me,T shirts,Purple Palette,Expanded search variation,India / global,Commercial,Medium,Not validated; research candidate
yoga t shirts online,T shirts,Purple Palette,Expanded search variation,India / global,Commercial,Medium,Not validated; research candidate
yoga t shirts wholesale,T shirts,Purple Palette,Expanded search variation,India / global,Commercial,Medium,Not validated; research candidate
yoga t shirts bulk order,T shirts,Purple Palette,Expanded search variation,India / global,Commercial,High,Not validated; research candidate
yoga t shirts supplier,T shirts,Purple Palette,Expanded search variation,India / global,Commercial,High,Not validated; research candidate
yoga t shirts manufacturer,T shirts,Purple Palette,Expanded search variation,India / global,Commercial,Medium,Not validated; research candidate
yoga t shirts price,T shirts,Purple Palette,Expanded search variation,India / global,Commercial,Medium,Not validated; research candidate
yoga t shirts with logo,T shirts,Purple Palette,Expanded search variation,India / global,Commercial,High,Not validated; research candidate
custom hoodies india,Apparel and uniforms,Purple Palette,Expanded search variation,India / global,Commercial,High,Not validated; research candidate
custom hoodies near me,Apparel and uniforms,Purple Palette,Expanded search variation,India / global,Commercial,Medium,Not validated; research candidate
custom hoodies online,Apparel and uniforms,Purple Palette,Expanded search variation,India / global,Commercial,Medium,Not validated; research candidate
custom hoodies wholesale,Apparel and uniforms,Purple Palette,Expanded search variation,India / global,Commercial,Medium,Not validated; research candidate
custom hoodies bulk order,Apparel and uniforms,Purple Palette,Expanded search variation,India / global,Commercial,High,Not validated; research candidate
custom hoodies supplier,Apparel and uniforms,Purple Palette,Expanded search variation,India / global,Commercial,High,Not validated; research candidate
custom hoodies manufacturer,Apparel and uniforms,Purple Palette,Expanded search variation,India / global,Commercial,Medium,Not validated; research candidate
custom hoodies price,Apparel and uniforms,Purple Palette,Expanded search variation,India / global,Commercial,Medium,Not validated; research candidate
custom hoodies with logo,Apparel and uniforms,Purple Palette,Expanded search variation,India / global,Commercial,High,Not validated; research candidate
promotional hoodies india,Apparel and uniforms,Purple Palette,Expanded search variation,India / global,Commercial,High,Not validated; research candidate
promotional hoodies near me,Apparel and uniforms,Purple Palette,Expanded search variation,India / global,Commercial,Medium,Not validated; research candidate
promotional hoodies online,Apparel and uniforms,Purple Palette,Expanded search variation,India / global,Commercial,Medium,Not validated; research candidate
promotional hoodies wholesale,Apparel and uniforms,Purple Palette,Expanded search variation,India / global,Commercial,Medium,Not validated; research candidate
promotional hoodies bulk order,Apparel and uniforms,Purple Palette,Expanded search variation,India / global,Commercial,High,Not validated; research candidate
promotional hoodies supplier,Apparel and uniforms,Purple Palette,Expanded search variation,India / global,Commercial,High,Not validated; research candidate
promotional hoodies manufacturer,Apparel and uniforms,Purple Palette,Expanded search variation,India / global,Commercial,Medium,Not validated; research candidate
promotional hoodies price,Apparel and uniforms,Purple Palette,Expanded search variation,India / global,Commercial,Medium,Not validated; research candidate
promotional hoodies with logo,Apparel and uniforms,Purple Palette,Expanded search variation,India / global,Commercial,High,Not validated; research candidate
corporate hoodies india,Apparel and uniforms,Purple Palette,Expanded search variation,India / global,Commercial,High,Not validated; research candidate
corporate hoodies near me,Apparel and uniforms,Purple Palette,Expanded search variation,India / global,Commercial,Medium,Not validated; research candidate
corporate hoodies online,Apparel and uniforms,Purple Palette,Expanded search variation,India / global,Commercial,Medium,Not validated; research candidate
corporate hoodies wholesale,Apparel and uniforms,Purple Palette,Expanded search variation,India / global,Commercial,Medium,Not validated; research candidate
corporate hoodies bulk order,Apparel and uniforms,Purple Palette,Expanded search variation,India / global,Commercial,High,Not validated; research candidate
corporate hoodies supplier,Apparel and uniforms,Purple Palette,Expanded search variation,India / global,Commercial,High,Not validated; research candidate
corporate hoodies manufacturer,Apparel and uniforms,Purple Palette,Expanded search variation,India / global,Commercial,Medium,Not validated; research candidate
corporate hoodies price,Apparel and uniforms,Purple Palette,Expanded search variation,India / global,Commercial,Medium,Not validated; research candidate
corporate hoodies with logo,Apparel and uniforms,Purple Palette,Expanded search variation,India / global,Commercial,High,Not validated; research candidate
custom sweatshirts india,Apparel and uniforms,Purple Palette,Expanded search variation,India / global,Commercial,High,Not validated; research candidate
custom sweatshirts near me,Apparel and uniforms,Purple Palette,Expanded search variation,India / global,Commercial,Medium,Not validated; research candidate
custom sweatshirts online,Apparel and uniforms,Purple Palette,Expanded search variation,India / global,Commercial,Medium,Not validated; research candidate
custom sweatshirts wholesale,Apparel and uniforms,Purple Palette,Expanded search variation,India / global,Commercial,Medium,Not validated; research candidate
custom sweatshirts bulk order,Apparel and uniforms,Purple Palette,Expanded search variation,India / global,Commercial,High,Not validated; research candidate
custom sweatshirts supplier,Apparel and uniforms,Purple Palette,Expanded search variation,India / global,Commercial,High,Not validated; research candidate
custom sweatshirts manufacturer,Apparel and uniforms,Purple Palette,Expanded search variation,India / global,Commercial,Medium,Not validated; research candidate
custom sweatshirts price,Apparel and uniforms,Purple Palette,Expanded search variation,India / global,Commercial,Medium,Not validated; research candidate
custom sweatshirts with logo,Apparel and uniforms,Purple Palette,Expanded search variation,India / global,Commercial,High,Not validated; research candidate
promotional sweatshirts india,Apparel and uniforms,Purple Palette,Expanded search variation,India / global,Commercial,High,Not validated; research candidate
promotional sweatshirts near me,Apparel and uniforms,Purple Palette,Expanded search variation,India / global,Commercial,Medium,Not validated; research candidate
promotional sweatshirts online,Apparel and uniforms,Purple Palette,Expanded search variation,India / global,Commercial,Medium,Not validated; research candidate
promotional sweatshirts wholesale,Apparel and uniforms,Purple Palette,Expanded search variation,India / global,Commercial,Medium,Not validated; research candidate
promotional sweatshirts bulk order,Apparel and uniforms,Purple Palette,Expanded search variation,India / global,Commercial,High,Not validated; research candidate
promotional sweatshirts supplier,Apparel and uniforms,Purple Palette,Expanded search variation,India / global,Commercial,High,Not validated; research candidate
promotional sweatshirts manufacturer,Apparel and uniforms,Purple Palette,Expanded search variation,India / global,Commercial,Medium,Not validated; research candidate
promotional sweatshirts price,Apparel and uniforms,Purple Palette,Expanded search variation,India / global,Commercial,Medium,Not validated; research candidate
promotional sweatshirts with logo,Apparel and uniforms,Purple Palette,Expanded search variation,India / global,Commercial,High,Not validated; research candidate
corporate sweatshirts india,Apparel and uniforms,Purple Palette,Expanded search variation,India / global,Commercial,High,Not validated; research candidate
corporate sweatshirts near me,Apparel and uniforms,Purple Palette,Expanded search variation,India / global,Commercial,Medium,Not validated; research candidate
corporate sweatshirts online,Apparel and uniforms,Purple Palette,Expanded search variation,India / global,Commercial,Medium,Not validated; research candidate
corporate sweatshirts wholesale,Apparel and uniforms,Purple Palette,Expanded search variation,India / global,Commercial,Medium,Not validated; research candidate
corporate sweatshirts bulk order,Apparel and uniforms,Purple Palette,Expanded search variation,India / global,Commercial,High,Not validated; research candidate
corporate sweatshirts supplier,Apparel and uniforms,Purple Palette,Expanded search variation,India / global,Commercial,High,Not validated; research candidate
corporate sweatshirts manufacturer,Apparel and uniforms,Purple Palette,Expanded search variation,India / global,Commercial,Medium,Not validated; research candidate
corporate sweatshirts price,Apparel and uniforms,Purple Palette,Expanded search variation,India / global,Commercial,Medium,Not validated; research candidate
corporate sweatshirts with logo,Apparel and uniforms,Purple Palette,Expanded search variation,India / global,Commercial,High,Not validated; research candidate
logo sweatshirts india,Apparel and uniforms,Purple Palette,Expanded search variation,India / global,Commercial,High,Not validated; research candidate
logo sweatshirts near me,Apparel and uniforms,Purple Palette,Expanded search variation,India / global,Commercial,Medium,Not validated; research candidate
logo sweatshirts online,Apparel and uniforms,Purple Palette,Expanded search variation,India / global,Commercial,Medium,Not validated; research candidate
logo sweatshirts wholesale,Apparel and uniforms,Purple Palette,Expanded search variation,India / global,Commercial,Medium,Not validated; research candidate
logo sweatshirts bulk order,Apparel and uniforms,Purple Palette,Expanded search variation,India / global,Commercial,High,Not validated; research candidate
logo sweatshirts supplier,Apparel and uniforms,Purple Palette,Expanded search variation,India / global,Commercial,High,Not validated; research candidate
logo sweatshirts manufacturer,Apparel and uniforms,Purple Palette,Expanded search variation,India / global,Commercial,Medium,Not validated; research candidate
logo sweatshirts price,Apparel and uniforms,Purple Palette,Expanded search variation,India / global,Commercial,Medium,Not validated; research candidate
logo sweatshirts with logo,Apparel and uniforms,Purple Palette,Expanded search variation,India / global,Commercial,High,Not validated; research candidate
school uniforms india,Apparel and uniforms,Purple Palette,Expanded search variation,India / global,Commercial,High,Not validated; research candidate
school uniforms near me,Apparel and uniforms,Purple Palette,Expanded search variation,India / global,Commercial,Medium,Not validated; research candidate
school uniforms online,Apparel and uniforms,Purple Palette,Expanded search variation,India / global,Commercial,Medium,Not validated; research candidate
school uniforms wholesale,Apparel and uniforms,Purple Palette,Expanded search variation,India / global,Commercial,Medium,Not validated; research candidate
school uniforms bulk order,Apparel and uniforms,Purple Palette,Expanded search variation,India / global,Commercial,High,Not validated; research candidate
school uniforms supplier,Apparel and uniforms,Purple Palette,Expanded search variation,India / global,Commercial,High,Not validated; research candidate
school uniforms manufacturer,Apparel and uniforms,Purple Palette,Expanded search variation,India / global,Commercial,Medium,Not validated; research candidate
school uniforms price,Apparel and uniforms,Purple Palette,Expanded search variation,India / global,Commercial,Medium,Not validated; research candidate
school uniforms with logo,Apparel and uniforms,Purple Palette,Expanded search variation,India / global,Commercial,High,Not validated; research candidate
corporate uniforms india,Apparel and uniforms,Purple Palette,Expanded search variation,India / global,Commercial,High,Not validated; research candidate
corporate uniforms near me,Apparel and uniforms,Purple Palette,Expanded search variation,India / global,Commercial,Medium,Not validated; research candidate
corporate uniforms online,Apparel and uniforms,Purple Palette,Expanded search variation,India / global,Commercial,Medium,Not validated; research candidate
corporate uniforms wholesale,Apparel and uniforms,Purple Palette,Expanded search variation,India / global,Commercial,Medium,Not validated; research candidate
corporate uniforms bulk order,Apparel and uniforms,Purple Palette,Expanded search variation,India / global,Commercial,High,Not validated; research candidate
corporate uniforms supplier,Apparel and uniforms,Purple Palette,Expanded search variation,India / global,Commercial,High,Not validated; research candidate
corporate uniforms manufacturer,Apparel and uniforms,Purple Palette,Expanded search variation,India / global,Commercial,Medium,Not validated; research candidate
corporate uniforms price,Apparel and uniforms,Purple Palette,Expanded search variation,India / global,Commercial,Medium,Not validated; research candidate
corporate uniforms with logo,Apparel and uniforms,Purple Palette,Expanded search variation,India / global,Commercial,High,Not validated; research candidate
hotel uniforms india,Apparel and uniforms,Purple Palette,Expanded search variation,India / global,Commercial,High,Not validated; research candidate
hotel uniforms near me,Apparel and uniforms,Purple Palette,Expanded search variation,India / global,Commercial,Medium,Not validated; research candidate
hotel uniforms online,Apparel and uniforms,Purple Palette,Expanded search variation,India / global,Commercial,Medium,Not validated; research candidate
hotel uniforms wholesale,Apparel and uniforms,Purple Palette,Expanded search variation,India / global,Commercial,Medium,Not validated; research candidate
hotel uniforms bulk order,Apparel and uniforms,Purple Palette,Expanded search variation,India / global,Commercial,High,Not validated; research candidate
hotel uniforms supplier,Apparel and uniforms,Purple Palette,Expanded search variation,India / global,Commercial,High,Not validated; research candidate
hotel uniforms manufacturer,Apparel and uniforms,Purple Palette,Expanded search variation,India / global,Commercial,Medium,Not validated; research candidate
hotel uniforms price,Apparel and uniforms,Purple Palette,Expanded search variation,India / global,Commercial,Medium,Not validated; research candidate
hotel uniforms with logo,Apparel and uniforms,Purple Palette,Expanded search variation,India / global,Commercial,High,Not validated; research candidate
custom raincoats india,Apparel and uniforms,Purple Palette,Expanded search variation,India / global,Commercial,High,Not validated; research candidate
custom raincoats near me,Apparel and uniforms,Purple Palette,Expanded search variation,India / global,Commercial,Medium,Not validated; research candidate
custom raincoats online,Apparel and uniforms,Purple Palette,Expanded search variation,India / global,Commercial,Medium,Not validated; research candidate
custom raincoats wholesale,Apparel and uniforms,Purple Palette,Expanded search variation,India / global,Commercial,Medium,Not validated; research candidate
custom raincoats bulk order,Apparel and uniforms,Purple Palette,Expanded search variation,India / global,Commercial,High,Not validated; research candidate
custom raincoats supplier,Apparel and uniforms,Purple Palette,Expanded search variation,India / global,Commercial,High,Not validated; research candidate
custom raincoats manufacturer,Apparel and uniforms,Purple Palette,Expanded search variation,India / global,Commercial,Medium,Not validated; research candidate
custom raincoats price,Apparel and uniforms,Purple Palette,Expanded search variation,India / global,Commercial,Medium,Not validated; research candidate
custom raincoats with logo,Apparel and uniforms,Purple Palette,Expanded search variation,India / global,Commercial,High,Not validated; research candidate
promotional rain suits india,Apparel and uniforms,Purple Palette,Expanded search variation,India / global,Commercial,High,Not validated; research candidate
promotional rain suits near me,Apparel and uniforms,Purple Palette,Expanded search variation,India / global,Commercial,Medium,Not validated; research candidate
promotional rain suits online,Apparel and uniforms,Purple Palette,Expanded search variation,India / global,Commercial,Medium,Not validated; research candidate
promotional rain suits wholesale,Apparel and uniforms,Purple Palette,Expanded search variation,India / global,Commercial,Medium,Not validated; research candidate
promotional rain suits bulk order,Apparel and uniforms,Purple Palette,Expanded search variation,India / global,Commercial,High,Not validated; research candidate
promotional rain suits supplier,Apparel and uniforms,Purple Palette,Expanded search variation,India / global,Commercial,High,Not validated; research candidate
promotional rain suits manufacturer,Apparel and uniforms,Purple Palette,Expanded search variation,India / global,Commercial,Medium,Not validated; research candidate
promotional rain suits price,Apparel and uniforms,Purple Palette,Expanded search variation,India / global,Commercial,Medium,Not validated; research candidate
promotional rain suits with logo,Apparel and uniforms,Purple Palette,Expanded search variation,India / global,Commercial,High,Not validated; research candidate
branded windcheaters india,Apparel and uniforms,Purple Palette,Expanded search variation,India / global,Commercial,High,Not validated; research candidate
branded windcheaters near me,Apparel and uniforms,Purple Palette,Expanded search variation,India / global,Commercial,Medium,Not validated; research candidate
branded windcheaters online,Apparel and uniforms,Purple Palette,Expanded search variation,India / global,Commercial,Medium,Not validated; research candidate
branded windcheaters wholesale,Apparel and uniforms,Purple Palette,Expanded search variation,India / global,Commercial,Medium,Not validated; research candidate
branded windcheaters bulk order,Apparel and uniforms,Purple Palette,Expanded search variation,India / global,Commercial,High,Not validated; research candidate
branded windcheaters supplier,Apparel and uniforms,Purple Palette,Expanded search variation,India / global,Commercial,High,Not validated; research candidate
branded windcheaters manufacturer,Apparel and uniforms,Purple Palette,Expanded search variation,India / global,Commercial,Medium,Not validated; research candidate
branded windcheaters price,Apparel and uniforms,Purple Palette,Expanded search variation,India / global,Commercial,Medium,Not validated; research candidate
branded windcheaters with logo,Apparel and uniforms,Purple Palette,Expanded search variation,India / global,Commercial,High,Not validated; research candidate
t shirt printing india,Printing and merchandise,Purple Palette,Expanded search variation,India / global,Commercial,High,Not validated; research candidate
t shirt printing near me,Printing and merchandise,Purple Palette,Expanded search variation,India / global,Commercial,Medium,Not validated; research candidate
t shirt printing online,Printing and merchandise,Purple Palette,Expanded search variation,India / global,Commercial,Medium,Not validated; research candidate
t shirt printing wholesale,Printing and merchandise,Purple Palette,Expanded search variation,India / global,Commercial,Medium,Not validated; research candidate
t shirt printing bulk order,Printing and merchandise,Purple Palette,Expanded search variation,India / global,Commercial,High,Not validated; research candidate
t shirt printing supplier,Printing and merchandise,Purple Palette,Expanded search variation,India / global,Commercial,High,Not validated; research candidate
t shirt printing price,Printing and merchandise,Purple Palette,Expanded search variation,India / global,Commercial,Medium,Not validated; research candidate
t shirt printing with logo,Printing and merchandise,Purple Palette,Expanded search variation,India / global,Commercial,High,Not validated; research candidate
mug printing india,Printing and merchandise,Purple Palette,Expanded search variation,India / global,Commercial,High,Not validated; research candidate
mug printing near me,Printing and merchandise,Purple Palette,Expanded search variation,India / global,Commercial,Medium,Not validated; research candidate
mug printing online,Printing and merchandise,Purple Palette,Expanded search variation,India / global,Commercial,Medium,Not validated; research candidate
mug printing wholesale,Printing and merchandise,Purple Palette,Expanded search variation,India / global,Commercial,Medium,Not validated; research candidate
mug printing bulk order,Printing and merchandise,Purple Palette,Expanded search variation,India / global,Commercial,High,Not validated; research candidate
mug printing supplier,Printing and merchandise,Purple Palette,Expanded search variation,India / global,Commercial,High,Not validated; research candidate
mug printing price,Printing and merchandise,Purple Palette,Expanded search variation,India / global,Commercial,Medium,Not validated; research candidate
mug printing with logo,Printing and merchandise,Purple Palette,Expanded search variation,India / global,Commercial,High,Not validated; research candidate
corporate mug printing india,Printing and merchandise,Purple Palette,Expanded search variation,India / global,Commercial,High,Not validated; research candidate
corporate mug printing near me,Printing and merchandise,Purple Palette,Expanded search variation,India / global,Commercial,Medium,Not validated; research candidate
corporate mug printing online,Printing and merchandise,Purple Palette,Expanded search variation,India / global,Commercial,Medium,Not validated; research candidate
corporate mug printing wholesale,Printing and merchandise,Purple Palette,Expanded search variation,India / global,Commercial,Medium,Not validated; research candidate
corporate mug printing bulk order,Printing and merchandise,Purple Palette,Expanded search variation,India / global,Commercial,High,Not validated; research candidate
corporate mug printing supplier,Printing and merchandise,Purple Palette,Expanded search variation,India / global,Commercial,High,Not validated; research candidate
corporate mug printing price,Printing and merchandise,Purple Palette,Expanded search variation,India / global,Commercial,Medium,Not validated; research candidate
corporate mug printing with logo,Printing and merchandise,Purple Palette,Expanded search variation,India / global,Commercial,High,Not validated; research candidate
custom mug printing india,Printing and merchandise,Purple Palette,Expanded search variation,India / global,Commercial,High,Not validated; research candidate
custom mug printing near me,Printing and merchandise,Purple Palette,Expanded search variation,India / global,Commercial,Medium,Not validated; research candidate
custom mug printing online,Printing and merchandise,Purple Palette,Expanded search variation,India / global,Commercial,Medium,Not validated; research candidate
custom mug printing wholesale,Printing and merchandise,Purple Palette,Expanded search variation,India / global,Commercial,Medium,Not validated; research candidate
custom mug printing bulk order,Printing and merchandise,Purple Palette,Expanded search variation,India / global,Commercial,High,Not validated; research candidate
custom mug printing supplier,Printing and merchandise,Purple Palette,Expanded search variation,India / global,Commercial,High,Not validated; research candidate
custom mug printing price,Printing and merchandise,Purple Palette,Expanded search variation,India / global,Commercial,Medium,Not validated; research candidate
custom mug printing with logo,Printing and merchandise,Purple Palette,Expanded search variation,India / global,Commercial,High,Not validated; research candidate
cap printing india,Printing and merchandise,Purple Palette,Expanded search variation,India / global,Commercial,High,Not validated; research candidate
cap printing near me,Printing and merchandise,Purple Palette,Expanded search variation,India / global,Commercial,Medium,Not validated; research candidate
cap printing online,Printing and merchandise,Purple Palette,Expanded search variation,India / global,Commercial,Medium,Not validated; research candidate
cap printing wholesale,Printing and merchandise,Purple Palette,Expanded search variation,India / global,Commercial,Medium,Not validated; research candidate
cap printing bulk order,Printing and merchandise,Purple Palette,Expanded search variation,India / global,Commercial,High,Not validated; research candidate
cap printing supplier,Printing and merchandise,Purple Palette,Expanded search variation,India / global,Commercial,High,Not validated; research candidate
cap printing price,Printing and merchandise,Purple Palette,Expanded search variation,India / global,Commercial,Medium,Not validated; research candidate
cap printing with logo,Printing and merchandise,Purple Palette,Expanded search variation,India / global,Commercial,High,Not validated; research candidate
custom notebook printing india,Printing and merchandise,Purple Palette,Expanded search variation,India / global,Commercial,High,Not validated; research candidate
custom notebook printing near me,Printing and merchandise,Purple Palette,Expanded search variation,India / global,Commercial,Medium,Not validated; research candidate
custom notebook printing online,Printing and merchandise,Purple Palette,Expanded search variation,India / global,Commercial,Medium,Not validated; research candidate
custom notebook printing wholesale,Printing and merchandise,Purple Palette,Expanded search variation,India / global,Commercial,Medium,Not validated; research candidate
custom notebook printing bulk order,Printing and merchandise,Purple Palette,Expanded search variation,India / global,Commercial,High,Not validated; research candidate
custom notebook printing supplier,Printing and merchandise,Purple Palette,Expanded search variation,India / global,Commercial,High,Not validated; research candidate
custom notebook printing price,Printing and merchandise,Purple Palette,Expanded search variation,India / global,Commercial,Medium,Not validated; research candidate
custom notebook printing with logo,Printing and merchandise,Purple Palette,Expanded search variation,India / global,Commercial,High,Not validated; research candidate
spiral notebook printing india,Printing and merchandise,Purple Palette,Expanded search variation,India / global,Commercial,High,Not validated; research candidate
spiral notebook printing near me,Printing and merchandise,Purple Palette,Expanded search variation,India / global,Commercial,Medium,Not validated; research candidate
spiral notebook printing online,Printing and merchandise,Purple Palette,Expanded search variation,India / global,Commercial,Medium,Not validated; research candidate
spiral notebook printing wholesale,Printing and merchandise,Purple Palette,Expanded search variation,India / global,Commercial,Medium,Not validated; research candidate
spiral notebook printing bulk order,Printing and merchandise,Purple Palette,Expanded search variation,India / global,Commercial,High,Not validated; research candidate
spiral notebook printing supplier,Printing and merchandise,Purple Palette,Expanded search variation,India / global,Commercial,High,Not validated; research candidate
spiral notebook printing price,Printing and merchandise,Purple Palette,Expanded search variation,India / global,Commercial,Medium,Not validated; research candidate
spiral notebook printing with logo,Printing and merchandise,Purple Palette,Expanded search variation,India / global,Commercial,High,Not validated; research candidate
diary printing india,Printing and merchandise,Purple Palette,Expanded search variation,India / global,Commercial,High,Not validated; research candidate
diary printing near me,Printing and merchandise,Purple Palette,Expanded search variation,India / global,Commercial,Medium,Not validated; research candidate
diary printing online,Printing and merchandise,Purple Palette,Expanded search variation,India / global,Commercial,Medium,Not validated; research candidate
diary printing wholesale,Printing and merchandise,Purple Palette,Expanded search variation,India / global,Commercial,Medium,Not validated; research candidate
diary printing bulk order,Printing and merchandise,Purple Palette,Expanded search variation,India / global,Commercial,High,Not validated; research candidate
diary printing supplier,Printing and merchandise,Purple Palette,Expanded search variation,India / global,Commercial,High,Not validated; research candidate
diary printing price,Printing and merchandise,Purple Palette,Expanded search variation,India / global,Commercial,Medium,Not validated; research candidate
diary printing with logo,Printing and merchandise,Purple Palette,Expanded search variation,India / global,Commercial,High,Not validated; research candidate
calendar printing india,Printing and merchandise,Purple Palette,Expanded search variation,India / global,Commercial,High,Not validated; research candidate
calendar printing near me,Printing and merchandise,Purple Palette,Expanded search variation,India / global,Commercial,Medium,Not validated; research candidate
calendar printing online,Printing and merchandise,Purple Palette,Expanded search variation,India / global,Commercial,Medium,Not validated; research candidate
calendar printing wholesale,Printing and merchandise,Purple Palette,Expanded search variation,India / global,Commercial,Medium,Not validated; research candidate
calendar printing bulk order,Printing and merchandise,Purple Palette,Expanded search variation,India / global,Commercial,High,Not validated; research candidate
calendar printing supplier,Printing and merchandise,Purple Palette,Expanded search variation,India / global,Commercial,High,Not validated; research candidate
calendar printing price,Printing and merchandise,Purple Palette,Expanded search variation,India / global,Commercial,Medium,Not validated; research candidate
calendar printing with logo,Printing and merchandise,Purple Palette,Expanded search variation,India / global,Commercial,High,Not validated; research candidate
table calendar printing india,Printing and merchandise,Purple Palette,Expanded search variation,India / global,Commercial,High,Not validated; research candidate
table calendar printing near me,Printing and merchandise,Purple Palette,Expanded search variation,India / global,Commercial,Medium,Not validated; research candidate
table calendar printing online,Printing and merchandise,Purple Palette,Expanded search variation,India / global,Commercial,Medium,Not validated; research candidate
table calendar printing wholesale,Printing and merchandise,Purple Palette,Expanded search variation,India / global,Commercial,Medium,Not validated; research candidate
table calendar printing bulk order,Printing and merchandise,Purple Palette,Expanded search variation,India / global,Commercial,High,Not validated; research candidate
table calendar printing supplier,Printing and merchandise,Purple Palette,Expanded search variation,India / global,Commercial,High,Not validated; research candidate
table calendar printing price,Printing and merchandise,Purple Palette,Expanded search variation,India / global,Commercial,Medium,Not validated; research candidate
table calendar printing with logo,Printing and merchandise,Purple Palette,Expanded search variation,India / global,Commercial,High,Not validated; research candidate
promotional keychain printing india,Printing and merchandise,Purple Palette,Expanded search variation,India / global,Commercial,High,Not validated; research candidate
promotional keychain printing near me,Printing and merchandise,Purple Palette,Expanded search variation,India / global,Commercial,Medium,Not validated; research candidate
promotional keychain printing online,Printing and merchandise,Purple Palette,Expanded search variation,India / global,Commercial,Medium,Not validated; research candidate
promotional keychain printing wholesale,Printing and merchandise,Purple Palette,Expanded search variation,India / global,Commercial,Medium,Not validated; research candidate
promotional keychain printing bulk order,Printing and merchandise,Purple Palette,Expanded search variation,India / global,Commercial,High,Not validated; research candidate
promotional keychain printing supplier,Printing and merchandise,Purple Palette,Expanded search variation,India / global,Commercial,High,Not validated; research candidate
promotional keychain printing price,Printing and merchandise,Purple Palette,Expanded search variation,India / global,Commercial,Medium,Not validated; research candidate
promotional keychain printing with logo,Printing and merchandise,Purple Palette,Expanded search variation,India / global,Commercial,High,Not validated; research candidate
mouse pad printing india,Printing and merchandise,Purple Palette,Expanded search variation,India / global,Commercial,High,Not validated; research candidate
mouse pad printing near me,Printing and merchandise,Purple Palette,Expanded search variation,India / global,Commercial,Medium,Not validated; research candidate
mouse pad printing online,Printing and merchandise,Purple Palette,Expanded search variation,India / global,Commercial,Medium,Not validated; research candidate
mouse pad printing wholesale,Printing and merchandise,Purple Palette,Expanded search variation,India / global,Commercial,Medium,Not validated; research candidate
mouse pad printing bulk order,Printing and merchandise,Purple Palette,Expanded search variation,India / global,Commercial,High,Not validated; research candidate
mouse pad printing supplier,Printing and merchandise,Purple Palette,Expanded search variation,India / global,Commercial,High,Not validated; research candidate
mouse pad printing price,Printing and merchandise,Purple Palette,Expanded search variation,India / global,Commercial,Medium,Not validated; research candidate
mouse pad printing with logo,Printing and merchandise,Purple Palette,Expanded search variation,India / global,Commercial,High,Not validated; research candidate
sticky note pad printing india,Printing and merchandise,Purple Palette,Expanded search variation,India / global,Commercial,High,Not validated; research candidate
sticky note pad printing near me,Printing and merchandise,Purple Palette,Expanded search variation,India / global,Commercial,Medium,Not validated; research candidate
sticky note pad printing online,Printing and merchandise,Purple Palette,Expanded search variation,India / global,Commercial,Medium,Not validated; research candidate
sticky note pad printing wholesale,Printing and merchandise,Purple Palette,Expanded search variation,India / global,Commercial,Medium,Not validated; research candidate
sticky note pad printing bulk order,Printing and merchandise,Purple Palette,Expanded search variation,India / global,Commercial,High,Not validated; research candidate
sticky note pad printing supplier,Printing and merchandise,Purple Palette,Expanded search variation,India / global,Commercial,High,Not validated; research candidate
sticky note pad printing price,Printing and merchandise,Purple Palette,Expanded search variation,India / global,Commercial,Medium,Not validated; research candidate
sticky note pad printing with logo,Printing and merchandise,Purple Palette,Expanded search variation,India / global,Commercial,High,Not validated; research candidate
sipper bottle printing india,Printing and merchandise,Purple Palette,Expanded search variation,India / global,Commercial,High,Not validated; research candidate
sipper bottle printing near me,Printing and merchandise,Purple Palette,Expanded search variation,India / global,Commercial,Medium,Not validated; research candidate
sipper bottle printing online,Printing and merchandise,Purple Palette,Expanded search variation,India / global,Commercial,Medium,Not validated; research candidate
sipper bottle printing wholesale,Printing and merchandise,Purple Palette,Expanded search variation,India / global,Commercial,Medium,Not validated; research candidate
sipper bottle printing bulk order,Printing and merchandise,Purple Palette,Expanded search variation,India / global,Commercial,High,Not validated; research candidate
sipper bottle printing supplier,Printing and merchandise,Purple Palette,Expanded search variation,India / global,Commercial,High,Not validated; research candidate
sipper bottle printing price,Printing and merchandise,Purple Palette,Expanded search variation,India / global,Commercial,Medium,Not validated; research candidate
sipper bottle printing with logo,Printing and merchandise,Purple Palette,Expanded search variation,India / global,Commercial,High,Not validated; research candidate
laptop bag printing india,Printing and merchandise,Purple Palette,Expanded search variation,India / global,Commercial,High,Not validated; research candidate
laptop bag printing near me,Printing and merchandise,Purple Palette,Expanded search variation,India / global,Commercial,Medium,Not validated; research candidate
laptop bag printing online,Printing and merchandise,Purple Palette,Expanded search variation,India / global,Commercial,Medium,Not validated; research candidate
laptop bag printing wholesale,Printing and merchandise,Purple Palette,Expanded search variation,India / global,Commercial,Medium,Not validated; research candidate
laptop bag printing bulk order,Printing and merchandise,Purple Palette,Expanded search variation,India / global,Commercial,High,Not validated; research candidate
laptop bag printing supplier,Printing and merchandise,Purple Palette,Expanded search variation,India / global,Commercial,High,Not validated; research candidate
laptop bag printing price,Printing and merchandise,Purple Palette,Expanded search variation,India / global,Commercial,Medium,Not validated; research candidate
laptop bag printing with logo,Printing and merchandise,Purple Palette,Expanded search variation,India / global,Commercial,High,Not validated; research candidate
custom tote bag printing india,Printing and merchandise,Purple Palette,Expanded search variation,India / global,Commercial,High,Not validated; research candidate
custom tote bag printing near me,Printing and merchandise,Purple Palette,Expanded search variation,India / global,Commercial,Medium,Not validated; research candidate
custom tote bag printing online,Printing and merchandise,Purple Palette,Expanded search variation,India / global,Commercial,Medium,Not validated; research candidate
custom tote bag printing wholesale,Printing and merchandise,Purple Palette,Expanded search variation,India / global,Commercial,Medium,Not validated; research candidate
custom tote bag printing bulk order,Printing and merchandise,Purple Palette,Expanded search variation,India / global,Commercial,High,Not validated; research candidate
custom tote bag printing supplier,Printing and merchandise,Purple Palette,Expanded search variation,India / global,Commercial,High,Not validated; research candidate
custom tote bag printing price,Printing and merchandise,Purple Palette,Expanded search variation,India / global,Commercial,Medium,Not validated; research candidate
custom tote bag printing with logo,Printing and merchandise,Purple Palette,Expanded search variation,India / global,Commercial,High,Not validated; research candidate
logo printing on gifts india,Printing and merchandise,Purple Palette,Expanded search variation,India / global,Commercial,High,Not validated; research candidate
logo printing on gifts near me,Printing and merchandise,Purple Palette,Expanded search variation,India / global,Commercial,Medium,Not validated; research candidate
logo printing on gifts online,Printing and merchandise,Purple Palette,Expanded search variation,India / global,Commercial,Medium,Not validated; research candidate
logo printing on gifts wholesale,Printing and merchandise,Purple Palette,Expanded search variation,India / global,Commercial,Medium,Not validated; research candidate
logo printing on gifts bulk order,Printing and merchandise,Purple Palette,Expanded search variation,India / global,Commercial,High,Not validated; research candidate
logo printing on gifts supplier,Printing and merchandise,Purple Palette,Expanded search variation,India / global,Commercial,High,Not validated; research candidate
logo printing on gifts price,Printing and merchandise,Purple Palette,Expanded search variation,India / global,Commercial,Medium,Not validated; research candidate
logo printing on gifts with logo,Printing and merchandise,Purple Palette,Expanded search variation,India / global,Commercial,High,Not validated; research candidate
card pendrive printing india,Printing and merchandise,Purple Palette,Expanded search variation,India / global,Commercial,High,Not validated; research candidate
card pendrive printing near me,Printing and merchandise,Purple Palette,Expanded search variation,India / global,Commercial,Medium,Not validated; research candidate
card pendrive printing online,Printing and merchandise,Purple Palette,Expanded search variation,India / global,Commercial,Medium,Not validated; research candidate
card pendrive printing wholesale,Printing and merchandise,Purple Palette,Expanded search variation,India / global,Commercial,Medium,Not validated; research candidate
card pendrive printing bulk order,Printing and merchandise,Purple Palette,Expanded search variation,India / global,Commercial,High,Not validated; research candidate
card pendrive printing supplier,Printing and merchandise,Purple Palette,Expanded search variation,India / global,Commercial,High,Not validated; research candidate
card pendrive printing price,Printing and merchandise,Purple Palette,Expanded search variation,India / global,Commercial,Medium,Not validated; research candidate
card pendrive printing with logo,Printing and merchandise,Purple Palette,Expanded search variation,India / global,Commercial,High,Not validated; research candidate
branded laptop backpacks india,Printing and merchandise,Purple Palette,Expanded search variation,India / global,Commercial,High,Not validated; research candidate
branded laptop backpacks near me,Printing and merchandise,Purple Palette,Expanded search variation,India / global,Commercial,Medium,Not validated; research candidate
branded laptop backpacks online,Printing and merchandise,Purple Palette,Expanded search variation,India / global,Commercial,Medium,Not validated; research candidate
branded laptop backpacks wholesale,Printing and merchandise,Purple Palette,Expanded search variation,India / global,Commercial,Medium,Not validated; research candidate
branded laptop backpacks bulk order,Printing and merchandise,Purple Palette,Expanded search variation,India / global,Commercial,High,Not validated; research candidate
branded laptop backpacks supplier,Printing and merchandise,Purple Palette,Expanded search variation,India / global,Commercial,High,Not validated; research candidate
branded laptop backpacks manufacturer,Printing and merchandise,Purple Palette,Expanded search variation,India / global,Commercial,Medium,Not validated; research candidate
branded laptop backpacks price,Printing and merchandise,Purple Palette,Expanded search variation,India / global,Commercial,Medium,Not validated; research candidate
branded laptop backpacks with logo,Printing and merchandise,Purple Palette,Expanded search variation,India / global,Commercial,High,Not validated; research candidate
desk organizers india,Printing and merchandise,Purple Palette,Expanded search variation,India / global,Commercial,High,Not validated; research candidate
desk organizers near me,Printing and merchandise,Purple Palette,Expanded search variation,India / global,Commercial,Medium,Not validated; research candidate
desk organizers online,Printing and merchandise,Purple Palette,Expanded search variation,India / global,Commercial,Medium,Not validated; research candidate
desk organizers wholesale,Printing and merchandise,Purple Palette,Expanded search variation,India / global,Commercial,Medium,Not validated; research candidate
desk organizers bulk order,Printing and merchandise,Purple Palette,Expanded search variation,India / global,Commercial,High,Not validated; research candidate
desk organizers supplier,Printing and merchandise,Purple Palette,Expanded search variation,India / global,Commercial,High,Not validated; research candidate
desk organizers manufacturer,Printing and merchandise,Purple Palette,Expanded search variation,India / global,Commercial,Medium,Not validated; research candidate
desk organizers price,Printing and merchandise,Purple Palette,Expanded search variation,India / global,Commercial,Medium,Not validated; research candidate
desk organizers with logo,Printing and merchandise,Purple Palette,Expanded search variation,India / global,Commercial,High,Not validated; research candidate
custom travel mugs india,Printing and merchandise,Purple Palette,Expanded search variation,India / global,Commercial,High,Not validated; research candidate
custom travel mugs near me,Printing and merchandise,Purple Palette,Expanded search variation,India / global,Commercial,Medium,Not validated; research candidate
custom travel mugs online,Printing and merchandise,Purple Palette,Expanded search variation,India / global,Commercial,Medium,Not validated; research candidate
custom travel mugs wholesale,Printing and merchandise,Purple Palette,Expanded search variation,India / global,Commercial,Medium,Not validated; research candidate
custom travel mugs bulk order,Printing and merchandise,Purple Palette,Expanded search variation,India / global,Commercial,High,Not validated; research candidate
custom travel mugs supplier,Printing and merchandise,Purple Palette,Expanded search variation,India / global,Commercial,High,Not validated; research candidate
custom travel mugs manufacturer,Printing and merchandise,Purple Palette,Expanded search variation,India / global,Commercial,Medium,Not validated; research candidate
custom travel mugs price,Printing and merchandise,Purple Palette,Expanded search variation,India / global,Commercial,Medium,Not validated; research candidate
custom travel mugs with logo,Printing and merchandise,Purple Palette,Expanded search variation,India / global,Commercial,High,Not validated; research candidate
business card printing india,Business stationery,Printo,Expanded search variation,India / global,Commercial,High,Not validated; research candidate
business card printing near me,Business stationery,Printo,Expanded search variation,India / global,Commercial,Medium,Not validated; research candidate
business card printing online,Business stationery,Printo,Expanded search variation,India / global,Commercial,Medium,Not validated; research candidate
business card printing wholesale,Business stationery,Printo,Expanded search variation,India / global,Commercial,Medium,Not validated; research candidate
business card printing bulk order,Business stationery,Printo,Expanded search variation,India / global,Commercial,High,Not validated; research candidate
business card printing supplier,Business stationery,Printo,Expanded search variation,India / global,Commercial,High,Not validated; research candidate
business card printing price,Business stationery,Printo,Expanded search variation,India / global,Commercial,Medium,Not validated; research candidate
business card printing with logo,Business stationery,Printo,Expanded search variation,India / global,Commercial,High,Not validated; research candidate
visiting card printing india,Business stationery,Printo,Expanded search variation,India / global,Commercial,High,Not validated; research candidate
visiting card printing near me,Business stationery,Printo,Expanded search variation,India / global,Commercial,Medium,Not validated; research candidate
visiting card printing online,Business stationery,Printo,Expanded search variation,India / global,Commercial,Medium,Not validated; research candidate
visiting card printing wholesale,Business stationery,Printo,Expanded search variation,India / global,Commercial,Medium,Not validated; research candidate
visiting card printing bulk order,Business stationery,Printo,Expanded search variation,India / global,Commercial,High,Not validated; research candidate
visiting card printing supplier,Business stationery,Printo,Expanded search variation,India / global,Commercial,High,Not validated; research candidate
visiting card printing price,Business stationery,Printo,Expanded search variation,India / global,Commercial,Medium,Not validated; research candidate
visiting card printing with logo,Business stationery,Printo,Expanded search variation,India / global,Commercial,High,Not validated; research candidate
letterhead printing india,Business stationery,Printo,Expanded search variation,India / global,Commercial,High,Not validated; research candidate
letterhead printing near me,Business stationery,Printo,Expanded search variation,India / global,Commercial,Medium,Not validated; research candidate
letterhead printing online,Business stationery,Printo,Expanded search variation,India / global,Commercial,Medium,Not validated; research candidate
letterhead printing wholesale,Business stationery,Printo,Expanded search variation,India / global,Commercial,Medium,Not validated; research candidate
letterhead printing bulk order,Business stationery,Printo,Expanded search variation,India / global,Commercial,High,Not validated; research candidate
letterhead printing supplier,Business stationery,Printo,Expanded search variation,India / global,Commercial,High,Not validated; research candidate
letterhead printing price,Business stationery,Printo,Expanded search variation,India / global,Commercial,Medium,Not validated; research candidate
letterhead printing with logo,Business stationery,Printo,Expanded search variation,India / global,Commercial,High,Not validated; research candidate
envelope printing india,Business stationery,Printo,Expanded search variation,India / global,Commercial,High,Not validated; research candidate
envelope printing near me,Business stationery,Printo,Expanded search variation,India / global,Commercial,Medium,Not validated; research candidate
envelope printing online,Business stationery,Printo,Expanded search variation,India / global,Commercial,Medium,Not validated; research candidate
envelope printing wholesale,Business stationery,Printo,Expanded search variation,India / global,Commercial,Medium,Not validated; research candidate
envelope printing bulk order,Business stationery,Printo,Expanded search variation,India / global,Commercial,High,Not validated; research candidate
envelope printing supplier,Business stationery,Printo,Expanded search variation,India / global,Commercial,High,Not validated; research candidate
envelope printing price,Business stationery,Printo,Expanded search variation,India / global,Commercial,Medium,Not validated; research candidate
envelope printing with logo,Business stationery,Printo,Expanded search variation,India / global,Commercial,High,Not validated; research candidate
rubber stamp printing india,Business stationery,Printo,Expanded search variation,India / global,Commercial,High,Not validated; research candidate
rubber stamp printing near me,Business stationery,Printo,Expanded search variation,India / global,Commercial,Medium,Not validated; research candidate
rubber stamp printing online,Business stationery,Printo,Expanded search variation,India / global,Commercial,Medium,Not validated; research candidate
rubber stamp printing wholesale,Business stationery,Printo,Expanded search variation,India / global,Commercial,Medium,Not validated; research candidate
rubber stamp printing bulk order,Business stationery,Printo,Expanded search variation,India / global,Commercial,High,Not validated; research candidate
rubber stamp printing supplier,Business stationery,Printo,Expanded search variation,India / global,Commercial,High,Not validated; research candidate
rubber stamp printing price,Business stationery,Printo,Expanded search variation,India / global,Commercial,Medium,Not validated; research candidate
rubber stamp printing with logo,Business stationery,Printo,Expanded search variation,India / global,Commercial,High,Not validated; research candidate
bill book printing india,Business stationery,Printo,Expanded search variation,India / global,Commercial,High,Not validated; research candidate
bill book printing near me,Business stationery,Printo,Expanded search variation,India / global,Commercial,Medium,Not validated; research candidate
bill book printing online,Business stationery,Printo,Expanded search variation,India / global,Commercial,Medium,Not validated; research candidate
bill book printing wholesale,Business stationery,Printo,Expanded search variation,India / global,Commercial,Medium,Not validated; research candidate
bill book printing bulk order,Business stationery,Printo,Expanded search variation,India / global,Commercial,High,Not validated; research candidate
bill book printing supplier,Business stationery,Printo,Expanded search variation,India / global,Commercial,High,Not validated; research candidate
bill book printing price,Business stationery,Printo,Expanded search variation,India / global,Commercial,Medium,Not validated; research candidate
bill book printing with logo,Business stationery,Printo,Expanded search variation,India / global,Commercial,High,Not validated; research candidate
receipt book printing india,Business stationery,Printo,Expanded search variation,India / global,Commercial,High,Not validated; research candidate
receipt book printing near me,Business stationery,Printo,Expanded search variation,India / global,Commercial,Medium,Not validated; research candidate
receipt book printing online,Business stationery,Printo,Expanded search variation,India / global,Commercial,Medium,Not validated; research candidate
receipt book printing wholesale,Business stationery,Printo,Expanded search variation,India / global,Commercial,Medium,Not validated; research candidate
receipt book printing bulk order,Business stationery,Printo,Expanded search variation,India / global,Commercial,High,Not validated; research candidate
receipt book printing supplier,Business stationery,Printo,Expanded search variation,India / global,Commercial,High,Not validated; research candidate
receipt book printing price,Business stationery,Printo,Expanded search variation,India / global,Commercial,Medium,Not validated; research candidate
receipt book printing with logo,Business stationery,Printo,Expanded search variation,India / global,Commercial,High,Not validated; research candidate
notepad printing india,Business stationery,Printo,Expanded search variation,India / global,Commercial,High,Not validated; research candidate
notepad printing near me,Business stationery,Printo,Expanded search variation,India / global,Commercial,Medium,Not validated; research candidate
notepad printing online,Business stationery,Printo,Expanded search variation,India / global,Commercial,Medium,Not validated; research candidate
notepad printing wholesale,Business stationery,Printo,Expanded search variation,India / global,Commercial,Medium,Not validated; research candidate
notepad printing bulk order,Business stationery,Printo,Expanded search variation,India / global,Commercial,High,Not validated; research candidate
notepad printing supplier,Business stationery,Printo,Expanded search variation,India / global,Commercial,High,Not validated; research candidate
notepad printing price,Business stationery,Printo,Expanded search variation,India / global,Commercial,Medium,Not validated; research candidate
notepad printing with logo,Business stationery,Printo,Expanded search variation,India / global,Commercial,High,Not validated; research candidate
presentation folder printing india,Business stationery,Printo,Expanded search variation,India / global,Commercial,High,Not validated; research candidate
presentation folder printing near me,Business stationery,Printo,Expanded search variation,India / global,Commercial,Medium,Not validated; research candidate
presentation folder printing online,Business stationery,Printo,Expanded search variation,India / global,Commercial,Medium,Not validated; research candidate
presentation folder printing wholesale,Business stationery,Printo,Expanded search variation,India / global,Commercial,Medium,Not validated; research candidate
presentation folder printing bulk order,Business stationery,Printo,Expanded search variation,India / global,Commercial,High,Not validated; research candidate
presentation folder printing supplier,Business stationery,Printo,Expanded search variation,India / global,Commercial,High,Not validated; research candidate
presentation folder printing price,Business stationery,Printo,Expanded search variation,India / global,Commercial,Medium,Not validated; research candidate
presentation folder printing with logo,Business stationery,Printo,Expanded search variation,India / global,Commercial,High,Not validated; research candidate
id card printing india,Business stationery,Printo,Expanded search variation,India / global,Commercial,High,Not validated; research candidate
id card printing near me,Business stationery,Printo,Expanded search variation,India / global,Commercial,Medium,Not validated; research candidate
id card printing online,Business stationery,Printo,Expanded search variation,India / global,Commercial,Medium,Not validated; research candidate
id card printing wholesale,Business stationery,Printo,Expanded search variation,India / global,Commercial,Medium,Not validated; research candidate
id card printing bulk order,Business stationery,Printo,Expanded search variation,India / global,Commercial,High,Not validated; research candidate
id card printing supplier,Business stationery,Printo,Expanded search variation,India / global,Commercial,High,Not validated; research candidate
id card printing price,Business stationery,Printo,Expanded search variation,India / global,Commercial,Medium,Not validated; research candidate
id card printing with logo,Business stationery,Printo,Expanded search variation,India / global,Commercial,High,Not validated; research candidate
lanyard printing india,Business stationery,Printo,Expanded search variation,India / global,Commercial,High,Not validated; research candidate
lanyard printing near me,Business stationery,Printo,Expanded search variation,India / global,Commercial,Medium,Not validated; research candidate
lanyard printing online,Business stationery,Printo,Expanded search variation,India / global,Commercial,Medium,Not validated; research candidate
lanyard printing wholesale,Business stationery,Printo,Expanded search variation,India / global,Commercial,Medium,Not validated; research candidate
lanyard printing bulk order,Business stationery,Printo,Expanded search variation,India / global,Commercial,High,Not validated; research candidate
lanyard printing supplier,Business stationery,Printo,Expanded search variation,India / global,Commercial,High,Not validated; research candidate
lanyard printing price,Business stationery,Printo,Expanded search variation,India / global,Commercial,Medium,Not validated; research candidate
lanyard printing with logo,Business stationery,Printo,Expanded search variation,India / global,Commercial,High,Not validated; research candidate
certificate printing india,Business stationery,Printo,Expanded search variation,India / global,Commercial,High,Not validated; research candidate
certificate printing near me,Business stationery,Printo,Expanded search variation,India / global,Commercial,Medium,Not validated; research candidate
certificate printing online,Business stationery,Printo,Expanded search variation,India / global,Commercial,Medium,Not validated; research candidate
certificate printing wholesale,Business stationery,Printo,Expanded search variation,India / global,Commercial,Medium,Not validated; research candidate
certificate printing bulk order,Business stationery,Printo,Expanded search variation,India / global,Commercial,High,Not validated; research candidate
certificate printing supplier,Business stationery,Printo,Expanded search variation,India / global,Commercial,High,Not validated; research candidate
certificate printing price,Business stationery,Printo,Expanded search variation,India / global,Commercial,Medium,Not validated; research candidate
certificate printing with logo,Business stationery,Printo,Expanded search variation,India / global,Commercial,High,Not validated; research candidate
business stationery printing india,Business stationery,Printo,Expanded search variation,India / global,Commercial,High,Not validated; research candidate
business stationery printing near me,Business stationery,Printo,Expanded search variation,India / global,Commercial,Medium,Not validated; research candidate
business stationery printing online,Business stationery,Printo,Expanded search variation,India / global,Commercial,Medium,Not validated; research candidate
business stationery printing wholesale,Business stationery,Printo,Expanded search variation,India / global,Commercial,Medium,Not validated; research candidate
business stationery printing bulk order,Business stationery,Printo,Expanded search variation,India / global,Commercial,High,Not validated; research candidate
business stationery printing supplier,Business stationery,Printo,Expanded search variation,India / global,Commercial,High,Not validated; research candidate
business stationery printing price,Business stationery,Printo,Expanded search variation,India / global,Commercial,Medium,Not validated; research candidate
business stationery printing with logo,Business stationery,Printo,Expanded search variation,India / global,Commercial,High,Not validated; research candidate
office stationery printing india,Business stationery,Printo,Expanded search variation,India / global,Commercial,High,Not validated; research candidate
office stationery printing near me,Business stationery,Printo,Expanded search variation,India / global,Commercial,Medium,Not validated; research candidate
office stationery printing online,Business stationery,Printo,Expanded search variation,India / global,Commercial,Medium,Not validated; research candidate
office stationery printing wholesale,Business stationery,Printo,Expanded search variation,India / global,Commercial,Medium,Not validated; research candidate
office stationery printing bulk order,Business stationery,Printo,Expanded search variation,India / global,Commercial,High,Not validated; research candidate
office stationery printing supplier,Business stationery,Printo,Expanded search variation,India / global,Commercial,High,Not validated; research candidate
office stationery printing price,Business stationery,Printo,Expanded search variation,India / global,Commercial,Medium,Not validated; research candidate
office stationery printing with logo,Business stationery,Printo,Expanded search variation,India / global,Commercial,High,Not validated; research candidate
pen printing india,Business stationery,Printo,Expanded search variation,India / global,Commercial,High,Not validated; research candidate
pen printing near me,Business stationery,Printo,Expanded search variation,India / global,Commercial,Medium,Not validated; research candidate
pen printing online,Business stationery,Printo,Expanded search variation,India / global,Commercial,Medium,Not validated; research candidate
pen printing wholesale,Business stationery,Printo,Expanded search variation,India / global,Commercial,Medium,Not validated; research candidate
pen printing bulk order,Business stationery,Printo,Expanded search variation,India / global,Commercial,High,Not validated; research candidate
pen printing supplier,Business stationery,Printo,Expanded search variation,India / global,Commercial,High,Not validated; research candidate
pen printing price,Business stationery,Printo,Expanded search variation,India / global,Commercial,Medium,Not validated; research candidate
pen printing with logo,Business stationery,Printo,Expanded search variation,India / global,Commercial,High,Not validated; research candidate
bookmark printing india,Business stationery,Printo,Expanded search variation,India / global,Commercial,High,Not validated; research candidate
bookmark printing near me,Business stationery,Printo,Expanded search variation,India / global,Commercial,Medium,Not validated; research candidate
bookmark printing online,Business stationery,Printo,Expanded search variation,India / global,Commercial,Medium,Not validated; research candidate
bookmark printing wholesale,Business stationery,Printo,Expanded search variation,India / global,Commercial,Medium,Not validated; research candidate
bookmark printing bulk order,Business stationery,Printo,Expanded search variation,India / global,Commercial,High,Not validated; research candidate
bookmark printing supplier,Business stationery,Printo,Expanded search variation,India / global,Commercial,High,Not validated; research candidate
bookmark printing price,Business stationery,Printo,Expanded search variation,India / global,Commercial,Medium,Not validated; research candidate
bookmark printing with logo,Business stationery,Printo,Expanded search variation,India / global,Commercial,High,Not validated; research candidate
online printing services india,Marketing print,Printo,Expanded search variation,India / global,Commercial,High,Not validated; research candidate
online printing services near me,Marketing print,Printo,Expanded search variation,India / global,Commercial,Medium,Not validated; research candidate
online printing services online,Marketing print,Printo,Expanded search variation,India / global,Commercial,Medium,Not validated; research candidate
online printing services wholesale,Marketing print,Printo,Expanded search variation,India / global,Commercial,Medium,Not validated; research candidate
online printing services bulk order,Marketing print,Printo,Expanded search variation,India / global,Commercial,High,Not validated; research candidate
online printing services supplier,Marketing print,Printo,Expanded search variation,India / global,Commercial,High,Not validated; research candidate
online printing services price,Marketing print,Printo,Expanded search variation,India / global,Commercial,Medium,Not validated; research candidate
online printing services with logo,Marketing print,Printo,Expanded search variation,India / global,Commercial,High,Not validated; research candidate
digital printing services india,Marketing print,Printo,Expanded search variation,India / global,Commercial,High,Not validated; research candidate
digital printing services near me,Marketing print,Printo,Expanded search variation,India / global,Commercial,Medium,Not validated; research candidate
digital printing services online,Marketing print,Printo,Expanded search variation,India / global,Commercial,Medium,Not validated; research candidate
digital printing services wholesale,Marketing print,Printo,Expanded search variation,India / global,Commercial,Medium,Not validated; research candidate
digital printing services bulk order,Marketing print,Printo,Expanded search variation,India / global,Commercial,High,Not validated; research candidate
digital printing services supplier,Marketing print,Printo,Expanded search variation,India / global,Commercial,High,Not validated; research candidate
digital printing services price,Marketing print,Printo,Expanded search variation,India / global,Commercial,Medium,Not validated; research candidate
digital printing services with logo,Marketing print,Printo,Expanded search variation,India / global,Commercial,High,Not validated; research candidate
commercial printing india,Marketing print,Printo,Expanded search variation,India / global,Commercial,High,Not validated; research candidate
commercial printing near me,Marketing print,Printo,Expanded search variation,India / global,Commercial,Medium,Not validated; research candidate
commercial printing online,Marketing print,Printo,Expanded search variation,India / global,Commercial,Medium,Not validated; research candidate
commercial printing wholesale,Marketing print,Printo,Expanded search variation,India / global,Commercial,Medium,Not validated; research candidate
commercial printing bulk order,Marketing print,Printo,Expanded search variation,India / global,Commercial,High,Not validated; research candidate
commercial printing supplier,Marketing print,Printo,Expanded search variation,India / global,Commercial,High,Not validated; research candidate
commercial printing price,Marketing print,Printo,Expanded search variation,India / global,Commercial,Medium,Not validated; research candidate
commercial printing with logo,Marketing print,Printo,Expanded search variation,India / global,Commercial,High,Not validated; research candidate
document printing india,Marketing print,Printo,Expanded search variation,India / global,Commercial,High,Not validated; research candidate
document printing near me,Marketing print,Printo,Expanded search variation,India / global,Commercial,Medium,Not validated; research candidate
document printing online,Marketing print,Printo,Expanded search variation,India / global,Commercial,Medium,Not validated; research candidate
document printing wholesale,Marketing print,Printo,Expanded search variation,India / global,Commercial,Medium,Not validated; research candidate
document printing bulk order,Marketing print,Printo,Expanded search variation,India / global,Commercial,High,Not validated; research candidate
document printing supplier,Marketing print,Printo,Expanded search variation,India / global,Commercial,High,Not validated; research candidate
document printing price,Marketing print,Printo,Expanded search variation,India / global,Commercial,Medium,Not validated; research candidate
document printing with logo,Marketing print,Printo,Expanded search variation,India / global,Commercial,High,Not validated; research candidate
bulk printing services india,Marketing print,Printo,Expanded search variation,India / global,Commercial,High,Not validated; research candidate
bulk printing services near me,Marketing print,Printo,Expanded search variation,India / global,Commercial,Medium,Not validated; research candidate
bulk printing services online,Marketing print,Printo,Expanded search variation,India / global,Commercial,Medium,Not validated; research candidate
bulk printing services wholesale,Marketing print,Printo,Expanded search variation,India / global,Commercial,Medium,Not validated; research candidate
bulk printing services bulk order,Marketing print,Printo,Expanded search variation,India / global,Commercial,High,Not validated; research candidate
bulk printing services supplier,Marketing print,Printo,Expanded search variation,India / global,Commercial,High,Not validated; research candidate
bulk printing services price,Marketing print,Printo,Expanded search variation,India / global,Commercial,Medium,Not validated; research candidate
bulk printing services with logo,Marketing print,Printo,Expanded search variation,India / global,Commercial,High,Not validated; research candidate
brochure printing india,Marketing print,Printo,Expanded search variation,India / global,Commercial,High,Not validated; research candidate
brochure printing near me,Marketing print,Printo,Expanded search variation,India / global,Commercial,Medium,Not validated; research candidate
brochure printing online,Marketing print,Printo,Expanded search variation,India / global,Commercial,Medium,Not validated; research candidate
brochure printing wholesale,Marketing print,Printo,Expanded search variation,India / global,Commercial,Medium,Not validated; research candidate
brochure printing bulk order,Marketing print,Printo,Expanded search variation,India / global,Commercial,High,Not validated; research candidate
brochure printing supplier,Marketing print,Printo,Expanded search variation,India / global,Commercial,High,Not validated; research candidate
brochure printing price,Marketing print,Printo,Expanded search variation,India / global,Commercial,Medium,Not validated; research candidate
brochure printing with logo,Marketing print,Printo,Expanded search variation,India / global,Commercial,High,Not validated; research candidate
flyer printing india,Marketing print,Printo,Expanded search variation,India / global,Commercial,High,Not validated; research candidate
flyer printing near me,Marketing print,Printo,Expanded search variation,India / global,Commercial,Medium,Not validated; research candidate
flyer printing online,Marketing print,Printo,Expanded search variation,India / global,Commercial,Medium,Not validated; research candidate
flyer printing wholesale,Marketing print,Printo,Expanded search variation,India / global,Commercial,Medium,Not validated; research candidate
flyer printing bulk order,Marketing print,Printo,Expanded search variation,India / global,Commercial,High,Not validated; research candidate
flyer printing supplier,Marketing print,Printo,Expanded search variation,India / global,Commercial,High,Not validated; research candidate
flyer printing price,Marketing print,Printo,Expanded search variation,India / global,Commercial,Medium,Not validated; research candidate
flyer printing with logo,Marketing print,Printo,Expanded search variation,India / global,Commercial,High,Not validated; research candidate
poster printing india,Marketing print,Printo,Expanded search variation,India / global,Commercial,High,Not validated; research candidate
poster printing near me,Marketing print,Printo,Expanded search variation,India / global,Commercial,Medium,Not validated; research candidate
poster printing online,Marketing print,Printo,Expanded search variation,India / global,Commercial,Medium,Not validated; research candidate
poster printing wholesale,Marketing print,Printo,Expanded search variation,India / global,Commercial,Medium,Not validated; research candidate
poster printing bulk order,Marketing print,Printo,Expanded search variation,India / global,Commercial,High,Not validated; research candidate
poster printing supplier,Marketing print,Printo,Expanded search variation,India / global,Commercial,High,Not validated; research candidate
poster printing price,Marketing print,Printo,Expanded search variation,India / global,Commercial,Medium,Not validated; research candidate
poster printing with logo,Marketing print,Printo,Expanded search variation,India / global,Commercial,High,Not validated; research candidate
banner printing india,Marketing print,Printo,Expanded search variation,India / global,Commercial,High,Not validated; research candidate
banner printing near me,Marketing print,Printo,Expanded search variation,India / global,Commercial,Medium,Not validated; research candidate
banner printing online,Marketing print,Printo,Expanded search variation,India / global,Commercial,Medium,Not validated; research candidate
banner printing wholesale,Marketing print,Printo,Expanded search variation,India / global,Commercial,Medium,Not validated; research candidate
banner printing bulk order,Marketing print,Printo,Expanded search variation,India / global,Commercial,High,Not validated; research candidate
banner printing supplier,Marketing print,Printo,Expanded search variation,India / global,Commercial,High,Not validated; research candidate
banner printing price,Marketing print,Printo,Expanded search variation,India / global,Commercial,Medium,Not validated; research candidate
banner printing with logo,Marketing print,Printo,Expanded search variation,India / global,Commercial,High,Not validated; research candidate
standee printing india,Marketing print,Printo,Expanded search variation,India / global,Commercial,High,Not validated; research candidate
standee printing near me,Marketing print,Printo,Expanded search variation,India / global,Commercial,Medium,Not validated; research candidate
standee printing online,Marketing print,Printo,Expanded search variation,India / global,Commercial,Medium,Not validated; research candidate
standee printing wholesale,Marketing print,Printo,Expanded search variation,India / global,Commercial,Medium,Not validated; research candidate
standee printing bulk order,Marketing print,Printo,Expanded search variation,India / global,Commercial,High,Not validated; research candidate
standee printing supplier,Marketing print,Printo,Expanded search variation,India / global,Commercial,High,Not validated; research candidate
standee printing price,Marketing print,Printo,Expanded search variation,India / global,Commercial,Medium,Not validated; research candidate
standee printing with logo,Marketing print,Printo,Expanded search variation,India / global,Commercial,High,Not validated; research candidate
booklet printing india,Marketing print,Printo,Expanded search variation,India / global,Commercial,High,Not validated; research candidate
booklet printing near me,Marketing print,Printo,Expanded search variation,India / global,Commercial,Medium,Not validated; research candidate
booklet printing online,Marketing print,Printo,Expanded search variation,India / global,Commercial,Medium,Not validated; research candidate
booklet printing wholesale,Marketing print,Printo,Expanded search variation,India / global,Commercial,Medium,Not validated; research candidate
booklet printing bulk order,Marketing print,Printo,Expanded search variation,India / global,Commercial,High,Not validated; research candidate
booklet printing supplier,Marketing print,Printo,Expanded search variation,India / global,Commercial,High,Not validated; research candidate
booklet printing price,Marketing print,Printo,Expanded search variation,India / global,Commercial,Medium,Not validated; research candidate
booklet printing with logo,Marketing print,Printo,Expanded search variation,India / global,Commercial,High,Not validated; research candidate
catalogue printing india,Marketing print,Printo,Expanded search variation,India / global,Commercial,High,Not validated; research candidate
catalogue printing near me,Marketing print,Printo,Expanded search variation,India / global,Commercial,Medium,Not validated; research candidate
catalogue printing online,Marketing print,Printo,Expanded search variation,India / global,Commercial,Medium,Not validated; research candidate
catalogue printing wholesale,Marketing print,Printo,Expanded search variation,India / global,Commercial,Medium,Not validated; research candidate
catalogue printing bulk order,Marketing print,Printo,Expanded search variation,India / global,Commercial,High,Not validated; research candidate
catalogue printing supplier,Marketing print,Printo,Expanded search variation,India / global,Commercial,High,Not validated; research candidate
catalogue printing price,Marketing print,Printo,Expanded search variation,India / global,Commercial,Medium,Not validated; research candidate
catalogue printing with logo,Marketing print,Printo,Expanded search variation,India / global,Commercial,High,Not validated; research candidate
menu card printing india,Marketing print,Printo,Expanded search variation,India / global,Commercial,High,Not validated; research candidate
menu card printing near me,Marketing print,Printo,Expanded search variation,India / global,Commercial,Medium,Not validated; research candidate
menu card printing online,Marketing print,Printo,Expanded search variation,India / global,Commercial,Medium,Not validated; research candidate
menu card printing wholesale,Marketing print,Printo,Expanded search variation,India / global,Commercial,Medium,Not validated; research candidate
menu card printing bulk order,Marketing print,Printo,Expanded search variation,India / global,Commercial,High,Not validated; research candidate
menu card printing supplier,Marketing print,Printo,Expanded search variation,India / global,Commercial,High,Not validated; research candidate
menu card printing price,Marketing print,Printo,Expanded search variation,India / global,Commercial,Medium,Not validated; research candidate
menu card printing with logo,Marketing print,Printo,Expanded search variation,India / global,Commercial,High,Not validated; research candidate
invitation card printing india,Marketing print,Printo,Expanded search variation,India / global,Commercial,High,Not validated; research candidate
invitation card printing near me,Marketing print,Printo,Expanded search variation,India / global,Commercial,Medium,Not validated; research candidate
invitation card printing online,Marketing print,Printo,Expanded search variation,India / global,Commercial,Medium,Not validated; research candidate
invitation card printing wholesale,Marketing print,Printo,Expanded search variation,India / global,Commercial,Medium,Not validated; research candidate
invitation card printing bulk order,Marketing print,Printo,Expanded search variation,India / global,Commercial,High,Not validated; research candidate
invitation card printing supplier,Marketing print,Printo,Expanded search variation,India / global,Commercial,High,Not validated; research candidate
invitation card printing price,Marketing print,Printo,Expanded search variation,India / global,Commercial,Medium,Not validated; research candidate
invitation card printing with logo,Marketing print,Printo,Expanded search variation,India / global,Commercial,High,Not validated; research candidate
greeting card printing india,Marketing print,Printo,Expanded search variation,India / global,Commercial,High,Not validated; research candidate
greeting card printing near me,Marketing print,Printo,Expanded search variation,India / global,Commercial,Medium,Not validated; research candidate
greeting card printing online,Marketing print,Printo,Expanded search variation,India / global,Commercial,Medium,Not validated; research candidate
greeting card printing wholesale,Marketing print,Printo,Expanded search variation,India / global,Commercial,Medium,Not validated; research candidate
greeting card printing bulk order,Marketing print,Printo,Expanded search variation,India / global,Commercial,High,Not validated; research candidate
greeting card printing supplier,Marketing print,Printo,Expanded search variation,India / global,Commercial,High,Not validated; research candidate
greeting card printing price,Marketing print,Printo,Expanded search variation,India / global,Commercial,Medium,Not validated; research candidate
greeting card printing with logo,Marketing print,Printo,Expanded search variation,India / global,Commercial,High,Not validated; research candidate
postcard printing india,Marketing print,Printo,Expanded search variation,India / global,Commercial,High,Not validated; research candidate
postcard printing near me,Marketing print,Printo,Expanded search variation,India / global,Commercial,Medium,Not validated; research candidate
postcard printing online,Marketing print,Printo,Expanded search variation,India / global,Commercial,Medium,Not validated; research candidate
postcard printing wholesale,Marketing print,Printo,Expanded search variation,India / global,Commercial,Medium,Not validated; research candidate
postcard printing bulk order,Marketing print,Printo,Expanded search variation,India / global,Commercial,High,Not validated; research candidate
postcard printing supplier,Marketing print,Printo,Expanded search variation,India / global,Commercial,High,Not validated; research candidate
postcard printing price,Marketing print,Printo,Expanded search variation,India / global,Commercial,Medium,Not validated; research candidate
postcard printing with logo,Marketing print,Printo,Expanded search variation,India / global,Commercial,High,Not validated; research candidate
danglers printing india,Marketing print,Printo,Expanded search variation,India / global,Commercial,High,Not validated; research candidate
danglers printing near me,Marketing print,Printo,Expanded search variation,India / global,Commercial,Medium,Not validated; research candidate
danglers printing online,Marketing print,Printo,Expanded search variation,India / global,Commercial,Medium,Not validated; research candidate
danglers printing wholesale,Marketing print,Printo,Expanded search variation,India / global,Commercial,Medium,Not validated; research candidate
danglers printing bulk order,Marketing print,Printo,Expanded search variation,India / global,Commercial,High,Not validated; research candidate
danglers printing supplier,Marketing print,Printo,Expanded search variation,India / global,Commercial,High,Not validated; research candidate
danglers printing price,Marketing print,Printo,Expanded search variation,India / global,Commercial,Medium,Not validated; research candidate
danglers printing with logo,Marketing print,Printo,Expanded search variation,India / global,Commercial,High,Not validated; research candidate
decal printing india,Marketing print,Printo,Expanded search variation,India / global,Commercial,High,Not validated; research candidate
decal printing near me,Marketing print,Printo,Expanded search variation,India / global,Commercial,Medium,Not validated; research candidate
decal printing online,Marketing print,Printo,Expanded search variation,India / global,Commercial,Medium,Not validated; research candidate
decal printing wholesale,Marketing print,Printo,Expanded search variation,India / global,Commercial,Medium,Not validated; research candidate
decal printing bulk order,Marketing print,Printo,Expanded search variation,India / global,Commercial,High,Not validated; research candidate
decal printing supplier,Marketing print,Printo,Expanded search variation,India / global,Commercial,High,Not validated; research candidate
decal printing price,Marketing print,Printo,Expanded search variation,India / global,Commercial,Medium,Not validated; research candidate
decal printing with logo,Marketing print,Printo,Expanded search variation,India / global,Commercial,High,Not validated; research candidate
acrylic signage india,Marketing print,Printo,Expanded search variation,India / global,Commercial,High,Not validated; research candidate
acrylic signage near me,Marketing print,Printo,Expanded search variation,India / global,Commercial,Medium,Not validated; research candidate
acrylic signage online,Marketing print,Printo,Expanded search variation,India / global,Commercial,Medium,Not validated; research candidate
acrylic signage wholesale,Marketing print,Printo,Expanded search variation,India / global,Commercial,Medium,Not validated; research candidate
acrylic signage bulk order,Marketing print,Printo,Expanded search variation,India / global,Commercial,High,Not validated; research candidate
acrylic signage supplier,Marketing print,Printo,Expanded search variation,India / global,Commercial,High,Not validated; research candidate
acrylic signage manufacturer,Marketing print,Printo,Expanded search variation,India / global,Commercial,Medium,Not validated; research candidate
acrylic signage price,Marketing print,Printo,Expanded search variation,India / global,Commercial,Medium,Not validated; research candidate
acrylic signage with logo,Marketing print,Printo,Expanded search variation,India / global,Commercial,High,Not validated; research candidate
name plate printing india,Marketing print,Printo,Expanded search variation,India / global,Commercial,High,Not validated; research candidate
name plate printing near me,Marketing print,Printo,Expanded search variation,India / global,Commercial,Medium,Not validated; research candidate
name plate printing online,Marketing print,Printo,Expanded search variation,India / global,Commercial,Medium,Not validated; research candidate
name plate printing wholesale,Marketing print,Printo,Expanded search variation,India / global,Commercial,Medium,Not validated; research candidate
name plate printing bulk order,Marketing print,Printo,Expanded search variation,India / global,Commercial,High,Not validated; research candidate
name plate printing supplier,Marketing print,Printo,Expanded search variation,India / global,Commercial,High,Not validated; research candidate
name plate printing price,Marketing print,Printo,Expanded search variation,India / global,Commercial,Medium,Not validated; research candidate
name plate printing with logo,Marketing print,Printo,Expanded search variation,India / global,Commercial,High,Not validated; research candidate
signage printing india,Marketing print,Printo,Expanded search variation,India / global,Commercial,High,Not validated; research candidate
signage printing near me,Marketing print,Printo,Expanded search variation,India / global,Commercial,Medium,Not validated; research candidate
signage printing online,Marketing print,Printo,Expanded search variation,India / global,Commercial,Medium,Not validated; research candidate
signage printing wholesale,Marketing print,Printo,Expanded search variation,India / global,Commercial,Medium,Not validated; research candidate
signage printing bulk order,Marketing print,Printo,Expanded search variation,India / global,Commercial,High,Not validated; research candidate
signage printing supplier,Marketing print,Printo,Expanded search variation,India / global,Commercial,High,Not validated; research candidate
signage printing price,Marketing print,Printo,Expanded search variation,India / global,Commercial,Medium,Not validated; research candidate
signage printing with logo,Marketing print,Printo,Expanded search variation,India / global,Commercial,High,Not validated; research candidate
acrylic printing india,Marketing print,Printo,Expanded search variation,India / global,Commercial,High,Not validated; research candidate
acrylic printing near me,Marketing print,Printo,Expanded search variation,India / global,Commercial,Medium,Not validated; research candidate
acrylic printing online,Marketing print,Printo,Expanded search variation,India / global,Commercial,Medium,Not validated; research candidate
acrylic printing wholesale,Marketing print,Printo,Expanded search variation,India / global,Commercial,Medium,Not validated; research candidate
acrylic printing bulk order,Marketing print,Printo,Expanded search variation,India / global,Commercial,High,Not validated; research candidate
acrylic printing supplier,Marketing print,Printo,Expanded search variation,India / global,Commercial,High,Not validated; research candidate
acrylic printing price,Marketing print,Printo,Expanded search variation,India / global,Commercial,Medium,Not validated; research candidate
acrylic printing with logo,Marketing print,Printo,Expanded search variation,India / global,Commercial,High,Not validated; research candidate
custom sticker printing india,Labels stickers,Printo,Expanded search variation,India / global,Commercial,High,Not validated; research candidate
custom sticker printing near me,Labels stickers,Printo,Expanded search variation,India / global,Commercial,Medium,Not validated; research candidate
custom sticker printing online,Labels stickers,Printo,Expanded search variation,India / global,Commercial,Medium,Not validated; research candidate
custom sticker printing wholesale,Labels stickers,Printo,Expanded search variation,India / global,Commercial,Medium,Not validated; research candidate
custom sticker printing bulk order,Labels stickers,Printo,Expanded search variation,India / global,Commercial,High,Not validated; research candidate
custom sticker printing supplier,Labels stickers,Printo,Expanded search variation,India / global,Commercial,High,Not validated; research candidate
custom sticker printing price,Labels stickers,Printo,Expanded search variation,India / global,Commercial,Medium,Not validated; research candidate
custom sticker printing with logo,Labels stickers,Printo,Expanded search variation,India / global,Commercial,High,Not validated; research candidate
packaging label printing india,Labels stickers,Printo,Expanded search variation,India / global,Commercial,High,Not validated; research candidate
packaging label printing near me,Labels stickers,Printo,Expanded search variation,India / global,Commercial,Medium,Not validated; research candidate
packaging label printing online,Labels stickers,Printo,Expanded search variation,India / global,Commercial,Medium,Not validated; research candidate
packaging label printing wholesale,Labels stickers,Printo,Expanded search variation,India / global,Commercial,Medium,Not validated; research candidate
packaging label printing bulk order,Labels stickers,Printo,Expanded search variation,India / global,Commercial,High,Not validated; research candidate
packaging label printing supplier,Labels stickers,Printo,Expanded search variation,India / global,Commercial,High,Not validated; research candidate
packaging label printing price,Labels stickers,Printo,Expanded search variation,India / global,Commercial,Medium,Not validated; research candidate
packaging label printing with logo,Labels stickers,Printo,Expanded search variation,India / global,Commercial,High,Not validated; research candidate
product label printing india,Labels stickers,Printo,Expanded search variation,India / global,Commercial,High,Not validated; research candidate
product label printing near me,Labels stickers,Printo,Expanded search variation,India / global,Commercial,Medium,Not validated; research candidate
product label printing online,Labels stickers,Printo,Expanded search variation,India / global,Commercial,Medium,Not validated; research candidate
product label printing wholesale,Labels stickers,Printo,Expanded search variation,India / global,Commercial,Medium,Not validated; research candidate
product label printing bulk order,Labels stickers,Printo,Expanded search variation,India / global,Commercial,High,Not validated; research candidate
product label printing supplier,Labels stickers,Printo,Expanded search variation,India / global,Commercial,High,Not validated; research candidate
product label printing price,Labels stickers,Printo,Expanded search variation,India / global,Commercial,Medium,Not validated; research candidate
product label printing with logo,Labels stickers,Printo,Expanded search variation,India / global,Commercial,High,Not validated; research candidate
barcode label printing india,Labels stickers,Printo,Expanded search variation,India / global,Commercial,High,Not validated; research candidate
barcode label printing near me,Labels stickers,Printo,Expanded search variation,India / global,Commercial,Medium,Not validated; research candidate
barcode label printing online,Labels stickers,Printo,Expanded search variation,India / global,Commercial,Medium,Not validated; research candidate
barcode label printing wholesale,Labels stickers,Printo,Expanded search variation,India / global,Commercial,Medium,Not validated; research candidate
barcode label printing bulk order,Labels stickers,Printo,Expanded search variation,India / global,Commercial,High,Not validated; research candidate
barcode label printing supplier,Labels stickers,Printo,Expanded search variation,India / global,Commercial,High,Not validated; research candidate
barcode label printing price,Labels stickers,Printo,Expanded search variation,India / global,Commercial,Medium,Not validated; research candidate
barcode label printing with logo,Labels stickers,Printo,Expanded search variation,India / global,Commercial,High,Not validated; research candidate
qr code label printing india,Labels stickers,Printo,Expanded search variation,India / global,Commercial,High,Not validated; research candidate
qr code label printing near me,Labels stickers,Printo,Expanded search variation,India / global,Commercial,Medium,Not validated; research candidate
qr code label printing online,Labels stickers,Printo,Expanded search variation,India / global,Commercial,Medium,Not validated; research candidate
qr code label printing wholesale,Labels stickers,Printo,Expanded search variation,India / global,Commercial,Medium,Not validated; research candidate
qr code label printing bulk order,Labels stickers,Printo,Expanded search variation,India / global,Commercial,High,Not validated; research candidate
qr code label printing supplier,Labels stickers,Printo,Expanded search variation,India / global,Commercial,High,Not validated; research candidate
qr code label printing price,Labels stickers,Printo,Expanded search variation,India / global,Commercial,Medium,Not validated; research candidate
qr code label printing with logo,Labels stickers,Printo,Expanded search variation,India / global,Commercial,High,Not validated; research candidate
waterproof label printing india,Labels stickers,Printo,Expanded search variation,India / global,Commercial,High,Not validated; research candidate
waterproof label printing near me,Labels stickers,Printo,Expanded search variation,India / global,Commercial,Medium,Not validated; research candidate
waterproof label printing online,Labels stickers,Printo,Expanded search variation,India / global,Commercial,Medium,Not validated; research candidate
waterproof label printing wholesale,Labels stickers,Printo,Expanded search variation,India / global,Commercial,Medium,Not validated; research candidate
waterproof label printing bulk order,Labels stickers,Printo,Expanded search variation,India / global,Commercial,High,Not validated; research candidate
waterproof label printing supplier,Labels stickers,Printo,Expanded search variation,India / global,Commercial,High,Not validated; research candidate
waterproof label printing price,Labels stickers,Printo,Expanded search variation,India / global,Commercial,Medium,Not validated; research candidate
waterproof label printing with logo,Labels stickers,Printo,Expanded search variation,India / global,Commercial,High,Not validated; research candidate
transparent label printing india,Labels stickers,Printo,Expanded search variation,India / global,Commercial,High,Not validated; research candidate
transparent label printing near me,Labels stickers,Printo,Expanded search variation,India / global,Commercial,Medium,Not validated; research candidate
transparent label printing online,Labels stickers,Printo,Expanded search variation,India / global,Commercial,Medium,Not validated; research candidate
transparent label printing wholesale,Labels stickers,Printo,Expanded search variation,India / global,Commercial,Medium,Not validated; research candidate
transparent label printing bulk order,Labels stickers,Printo,Expanded search variation,India / global,Commercial,High,Not validated; research candidate
transparent label printing supplier,Labels stickers,Printo,Expanded search variation,India / global,Commercial,High,Not validated; research candidate
transparent label printing price,Labels stickers,Printo,Expanded search variation,India / global,Commercial,Medium,Not validated; research candidate
transparent label printing with logo,Labels stickers,Printo,Expanded search variation,India / global,Commercial,High,Not validated; research candidate
kraft paper label printing india,Labels stickers,Printo,Expanded search variation,India / global,Commercial,High,Not validated; research candidate
kraft paper label printing near me,Labels stickers,Printo,Expanded search variation,India / global,Commercial,Medium,Not validated; research candidate
kraft paper label printing online,Labels stickers,Printo,Expanded search variation,India / global,Commercial,Medium,Not validated; research candidate
kraft paper label printing wholesale,Labels stickers,Printo,Expanded search variation,India / global,Commercial,Medium,Not validated; research candidate
kraft paper label printing bulk order,Labels stickers,Printo,Expanded search variation,India / global,Commercial,High,Not validated; research candidate
kraft paper label printing supplier,Labels stickers,Printo,Expanded search variation,India / global,Commercial,High,Not validated; research candidate
kraft paper label printing price,Labels stickers,Printo,Expanded search variation,India / global,Commercial,Medium,Not validated; research candidate
kraft paper label printing with logo,Labels stickers,Printo,Expanded search variation,India / global,Commercial,High,Not validated; research candidate
holographic sticker printing india,Labels stickers,Printo,Expanded search variation,India / global,Commercial,High,Not validated; research candidate
holographic sticker printing near me,Labels stickers,Printo,Expanded search variation,India / global,Commercial,Medium,Not validated; research candidate
holographic sticker printing online,Labels stickers,Printo,Expanded search variation,India / global,Commercial,Medium,Not validated; research candidate
holographic sticker printing wholesale,Labels stickers,Printo,Expanded search variation,India / global,Commercial,Medium,Not validated; research candidate
holographic sticker printing bulk order,Labels stickers,Printo,Expanded search variation,India / global,Commercial,High,Not validated; research candidate
holographic sticker printing supplier,Labels stickers,Printo,Expanded search variation,India / global,Commercial,High,Not validated; research candidate
holographic sticker printing price,Labels stickers,Printo,Expanded search variation,India / global,Commercial,Medium,Not validated; research candidate
holographic sticker printing with logo,Labels stickers,Printo,Expanded search variation,India / global,Commercial,High,Not validated; research candidate
gold foil sticker printing india,Labels stickers,Printo,Expanded search variation,India / global,Commercial,High,Not validated; research candidate
gold foil sticker printing near me,Labels stickers,Printo,Expanded search variation,India / global,Commercial,Medium,Not validated; research candidate
gold foil sticker printing online,Labels stickers,Printo,Expanded search variation,India / global,Commercial,Medium,Not validated; research candidate
gold foil sticker printing wholesale,Labels stickers,Printo,Expanded search variation,India / global,Commercial,Medium,Not validated; research candidate
gold foil sticker printing bulk order,Labels stickers,Printo,Expanded search variation,India / global,Commercial,High,Not validated; research candidate
gold foil sticker printing supplier,Labels stickers,Printo,Expanded search variation,India / global,Commercial,High,Not validated; research candidate
gold foil sticker printing price,Labels stickers,Printo,Expanded search variation,India / global,Commercial,Medium,Not validated; research candidate
gold foil sticker printing with logo,Labels stickers,Printo,Expanded search variation,India / global,Commercial,High,Not validated; research candidate
silver foil sticker printing india,Labels stickers,Printo,Expanded search variation,India / global,Commercial,High,Not validated; research candidate
silver foil sticker printing near me,Labels stickers,Printo,Expanded search variation,India / global,Commercial,Medium,Not validated; research candidate
silver foil sticker printing online,Labels stickers,Printo,Expanded search variation,India / global,Commercial,Medium,Not validated; research candidate
silver foil sticker printing wholesale,Labels stickers,Printo,Expanded search variation,India / global,Commercial,Medium,Not validated; research candidate
silver foil sticker printing bulk order,Labels stickers,Printo,Expanded search variation,India / global,Commercial,High,Not validated; research candidate
silver foil sticker printing supplier,Labels stickers,Printo,Expanded search variation,India / global,Commercial,High,Not validated; research candidate
silver foil sticker printing price,Labels stickers,Printo,Expanded search variation,India / global,Commercial,Medium,Not validated; research candidate
silver foil sticker printing with logo,Labels stickers,Printo,Expanded search variation,India / global,Commercial,High,Not validated; research candidate
dome sticker printing india,Labels stickers,Printo,Expanded search variation,India / global,Commercial,High,Not validated; research candidate
dome sticker printing near me,Labels stickers,Printo,Expanded search variation,India / global,Commercial,Medium,Not validated; research candidate
dome sticker printing online,Labels stickers,Printo,Expanded search variation,India / global,Commercial,Medium,Not validated; research candidate
dome sticker printing wholesale,Labels stickers,Printo,Expanded search variation,India / global,Commercial,Medium,Not validated; research candidate
dome sticker printing bulk order,Labels stickers,Printo,Expanded search variation,India / global,Commercial,High,Not validated; research candidate
dome sticker printing supplier,Labels stickers,Printo,Expanded search variation,India / global,Commercial,High,Not validated; research candidate
dome sticker printing price,Labels stickers,Printo,Expanded search variation,India / global,Commercial,Medium,Not validated; research candidate
dome sticker printing with logo,Labels stickers,Printo,Expanded search variation,India / global,Commercial,High,Not validated; research candidate
food label printing india,Labels stickers,Printo,Expanded search variation,India / global,Commercial,High,Not validated; research candidate
food label printing near me,Labels stickers,Printo,Expanded search variation,India / global,Commercial,Medium,Not validated; research candidate
food label printing online,Labels stickers,Printo,Expanded search variation,India / global,Commercial,Medium,Not validated; research candidate
food label printing wholesale,Labels stickers,Printo,Expanded search variation,India / global,Commercial,Medium,Not validated; research candidate
food label printing bulk order,Labels stickers,Printo,Expanded search variation,India / global,Commercial,High,Not validated; research candidate
food label printing supplier,Labels stickers,Printo,Expanded search variation,India / global,Commercial,High,Not validated; research candidate
food label printing price,Labels stickers,Printo,Expanded search variation,India / global,Commercial,Medium,Not validated; research candidate
food label printing with logo,Labels stickers,Printo,Expanded search variation,India / global,Commercial,High,Not validated; research candidate
bottle label printing india,Labels stickers,Printo,Expanded search variation,India / global,Commercial,High,Not validated; research candidate
bottle label printing near me,Labels stickers,Printo,Expanded search variation,India / global,Commercial,Medium,Not validated; research candidate
bottle label printing online,Labels stickers,Printo,Expanded search variation,India / global,Commercial,Medium,Not validated; research candidate
bottle label printing wholesale,Labels stickers,Printo,Expanded search variation,India / global,Commercial,Medium,Not validated; research candidate
bottle label printing bulk order,Labels stickers,Printo,Expanded search variation,India / global,Commercial,High,Not validated; research candidate
bottle label printing supplier,Labels stickers,Printo,Expanded search variation,India / global,Commercial,High,Not validated; research candidate
bottle label printing price,Labels stickers,Printo,Expanded search variation,India / global,Commercial,Medium,Not validated; research candidate
bottle label printing with logo,Labels stickers,Printo,Expanded search variation,India / global,Commercial,High,Not validated; research candidate
jar label printing india,Labels stickers,Printo,Expanded search variation,India / global,Commercial,High,Not validated; research candidate
jar label printing near me,Labels stickers,Printo,Expanded search variation,India / global,Commercial,Medium,Not validated; research candidate
jar label printing online,Labels stickers,Printo,Expanded search variation,India / global,Commercial,Medium,Not validated; research candidate
jar label printing wholesale,Labels stickers,Printo,Expanded search variation,India / global,Commercial,Medium,Not validated; research candidate
jar label printing bulk order,Labels stickers,Printo,Expanded search variation,India / global,Commercial,High,Not validated; research candidate
jar label printing supplier,Labels stickers,Printo,Expanded search variation,India / global,Commercial,High,Not validated; research candidate
jar label printing price,Labels stickers,Printo,Expanded search variation,India / global,Commercial,Medium,Not validated; research candidate
jar label printing with logo,Labels stickers,Printo,Expanded search variation,India / global,Commercial,High,Not validated; research candidate
cosmetic label printing india,Labels stickers,Printo,Expanded search variation,India / global,Commercial,High,Not validated; research candidate
cosmetic label printing near me,Labels stickers,Printo,Expanded search variation,India / global,Commercial,Medium,Not validated; research candidate
cosmetic label printing online,Labels stickers,Printo,Expanded search variation,India / global,Commercial,Medium,Not validated; research candidate
cosmetic label printing wholesale,Labels stickers,Printo,Expanded search variation,India / global,Commercial,Medium,Not validated; research candidate
cosmetic label printing bulk order,Labels stickers,Printo,Expanded search variation,India / global,Commercial,High,Not validated; research candidate
cosmetic label printing supplier,Labels stickers,Printo,Expanded search variation,India / global,Commercial,High,Not validated; research candidate
cosmetic label printing price,Labels stickers,Printo,Expanded search variation,India / global,Commercial,Medium,Not validated; research candidate
cosmetic label printing with logo,Labels stickers,Printo,Expanded search variation,India / global,Commercial,High,Not validated; research candidate
candle label printing india,Labels stickers,Printo,Expanded search variation,India / global,Commercial,High,Not validated; research candidate
candle label printing near me,Labels stickers,Printo,Expanded search variation,India / global,Commercial,Medium,Not validated; research candidate
candle label printing online,Labels stickers,Printo,Expanded search variation,India / global,Commercial,Medium,Not validated; research candidate
candle label printing wholesale,Labels stickers,Printo,Expanded search variation,India / global,Commercial,Medium,Not validated; research candidate
candle label printing bulk order,Labels stickers,Printo,Expanded search variation,India / global,Commercial,High,Not validated; research candidate
candle label printing supplier,Labels stickers,Printo,Expanded search variation,India / global,Commercial,High,Not validated; research candidate
candle label printing price,Labels stickers,Printo,Expanded search variation,India / global,Commercial,Medium,Not validated; research candidate
candle label printing with logo,Labels stickers,Printo,Expanded search variation,India / global,Commercial,High,Not validated; research candidate
soap label printing india,Labels stickers,Printo,Expanded search variation,India / global,Commercial,High,Not validated; research candidate
soap label printing near me,Labels stickers,Printo,Expanded search variation,India / global,Commercial,Medium,Not validated; research candidate
soap label printing online,Labels stickers,Printo,Expanded search variation,India / global,Commercial,Medium,Not validated; research candidate
soap label printing wholesale,Labels stickers,Printo,Expanded search variation,India / global,Commercial,Medium,Not validated; research candidate
soap label printing bulk order,Labels stickers,Printo,Expanded search variation,India / global,Commercial,High,Not validated; research candidate
soap label printing supplier,Labels stickers,Printo,Expanded search variation,India / global,Commercial,High,Not validated; research candidate
soap label printing price,Labels stickers,Printo,Expanded search variation,India / global,Commercial,Medium,Not validated; research candidate
soap label printing with logo,Labels stickers,Printo,Expanded search variation,India / global,Commercial,High,Not validated; research candidate
address label printing india,Labels stickers,Printo,Expanded search variation,India / global,Commercial,High,Not validated; research candidate
address label printing near me,Labels stickers,Printo,Expanded search variation,India / global,Commercial,Medium,Not validated; research candidate
address label printing online,Labels stickers,Printo,Expanded search variation,India / global,Commercial,Medium,Not validated; research candidate
address label printing wholesale,Labels stickers,Printo,Expanded search variation,India / global,Commercial,Medium,Not validated; research candidate
address label printing bulk order,Labels stickers,Printo,Expanded search variation,India / global,Commercial,High,Not validated; research candidate
address label printing supplier,Labels stickers,Printo,Expanded search variation,India / global,Commercial,High,Not validated; research candidate
address label printing price,Labels stickers,Printo,Expanded search variation,India / global,Commercial,Medium,Not validated; research candidate
address label printing with logo,Labels stickers,Printo,Expanded search variation,India / global,Commercial,High,Not validated; research candidate
shipping label printing india,Labels stickers,Printo,Expanded search variation,India / global,Commercial,High,Not validated; research candidate
shipping label printing near me,Labels stickers,Printo,Expanded search variation,India / global,Commercial,Medium,Not validated; research candidate
shipping label printing online,Labels stickers,Printo,Expanded search variation,India / global,Commercial,Medium,Not validated; research candidate
shipping label printing wholesale,Labels stickers,Printo,Expanded search variation,India / global,Commercial,Medium,Not validated; research candidate
shipping label printing bulk order,Labels stickers,Printo,Expanded search variation,India / global,Commercial,High,Not validated; research candidate
shipping label printing supplier,Labels stickers,Printo,Expanded search variation,India / global,Commercial,High,Not validated; research candidate
shipping label printing price,Labels stickers,Printo,Expanded search variation,India / global,Commercial,Medium,Not validated; research candidate
shipping label printing with logo,Labels stickers,Printo,Expanded search variation,India / global,Commercial,High,Not validated; research candidate
round sticker printing india,Labels stickers,Printo,Expanded search variation,India / global,Commercial,High,Not validated; research candidate
round sticker printing near me,Labels stickers,Printo,Expanded search variation,India / global,Commercial,Medium,Not validated; research candidate
round sticker printing online,Labels stickers,Printo,Expanded search variation,India / global,Commercial,Medium,Not validated; research candidate
round sticker printing wholesale,Labels stickers,Printo,Expanded search variation,India / global,Commercial,Medium,Not validated; research candidate
round sticker printing bulk order,Labels stickers,Printo,Expanded search variation,India / global,Commercial,High,Not validated; research candidate
round sticker printing supplier,Labels stickers,Printo,Expanded search variation,India / global,Commercial,High,Not validated; research candidate
round sticker printing price,Labels stickers,Printo,Expanded search variation,India / global,Commercial,Medium,Not validated; research candidate
round sticker printing with logo,Labels stickers,Printo,Expanded search variation,India / global,Commercial,High,Not validated; research candidate
square sticker printing india,Labels stickers,Printo,Expanded search variation,India / global,Commercial,High,Not validated; research candidate
square sticker printing near me,Labels stickers,Printo,Expanded search variation,India / global,Commercial,Medium,Not validated; research candidate
square sticker printing online,Labels stickers,Printo,Expanded search variation,India / global,Commercial,Medium,Not validated; research candidate
square sticker printing wholesale,Labels stickers,Printo,Expanded search variation,India / global,Commercial,Medium,Not validated; research candidate
square sticker printing bulk order,Labels stickers,Printo,Expanded search variation,India / global,Commercial,High,Not validated; research candidate
square sticker printing supplier,Labels stickers,Printo,Expanded search variation,India / global,Commercial,High,Not validated; research candidate
square sticker printing price,Labels stickers,Printo,Expanded search variation,India / global,Commercial,Medium,Not validated; research candidate
square sticker printing with logo,Labels stickers,Printo,Expanded search variation,India / global,Commercial,High,Not validated; research candidate
die cut sticker printing india,Labels stickers,Printo,Expanded search variation,India / global,Commercial,High,Not validated; research candidate
die cut sticker printing near me,Labels stickers,Printo,Expanded search variation,India / global,Commercial,Medium,Not validated; research candidate
die cut sticker printing online,Labels stickers,Printo,Expanded search variation,India / global,Commercial,Medium,Not validated; research candidate
die cut sticker printing wholesale,Labels stickers,Printo,Expanded search variation,India / global,Commercial,Medium,Not validated; research candidate
die cut sticker printing bulk order,Labels stickers,Printo,Expanded search variation,India / global,Commercial,High,Not validated; research candidate
die cut sticker printing supplier,Labels stickers,Printo,Expanded search variation,India / global,Commercial,High,Not validated; research candidate
die cut sticker printing price,Labels stickers,Printo,Expanded search variation,India / global,Commercial,Medium,Not validated; research candidate
die cut sticker printing with logo,Labels stickers,Printo,Expanded search variation,India / global,Commercial,High,Not validated; research candidate
laptop sticker printing india,Labels stickers,Printo,Expanded search variation,India / global,Commercial,High,Not validated; research candidate
laptop sticker printing near me,Labels stickers,Printo,Expanded search variation,India / global,Commercial,Medium,Not validated; research candidate
laptop sticker printing online,Labels stickers,Printo,Expanded search variation,India / global,Commercial,Medium,Not validated; research candidate
laptop sticker printing wholesale,Labels stickers,Printo,Expanded search variation,India / global,Commercial,Medium,Not validated; research candidate
laptop sticker printing bulk order,Labels stickers,Printo,Expanded search variation,India / global,Commercial,High,Not validated; research candidate
laptop sticker printing supplier,Labels stickers,Printo,Expanded search variation,India / global,Commercial,High,Not validated; research candidate
laptop sticker printing price,Labels stickers,Printo,Expanded search variation,India / global,Commercial,Medium,Not validated; research candidate
laptop sticker printing with logo,Labels stickers,Printo,Expanded search variation,India / global,Commercial,High,Not validated; research candidate
custom packaging boxes india,Packaging,Printo,Expanded search variation,India / global,Commercial,High,Not validated; research candidate
custom packaging boxes near me,Packaging,Printo,Expanded search variation,India / global,Commercial,Medium,Not validated; research candidate
custom packaging boxes online,Packaging,Printo,Expanded search variation,India / global,Commercial,Medium,Not validated; research candidate
custom packaging boxes wholesale,Packaging,Printo,Expanded search variation,India / global,Commercial,Medium,Not validated; research candidate
custom packaging boxes bulk order,Packaging,Printo,Expanded search variation,India / global,Commercial,High,Not validated; research candidate
custom packaging boxes supplier,Packaging,Printo,Expanded search variation,India / global,Commercial,High,Not validated; research candidate
custom packaging boxes manufacturer,Packaging,Printo,Expanded search variation,India / global,Commercial,Medium,Not validated; research candidate
custom packaging boxes price,Packaging,Printo,Expanded search variation,India / global,Commercial,Medium,Not validated; research candidate
custom packaging boxes with logo,Packaging,Printo,Expanded search variation,India / global,Commercial,High,Not validated; research candidate
printed packaging boxes india,Packaging,Printo,Expanded search variation,India / global,Commercial,High,Not validated; research candidate
printed packaging boxes near me,Packaging,Printo,Expanded search variation,India / global,Commercial,Medium,Not validated; research candidate
printed packaging boxes online,Packaging,Printo,Expanded search variation,India / global,Commercial,Medium,Not validated; research candidate
printed packaging boxes wholesale,Packaging,Printo,Expanded search variation,India / global,Commercial,Medium,Not validated; research candidate
printed packaging boxes bulk order,Packaging,Printo,Expanded search variation,India / global,Commercial,High,Not validated; research candidate
printed packaging boxes supplier,Packaging,Printo,Expanded search variation,India / global,Commercial,High,Not validated; research candidate
printed packaging boxes manufacturer,Packaging,Printo,Expanded search variation,India / global,Commercial,Medium,Not validated; research candidate
printed packaging boxes price,Packaging,Printo,Expanded search variation,India / global,Commercial,Medium,Not validated; research candidate
printed packaging boxes with logo,Packaging,Printo,Expanded search variation,India / global,Commercial,High,Not validated; research candidate
rigid gift boxes india,Packaging,Printo,Expanded search variation,India / global,Commercial,High,Not validated; research candidate
rigid gift boxes near me,Packaging,Printo,Expanded search variation,India / global,Commercial,Medium,Not validated; research candidate
rigid gift boxes online,Packaging,Printo,Expanded search variation,India / global,Commercial,Medium,Not validated; research candidate
rigid gift boxes wholesale,Packaging,Printo,Expanded search variation,India / global,Commercial,Medium,Not validated; research candidate
rigid gift boxes bulk order,Packaging,Printo,Expanded search variation,India / global,Commercial,High,Not validated; research candidate
rigid gift boxes supplier,Packaging,Printo,Expanded search variation,India / global,Commercial,High,Not validated; research candidate
rigid gift boxes manufacturer,Packaging,Printo,Expanded search variation,India / global,Commercial,Medium,Not validated; research candidate
rigid gift boxes price,Packaging,Printo,Expanded search variation,India / global,Commercial,Medium,Not validated; research candidate
rigid gift boxes with logo,Packaging,Printo,Expanded search variation,India / global,Commercial,High,Not validated; research candidate
mailer box printing india,Packaging,Printo,Expanded search variation,India / global,Commercial,High,Not validated; research candidate
mailer box printing near me,Packaging,Printo,Expanded search variation,India / global,Commercial,Medium,Not validated; research candidate
mailer box printing online,Packaging,Printo,Expanded search variation,India / global,Commercial,Medium,Not validated; research candidate
mailer box printing wholesale,Packaging,Printo,Expanded search variation,India / global,Commercial,Medium,Not validated; research candidate
mailer box printing bulk order,Packaging,Printo,Expanded search variation,India / global,Commercial,High,Not validated; research candidate
mailer box printing supplier,Packaging,Printo,Expanded search variation,India / global,Commercial,High,Not validated; research candidate
mailer box printing price,Packaging,Printo,Expanded search variation,India / global,Commercial,Medium,Not validated; research candidate
mailer box printing with logo,Packaging,Printo,Expanded search variation,India / global,Commercial,High,Not validated; research candidate
shipping box printing india,Packaging,Printo,Expanded search variation,India / global,Commercial,High,Not validated; research candidate
shipping box printing near me,Packaging,Printo,Expanded search variation,India / global,Commercial,Medium,Not validated; research candidate
shipping box printing online,Packaging,Printo,Expanded search variation,India / global,Commercial,Medium,Not validated; research candidate
shipping box printing wholesale,Packaging,Printo,Expanded search variation,India / global,Commercial,Medium,Not validated; research candidate
shipping box printing bulk order,Packaging,Printo,Expanded search variation,India / global,Commercial,High,Not validated; research candidate
shipping box printing supplier,Packaging,Printo,Expanded search variation,India / global,Commercial,High,Not validated; research candidate
shipping box printing price,Packaging,Printo,Expanded search variation,India / global,Commercial,Medium,Not validated; research candidate
shipping box printing with logo,Packaging,Printo,Expanded search variation,India / global,Commercial,High,Not validated; research candidate
cake box printing india,Packaging,Printo,Expanded search variation,India / global,Commercial,High,Not validated; research candidate
cake box printing near me,Packaging,Printo,Expanded search variation,India / global,Commercial,Medium,Not validated; research candidate
cake box printing online,Packaging,Printo,Expanded search variation,India / global,Commercial,Medium,Not validated; research candidate
cake box printing wholesale,Packaging,Printo,Expanded search variation,India / global,Commercial,Medium,Not validated; research candidate
cake box printing bulk order,Packaging,Printo,Expanded search variation,India / global,Commercial,High,Not validated; research candidate
cake box printing supplier,Packaging,Printo,Expanded search variation,India / global,Commercial,High,Not validated; research candidate
cake box printing price,Packaging,Printo,Expanded search variation,India / global,Commercial,Medium,Not validated; research candidate
cake box printing with logo,Packaging,Printo,Expanded search variation,India / global,Commercial,High,Not validated; research candidate
pizza box printing india,Packaging,Printo,Expanded search variation,India / global,Commercial,High,Not validated; research candidate
pizza box printing near me,Packaging,Printo,Expanded search variation,India / global,Commercial,Medium,Not validated; research candidate
pizza box printing online,Packaging,Printo,Expanded search variation,India / global,Commercial,Medium,Not validated; research candidate
pizza box printing wholesale,Packaging,Printo,Expanded search variation,India / global,Commercial,Medium,Not validated; research candidate
pizza box printing bulk order,Packaging,Printo,Expanded search variation,India / global,Commercial,High,Not validated; research candidate
pizza box printing supplier,Packaging,Printo,Expanded search variation,India / global,Commercial,High,Not validated; research candidate
pizza box printing price,Packaging,Printo,Expanded search variation,India / global,Commercial,Medium,Not validated; research candidate
pizza box printing with logo,Packaging,Printo,Expanded search variation,India / global,Commercial,High,Not validated; research candidate
food packaging box printing india,Packaging,Printo,Expanded search variation,India / global,Commercial,High,Not validated; research candidate
food packaging box printing near me,Packaging,Printo,Expanded search variation,India / global,Commercial,Medium,Not validated; research candidate
food packaging box printing online,Packaging,Printo,Expanded search variation,India / global,Commercial,Medium,Not validated; research candidate
food packaging box printing wholesale,Packaging,Printo,Expanded search variation,India / global,Commercial,Medium,Not validated; research candidate
food packaging box printing bulk order,Packaging,Printo,Expanded search variation,India / global,Commercial,High,Not validated; research candidate
food packaging box printing supplier,Packaging,Printo,Expanded search variation,India / global,Commercial,High,Not validated; research candidate
food packaging box printing price,Packaging,Printo,Expanded search variation,India / global,Commercial,Medium,Not validated; research candidate
food packaging box printing with logo,Packaging,Printo,Expanded search variation,India / global,Commercial,High,Not validated; research candidate
courier poly bags printing india,Packaging,Printo,Expanded search variation,India / global,Commercial,High,Not validated; research candidate
courier poly bags printing near me,Packaging,Printo,Expanded search variation,India / global,Commercial,Medium,Not validated; research candidate
courier poly bags printing online,Packaging,Printo,Expanded search variation,India / global,Commercial,Medium,Not validated; research candidate
courier poly bags printing wholesale,Packaging,Printo,Expanded search variation,India / global,Commercial,Medium,Not validated; research candidate
courier poly bags printing bulk order,Packaging,Printo,Expanded search variation,India / global,Commercial,High,Not validated; research candidate
courier poly bags printing supplier,Packaging,Printo,Expanded search variation,India / global,Commercial,High,Not validated; research candidate
courier poly bags printing price,Packaging,Printo,Expanded search variation,India / global,Commercial,Medium,Not validated; research candidate
courier poly bags printing with logo,Packaging,Printo,Expanded search variation,India / global,Commercial,High,Not validated; research candidate
custom paper bags india,Packaging,Printo,Expanded search variation,India / global,Commercial,High,Not validated; research candidate
custom paper bags near me,Packaging,Printo,Expanded search variation,India / global,Commercial,Medium,Not validated; research candidate
custom paper bags online,Packaging,Printo,Expanded search variation,India / global,Commercial,Medium,Not validated; research candidate
custom paper bags wholesale,Packaging,Printo,Expanded search variation,India / global,Commercial,Medium,Not validated; research candidate
custom paper bags bulk order,Packaging,Printo,Expanded search variation,India / global,Commercial,High,Not validated; research candidate
custom paper bags supplier,Packaging,Printo,Expanded search variation,India / global,Commercial,High,Not validated; research candidate
custom paper bags manufacturer,Packaging,Printo,Expanded search variation,India / global,Commercial,Medium,Not validated; research candidate
custom paper bags price,Packaging,Printo,Expanded search variation,India / global,Commercial,Medium,Not validated; research candidate
custom paper bags with logo,Packaging,Printo,Expanded search variation,India / global,Commercial,High,Not validated; research candidate
printed tote bags india,Packaging,Printo,Expanded search variation,India / global,Commercial,High,Not validated; research candidate
printed tote bags near me,Packaging,Printo,Expanded search variation,India / global,Commercial,Medium,Not validated; research candidate
printed tote bags online,Packaging,Printo,Expanded search variation,India / global,Commercial,Medium,Not validated; research candidate
printed tote bags wholesale,Packaging,Printo,Expanded search variation,India / global,Commercial,Medium,Not validated; research candidate
printed tote bags bulk order,Packaging,Printo,Expanded search variation,India / global,Commercial,High,Not validated; research candidate
printed tote bags supplier,Packaging,Printo,Expanded search variation,India / global,Commercial,High,Not validated; research candidate
printed tote bags manufacturer,Packaging,Printo,Expanded search variation,India / global,Commercial,Medium,Not validated; research candidate
printed tote bags price,Packaging,Printo,Expanded search variation,India / global,Commercial,Medium,Not validated; research candidate
printed tote bags with logo,Packaging,Printo,Expanded search variation,India / global,Commercial,High,Not validated; research candidate
cotton carry bag printing india,Packaging,Printo,Expanded search variation,India / global,Commercial,High,Not validated; research candidate
cotton carry bag printing near me,Packaging,Printo,Expanded search variation,India / global,Commercial,Medium,Not validated; research candidate
cotton carry bag printing online,Packaging,Printo,Expanded search variation,India / global,Commercial,Medium,Not validated; research candidate
cotton carry bag printing wholesale,Packaging,Printo,Expanded search variation,India / global,Commercial,Medium,Not validated; research candidate
cotton carry bag printing bulk order,Packaging,Printo,Expanded search variation,India / global,Commercial,High,Not validated; research candidate
cotton carry bag printing supplier,Packaging,Printo,Expanded search variation,India / global,Commercial,High,Not validated; research candidate
cotton carry bag printing price,Packaging,Printo,Expanded search variation,India / global,Commercial,Medium,Not validated; research candidate
cotton carry bag printing with logo,Packaging,Printo,Expanded search variation,India / global,Commercial,High,Not validated; research candidate
printed packing tape india,Packaging,Printo,Expanded search variation,India / global,Commercial,High,Not validated; research candidate
printed packing tape near me,Packaging,Printo,Expanded search variation,India / global,Commercial,Medium,Not validated; research candidate
printed packing tape online,Packaging,Printo,Expanded search variation,India / global,Commercial,Medium,Not validated; research candidate
printed packing tape wholesale,Packaging,Printo,Expanded search variation,India / global,Commercial,Medium,Not validated; research candidate
printed packing tape bulk order,Packaging,Printo,Expanded search variation,India / global,Commercial,High,Not validated; research candidate
printed packing tape supplier,Packaging,Printo,Expanded search variation,India / global,Commercial,High,Not validated; research candidate
printed packing tape manufacturer,Packaging,Printo,Expanded search variation,India / global,Commercial,Medium,Not validated; research candidate
printed packing tape price,Packaging,Printo,Expanded search variation,India / global,Commercial,Medium,Not validated; research candidate
printed packing tape with logo,Packaging,Printo,Expanded search variation,India / global,Commercial,High,Not validated; research candidate
hang tag printing india,Packaging,Printo,Expanded search variation,India / global,Commercial,High,Not validated; research candidate
hang tag printing near me,Packaging,Printo,Expanded search variation,India / global,Commercial,Medium,Not validated; research candidate
hang tag printing online,Packaging,Printo,Expanded search variation,India / global,Commercial,Medium,Not validated; research candidate
hang tag printing wholesale,Packaging,Printo,Expanded search variation,India / global,Commercial,Medium,Not validated; research candidate
hang tag printing bulk order,Packaging,Printo,Expanded search variation,India / global,Commercial,High,Not validated; research candidate
hang tag printing supplier,Packaging,Printo,Expanded search variation,India / global,Commercial,High,Not validated; research candidate
hang tag printing price,Packaging,Printo,Expanded search variation,India / global,Commercial,Medium,Not validated; research candidate
hang tag printing with logo,Packaging,Printo,Expanded search variation,India / global,Commercial,High,Not validated; research candidate
custom packaging sleeves india,Packaging,Printo,Expanded search variation,India / global,Commercial,High,Not validated; research candidate
custom packaging sleeves near me,Packaging,Printo,Expanded search variation,India / global,Commercial,Medium,Not validated; research candidate
custom packaging sleeves online,Packaging,Printo,Expanded search variation,India / global,Commercial,Medium,Not validated; research candidate
custom packaging sleeves wholesale,Packaging,Printo,Expanded search variation,India / global,Commercial,Medium,Not validated; research candidate
custom packaging sleeves bulk order,Packaging,Printo,Expanded search variation,India / global,Commercial,High,Not validated; research candidate
custom packaging sleeves supplier,Packaging,Printo,Expanded search variation,India / global,Commercial,High,Not validated; research candidate
custom packaging sleeves manufacturer,Packaging,Printo,Expanded search variation,India / global,Commercial,Medium,Not validated; research candidate
custom packaging sleeves price,Packaging,Printo,Expanded search variation,India / global,Commercial,Medium,Not validated; research candidate
custom packaging sleeves with logo,Packaging,Printo,Expanded search variation,India / global,Commercial,High,Not validated; research candidate
custom stand up pouches india,Packaging,Printo,Expanded search variation,India / global,Commercial,High,Not validated; research candidate
custom stand up pouches near me,Packaging,Printo,Expanded search variation,India / global,Commercial,Medium,Not validated; research candidate
custom stand up pouches online,Packaging,Printo,Expanded search variation,India / global,Commercial,Medium,Not validated; research candidate
custom stand up pouches wholesale,Packaging,Printo,Expanded search variation,India / global,Commercial,Medium,Not validated; research candidate
custom stand up pouches bulk order,Packaging,Printo,Expanded search variation,India / global,Commercial,High,Not validated; research candidate
custom stand up pouches supplier,Packaging,Printo,Expanded search variation,India / global,Commercial,High,Not validated; research candidate
custom stand up pouches manufacturer,Packaging,Printo,Expanded search variation,India / global,Commercial,Medium,Not validated; research candidate
custom stand up pouches price,Packaging,Printo,Expanded search variation,India / global,Commercial,Medium,Not validated; research candidate
custom stand up pouches with logo,Packaging,Printo,Expanded search variation,India / global,Commercial,High,Not validated; research candidate
custom paper pouches india,Packaging,Printo,Expanded search variation,India / global,Commercial,High,Not validated; research candidate
custom paper pouches near me,Packaging,Printo,Expanded search variation,India / global,Commercial,Medium,Not validated; research candidate
custom paper pouches online,Packaging,Printo,Expanded search variation,India / global,Commercial,Medium,Not validated; research candidate
custom paper pouches wholesale,Packaging,Printo,Expanded search variation,India / global,Commercial,Medium,Not validated; research candidate
custom paper pouches bulk order,Packaging,Printo,Expanded search variation,India / global,Commercial,High,Not validated; research candidate
custom paper pouches supplier,Packaging,Printo,Expanded search variation,India / global,Commercial,High,Not validated; research candidate
custom paper pouches manufacturer,Packaging,Printo,Expanded search variation,India / global,Commercial,Medium,Not validated; research candidate
custom paper pouches price,Packaging,Printo,Expanded search variation,India / global,Commercial,Medium,Not validated; research candidate
custom paper pouches with logo,Packaging,Printo,Expanded search variation,India / global,Commercial,High,Not validated; research candidate
ecommerce packaging india,Packaging,Printo,Expanded search variation,India / global,Commercial,High,Not validated; research candidate
ecommerce packaging near me,Packaging,Printo,Expanded search variation,India / global,Commercial,Medium,Not validated; research candidate
ecommerce packaging online,Packaging,Printo,Expanded search variation,India / global,Commercial,Medium,Not validated; research candidate
ecommerce packaging wholesale,Packaging,Printo,Expanded search variation,India / global,Commercial,Medium,Not validated; research candidate
ecommerce packaging bulk order,Packaging,Printo,Expanded search variation,India / global,Commercial,High,Not validated; research candidate
ecommerce packaging supplier,Packaging,Printo,Expanded search variation,India / global,Commercial,High,Not validated; research candidate
ecommerce packaging manufacturer,Packaging,Printo,Expanded search variation,India / global,Commercial,Medium,Not validated; research candidate
ecommerce packaging price,Packaging,Printo,Expanded search variation,India / global,Commercial,Medium,Not validated; research candidate
ecommerce packaging with logo,Packaging,Printo,Expanded search variation,India / global,Commercial,High,Not validated; research candidate
thank you card printing india,Packaging,Printo,Expanded search variation,India / global,Commercial,High,Not validated; research candidate
thank you card printing near me,Packaging,Printo,Expanded search variation,India / global,Commercial,Medium,Not validated; research candidate
thank you card printing online,Packaging,Printo,Expanded search variation,India / global,Commercial,Medium,Not validated; research candidate
thank you card printing wholesale,Packaging,Printo,Expanded search variation,India / global,Commercial,Medium,Not validated; research candidate
thank you card printing bulk order,Packaging,Printo,Expanded search variation,India / global,Commercial,High,Not validated; research candidate
thank you card printing supplier,Packaging,Printo,Expanded search variation,India / global,Commercial,High,Not validated; research candidate
thank you card printing price,Packaging,Printo,Expanded search variation,India / global,Commercial,Medium,Not validated; research candidate
thank you card printing with logo,Packaging,Printo,Expanded search variation,India / global,Commercial,High,Not validated; research candidate
photo printing india,Photos gifts decor,Printo,Expanded search variation,India / global,Commercial,High,Not validated; research candidate
photo printing near me,Photos gifts decor,Printo,Expanded search variation,India / global,Commercial,Medium,Not validated; research candidate
photo printing online,Photos gifts decor,Printo,Expanded search variation,India / global,Commercial,Medium,Not validated; research candidate
photo printing wholesale,Photos gifts decor,Printo,Expanded search variation,India / global,Commercial,Medium,Not validated; research candidate
photo printing bulk order,Photos gifts decor,Printo,Expanded search variation,India / global,Commercial,High,Not validated; research candidate
photo printing supplier,Photos gifts decor,Printo,Expanded search variation,India / global,Commercial,High,Not validated; research candidate
photo printing price,Photos gifts decor,Printo,Expanded search variation,India / global,Commercial,Medium,Not validated; research candidate
photo printing with logo,Photos gifts decor,Printo,Expanded search variation,India / global,Commercial,High,Not validated; research candidate
photo frame printing india,Photos gifts decor,Printo,Expanded search variation,India / global,Commercial,High,Not validated; research candidate
photo frame printing near me,Photos gifts decor,Printo,Expanded search variation,India / global,Commercial,Medium,Not validated; research candidate
photo frame printing online,Photos gifts decor,Printo,Expanded search variation,India / global,Commercial,Medium,Not validated; research candidate
photo frame printing wholesale,Photos gifts decor,Printo,Expanded search variation,India / global,Commercial,Medium,Not validated; research candidate
photo frame printing bulk order,Photos gifts decor,Printo,Expanded search variation,India / global,Commercial,High,Not validated; research candidate
photo frame printing supplier,Photos gifts decor,Printo,Expanded search variation,India / global,Commercial,High,Not validated; research candidate
photo frame printing price,Photos gifts decor,Printo,Expanded search variation,India / global,Commercial,Medium,Not validated; research candidate
photo frame printing with logo,Photos gifts decor,Printo,Expanded search variation,India / global,Commercial,High,Not validated; research candidate
acrylic photo frames india,Photos gifts decor,Printo,Expanded search variation,India / global,Commercial,High,Not validated; research candidate
acrylic photo frames near me,Photos gifts decor,Printo,Expanded search variation,India / global,Commercial,Medium,Not validated; research candidate
acrylic photo frames online,Photos gifts decor,Printo,Expanded search variation,India / global,Commercial,Medium,Not validated; research candidate
acrylic photo frames wholesale,Photos gifts decor,Printo,Expanded search variation,India / global,Commercial,Medium,Not validated; research candidate
acrylic photo frames bulk order,Photos gifts decor,Printo,Expanded search variation,India / global,Commercial,High,Not validated; research candidate
acrylic photo frames supplier,Photos gifts decor,Printo,Expanded search variation,India / global,Commercial,High,Not validated; research candidate
acrylic photo frames manufacturer,Photos gifts decor,Printo,Expanded search variation,India / global,Commercial,Medium,Not validated; research candidate
acrylic photo frames price,Photos gifts decor,Printo,Expanded search variation,India / global,Commercial,Medium,Not validated; research candidate
acrylic photo frames with logo,Photos gifts decor,Printo,Expanded search variation,India / global,Commercial,High,Not validated; research candidate
canvas printing india,Photos gifts decor,Printo,Expanded search variation,India / global,Commercial,High,Not validated; research candidate
canvas printing near me,Photos gifts decor,Printo,Expanded search variation,India / global,Commercial,Medium,Not validated; research candidate
canvas printing online,Photos gifts decor,Printo,Expanded search variation,India / global,Commercial,Medium,Not validated; research candidate
canvas printing wholesale,Photos gifts decor,Printo,Expanded search variation,India / global,Commercial,Medium,Not validated; research candidate
canvas printing bulk order,Photos gifts decor,Printo,Expanded search variation,India / global,Commercial,High,Not validated; research candidate
canvas printing supplier,Photos gifts decor,Printo,Expanded search variation,India / global,Commercial,High,Not validated; research candidate
canvas printing price,Photos gifts decor,Printo,Expanded search variation,India / global,Commercial,Medium,Not validated; research candidate
canvas printing with logo,Photos gifts decor,Printo,Expanded search variation,India / global,Commercial,High,Not validated; research candidate
photo book printing india,Photos gifts decor,Printo,Expanded search variation,India / global,Commercial,High,Not validated; research candidate
photo book printing near me,Photos gifts decor,Printo,Expanded search variation,India / global,Commercial,Medium,Not validated; research candidate
photo book printing online,Photos gifts decor,Printo,Expanded search variation,India / global,Commercial,Medium,Not validated; research candidate
photo book printing wholesale,Photos gifts decor,Printo,Expanded search variation,India / global,Commercial,Medium,Not validated; research candidate
photo book printing bulk order,Photos gifts decor,Printo,Expanded search variation,India / global,Commercial,High,Not validated; research candidate
photo book printing supplier,Photos gifts decor,Printo,Expanded search variation,India / global,Commercial,High,Not validated; research candidate
photo book printing price,Photos gifts decor,Printo,Expanded search variation,India / global,Commercial,Medium,Not validated; research candidate
photo book printing with logo,Photos gifts decor,Printo,Expanded search variation,India / global,Commercial,High,Not validated; research candidate
photo album printing india,Photos gifts decor,Printo,Expanded search variation,India / global,Commercial,High,Not validated; research candidate
photo album printing near me,Photos gifts decor,Printo,Expanded search variation,India / global,Commercial,Medium,Not validated; research candidate
photo album printing online,Photos gifts decor,Printo,Expanded search variation,India / global,Commercial,Medium,Not validated; research candidate
photo album printing wholesale,Photos gifts decor,Printo,Expanded search variation,India / global,Commercial,Medium,Not validated; research candidate
photo album printing bulk order,Photos gifts decor,Printo,Expanded search variation,India / global,Commercial,High,Not validated; research candidate
photo album printing supplier,Photos gifts decor,Printo,Expanded search variation,India / global,Commercial,High,Not validated; research candidate
photo album printing price,Photos gifts decor,Printo,Expanded search variation,India / global,Commercial,Medium,Not validated; research candidate
photo album printing with logo,Photos gifts decor,Printo,Expanded search variation,India / global,Commercial,High,Not validated; research candidate
photo mug printing india,Photos gifts decor,Printo,Expanded search variation,India / global,Commercial,High,Not validated; research candidate
photo mug printing near me,Photos gifts decor,Printo,Expanded search variation,India / global,Commercial,Medium,Not validated; research candidate
photo mug printing online,Photos gifts decor,Printo,Expanded search variation,India / global,Commercial,Medium,Not validated; research candidate
photo mug printing wholesale,Photos gifts decor,Printo,Expanded search variation,India / global,Commercial,Medium,Not validated; research candidate
photo mug printing bulk order,Photos gifts decor,Printo,Expanded search variation,India / global,Commercial,High,Not validated; research candidate
photo mug printing supplier,Photos gifts decor,Printo,Expanded search variation,India / global,Commercial,High,Not validated; research candidate
photo mug printing price,Photos gifts decor,Printo,Expanded search variation,India / global,Commercial,Medium,Not validated; research candidate
photo mug printing with logo,Photos gifts decor,Printo,Expanded search variation,India / global,Commercial,High,Not validated; research candidate
custom mugs india,Photos gifts decor,Printo,Expanded search variation,India / global,Commercial,High,Not validated; research candidate
custom mugs near me,Photos gifts decor,Printo,Expanded search variation,India / global,Commercial,Medium,Not validated; research candidate
custom mugs online,Photos gifts decor,Printo,Expanded search variation,India / global,Commercial,Medium,Not validated; research candidate
custom mugs wholesale,Photos gifts decor,Printo,Expanded search variation,India / global,Commercial,Medium,Not validated; research candidate
custom mugs bulk order,Photos gifts decor,Printo,Expanded search variation,India / global,Commercial,High,Not validated; research candidate
custom mugs supplier,Photos gifts decor,Printo,Expanded search variation,India / global,Commercial,High,Not validated; research candidate
custom mugs manufacturer,Photos gifts decor,Printo,Expanded search variation,India / global,Commercial,Medium,Not validated; research candidate
custom mugs price,Photos gifts decor,Printo,Expanded search variation,India / global,Commercial,Medium,Not validated; research candidate
custom mugs with logo,Photos gifts decor,Printo,Expanded search variation,India / global,Commercial,High,Not validated; research candidate
custom keychains india,Photos gifts decor,Printo,Expanded search variation,India / global,Commercial,High,Not validated; research candidate
custom keychains near me,Photos gifts decor,Printo,Expanded search variation,India / global,Commercial,Medium,Not validated; research candidate
custom keychains online,Photos gifts decor,Printo,Expanded search variation,India / global,Commercial,Medium,Not validated; research candidate
custom keychains wholesale,Photos gifts decor,Printo,Expanded search variation,India / global,Commercial,Medium,Not validated; research candidate
custom keychains bulk order,Photos gifts decor,Printo,Expanded search variation,India / global,Commercial,High,Not validated; research candidate
custom keychains supplier,Photos gifts decor,Printo,Expanded search variation,India / global,Commercial,High,Not validated; research candidate
custom keychains manufacturer,Photos gifts decor,Printo,Expanded search variation,India / global,Commercial,Medium,Not validated; research candidate
custom keychains price,Photos gifts decor,Printo,Expanded search variation,India / global,Commercial,Medium,Not validated; research candidate
custom keychains with logo,Photos gifts decor,Printo,Expanded search variation,India / global,Commercial,High,Not validated; research candidate
fridge magnet printing india,Photos gifts decor,Printo,Expanded search variation,India / global,Commercial,High,Not validated; research candidate
fridge magnet printing near me,Photos gifts decor,Printo,Expanded search variation,India / global,Commercial,Medium,Not validated; research candidate
fridge magnet printing online,Photos gifts decor,Printo,Expanded search variation,India / global,Commercial,Medium,Not validated; research candidate
fridge magnet printing wholesale,Photos gifts decor,Printo,Expanded search variation,India / global,Commercial,Medium,Not validated; research candidate
fridge magnet printing bulk order,Photos gifts decor,Printo,Expanded search variation,India / global,Commercial,High,Not validated; research candidate
fridge magnet printing supplier,Photos gifts decor,Printo,Expanded search variation,India / global,Commercial,High,Not validated; research candidate
fridge magnet printing price,Photos gifts decor,Printo,Expanded search variation,India / global,Commercial,Medium,Not validated; research candidate
fridge magnet printing with logo,Photos gifts decor,Printo,Expanded search variation,India / global,Commercial,High,Not validated; research candidate
personalized photo gifts india,Photos gifts decor,Printo,Expanded search variation,India / global,Commercial,High,Not validated; research candidate
personalized photo gifts near me,Photos gifts decor,Printo,Expanded search variation,India / global,Commercial,Medium,Not validated; research candidate
personalized photo gifts online,Photos gifts decor,Printo,Expanded search variation,India / global,Commercial,Medium,Not validated; research candidate
personalized photo gifts wholesale,Photos gifts decor,Printo,Expanded search variation,India / global,Commercial,Medium,Not validated; research candidate
personalized photo gifts bulk order,Photos gifts decor,Printo,Expanded search variation,India / global,Commercial,High,Not validated; research candidate
personalized photo gifts supplier,Photos gifts decor,Printo,Expanded search variation,India / global,Commercial,High,Not validated; research candidate
personalized photo gifts manufacturer,Photos gifts decor,Printo,Expanded search variation,India / global,Commercial,Medium,Not validated; research candidate
personalized photo gifts price,Photos gifts decor,Printo,Expanded search variation,India / global,Commercial,Medium,Not validated; research candidate
personalized photo gifts with logo,Photos gifts decor,Printo,Expanded search variation,India / global,Commercial,High,Not validated; research candidate
photo plaque printing india,Photos gifts decor,Printo,Expanded search variation,India / global,Commercial,High,Not validated; research candidate
photo plaque printing near me,Photos gifts decor,Printo,Expanded search variation,India / global,Commercial,Medium,Not validated; research candidate
photo plaque printing online,Photos gifts decor,Printo,Expanded search variation,India / global,Commercial,Medium,Not validated; research candidate
photo plaque printing wholesale,Photos gifts decor,Printo,Expanded search variation,India / global,Commercial,Medium,Not validated; research candidate
photo plaque printing bulk order,Photos gifts decor,Printo,Expanded search variation,India / global,Commercial,High,Not validated; research candidate
photo plaque printing supplier,Photos gifts decor,Printo,Expanded search variation,India / global,Commercial,High,Not validated; research candidate
photo plaque printing price,Photos gifts decor,Printo,Expanded search variation,India / global,Commercial,Medium,Not validated; research candidate
photo plaque printing with logo,Photos gifts decor,Printo,Expanded search variation,India / global,Commercial,High,Not validated; research candidate
custom coasters india,Photos gifts decor,Printo,Expanded search variation,India / global,Commercial,High,Not validated; research candidate
custom coasters near me,Photos gifts decor,Printo,Expanded search variation,India / global,Commercial,Medium,Not validated; research candidate
custom coasters online,Photos gifts decor,Printo,Expanded search variation,India / global,Commercial,Medium,Not validated; research candidate
custom coasters wholesale,Photos gifts decor,Printo,Expanded search variation,India / global,Commercial,Medium,Not validated; research candidate
custom coasters bulk order,Photos gifts decor,Printo,Expanded search variation,India / global,Commercial,High,Not validated; research candidate
custom coasters supplier,Photos gifts decor,Printo,Expanded search variation,India / global,Commercial,High,Not validated; research candidate
custom coasters manufacturer,Photos gifts decor,Printo,Expanded search variation,India / global,Commercial,Medium,Not validated; research candidate
custom coasters price,Photos gifts decor,Printo,Expanded search variation,India / global,Commercial,Medium,Not validated; research candidate
custom coasters with logo,Photos gifts decor,Printo,Expanded search variation,India / global,Commercial,High,Not validated; research candidate
photo calendars india,Photos gifts decor,Printo,Expanded search variation,India / global,Commercial,High,Not validated; research candidate
photo calendars near me,Photos gifts decor,Printo,Expanded search variation,India / global,Commercial,Medium,Not validated; research candidate
photo calendars online,Photos gifts decor,Printo,Expanded search variation,India / global,Commercial,Medium,Not validated; research candidate
photo calendars wholesale,Photos gifts decor,Printo,Expanded search variation,India / global,Commercial,Medium,Not validated; research candidate
photo calendars bulk order,Photos gifts decor,Printo,Expanded search variation,India / global,Commercial,High,Not validated; research candidate
photo calendars supplier,Photos gifts decor,Printo,Expanded search variation,India / global,Commercial,High,Not validated; research candidate
photo calendars manufacturer,Photos gifts decor,Printo,Expanded search variation,India / global,Commercial,Medium,Not validated; research candidate
photo calendars price,Photos gifts decor,Printo,Expanded search variation,India / global,Commercial,Medium,Not validated; research candidate
photo calendars with logo,Photos gifts decor,Printo,Expanded search variation,India / global,Commercial,High,Not validated; research candidate
custom wall decor india,Photos gifts decor,Printo,Expanded search variation,India / global,Commercial,High,Not validated; research candidate
custom wall decor near me,Photos gifts decor,Printo,Expanded search variation,India / global,Commercial,Medium,Not validated; research candidate
custom wall decor online,Photos gifts decor,Printo,Expanded search variation,India / global,Commercial,Medium,Not validated; research candidate
custom wall decor wholesale,Photos gifts decor,Printo,Expanded search variation,India / global,Commercial,Medium,Not validated; research candidate
custom wall decor bulk order,Photos gifts decor,Printo,Expanded search variation,India / global,Commercial,High,Not validated; research candidate
custom wall decor supplier,Photos gifts decor,Printo,Expanded search variation,India / global,Commercial,High,Not validated; research candidate
custom wall decor manufacturer,Photos gifts decor,Printo,Expanded search variation,India / global,Commercial,Medium,Not validated; research candidate
custom wall decor price,Photos gifts decor,Printo,Expanded search variation,India / global,Commercial,Medium,Not validated; research candidate
custom wall decor with logo,Photos gifts decor,Printo,Expanded search variation,India / global,Commercial,High,Not validated; research candidate
gift hampers india,Photos gifts decor,Printo,Expanded search variation,India / global,Commercial,High,Not validated; research candidate
gift hampers near me,Photos gifts decor,Printo,Expanded search variation,India / global,Commercial,Medium,Not validated; research candidate
gift hampers online,Photos gifts decor,Printo,Expanded search variation,India / global,Commercial,Medium,Not validated; research candidate
gift hampers wholesale,Photos gifts decor,Printo,Expanded search variation,India / global,Commercial,Medium,Not validated; research candidate
gift hampers bulk order,Photos gifts decor,Printo,Expanded search variation,India / global,Commercial,High,Not validated; research candidate
gift hampers supplier,Photos gifts decor,Printo,Expanded search variation,India / global,Commercial,High,Not validated; research candidate
gift hampers manufacturer,Photos gifts decor,Printo,Expanded search variation,India / global,Commercial,Medium,Not validated; research candidate
gift hampers price,Photos gifts decor,Printo,Expanded search variation,India / global,Commercial,Medium,Not validated; research candidate
gift hampers with logo,Photos gifts decor,Printo,Expanded search variation,India / global,Commercial,High,Not validated; research candidate
custom notebooks india,Corporate merchandise,Printo,Expanded search variation,India / global,Commercial,High,Not validated; research candidate
custom notebooks near me,Corporate merchandise,Printo,Expanded search variation,India / global,Commercial,Medium,Not validated; research candidate
custom notebooks online,Corporate merchandise,Printo,Expanded search variation,India / global,Commercial,Medium,Not validated; research candidate
custom notebooks wholesale,Corporate merchandise,Printo,Expanded search variation,India / global,Commercial,Medium,Not validated; research candidate
custom notebooks bulk order,Corporate merchandise,Printo,Expanded search variation,India / global,Commercial,High,Not validated; research candidate
custom notebooks supplier,Corporate merchandise,Printo,Expanded search variation,India / global,Commercial,High,Not validated; research candidate
custom notebooks manufacturer,Corporate merchandise,Printo,Expanded search variation,India / global,Commercial,Medium,Not validated; research candidate
custom notebooks price,Corporate merchandise,Printo,Expanded search variation,India / global,Commercial,Medium,Not validated; research candidate
custom notebooks with logo,Corporate merchandise,Printo,Expanded search variation,India / global,Commercial,High,Not validated; research candidate
branded pens india,Corporate merchandise,Printo,Expanded search variation,India / global,Commercial,High,Not validated; research candidate
branded pens near me,Corporate merchandise,Printo,Expanded search variation,India / global,Commercial,Medium,Not validated; research candidate
branded pens online,Corporate merchandise,Printo,Expanded search variation,India / global,Commercial,Medium,Not validated; research candidate
branded pens wholesale,Corporate merchandise,Printo,Expanded search variation,India / global,Commercial,Medium,Not validated; research candidate
branded pens bulk order,Corporate merchandise,Printo,Expanded search variation,India / global,Commercial,High,Not validated; research candidate
branded pens supplier,Corporate merchandise,Printo,Expanded search variation,India / global,Commercial,High,Not validated; research candidate
branded pens manufacturer,Corporate merchandise,Printo,Expanded search variation,India / global,Commercial,Medium,Not validated; research candidate
branded pens price,Corporate merchandise,Printo,Expanded search variation,India / global,Commercial,Medium,Not validated; research candidate
branded pens with logo,Corporate merchandise,Printo,Expanded search variation,India / global,Commercial,High,Not validated; research candidate
custom caps india,Corporate merchandise,Printo,Expanded search variation,India / global,Commercial,High,Not validated; research candidate
custom caps near me,Corporate merchandise,Printo,Expanded search variation,India / global,Commercial,Medium,Not validated; research candidate
custom caps online,Corporate merchandise,Printo,Expanded search variation,India / global,Commercial,Medium,Not validated; research candidate
custom caps wholesale,Corporate merchandise,Printo,Expanded search variation,India / global,Commercial,Medium,Not validated; research candidate
custom caps bulk order,Corporate merchandise,Printo,Expanded search variation,India / global,Commercial,High,Not validated; research candidate
custom caps supplier,Corporate merchandise,Printo,Expanded search variation,India / global,Commercial,High,Not validated; research candidate
custom caps manufacturer,Corporate merchandise,Printo,Expanded search variation,India / global,Commercial,Medium,Not validated; research candidate
custom caps price,Corporate merchandise,Printo,Expanded search variation,India / global,Commercial,Medium,Not validated; research candidate
custom caps with logo,Corporate merchandise,Printo,Expanded search variation,India / global,Commercial,High,Not validated; research candidate
custom backpacks india,Corporate merchandise,Printo,Expanded search variation,India / global,Commercial,High,Not validated; research candidate
custom backpacks near me,Corporate merchandise,Printo,Expanded search variation,India / global,Commercial,Medium,Not validated; research candidate
custom backpacks online,Corporate merchandise,Printo,Expanded search variation,India / global,Commercial,Medium,Not validated; research candidate
custom backpacks wholesale,Corporate merchandise,Printo,Expanded search variation,India / global,Commercial,Medium,Not validated; research candidate
custom backpacks bulk order,Corporate merchandise,Printo,Expanded search variation,India / global,Commercial,High,Not validated; research candidate
custom backpacks supplier,Corporate merchandise,Printo,Expanded search variation,India / global,Commercial,High,Not validated; research candidate
custom backpacks manufacturer,Corporate merchandise,Printo,Expanded search variation,India / global,Commercial,Medium,Not validated; research candidate
custom backpacks price,Corporate merchandise,Printo,Expanded search variation,India / global,Commercial,Medium,Not validated; research candidate
custom backpacks with logo,Corporate merchandise,Printo,Expanded search variation,India / global,Commercial,High,Not validated; research candidate
laptop sleeves india,Corporate merchandise,Printo,Expanded search variation,India / global,Commercial,High,Not validated; research candidate
laptop sleeves near me,Corporate merchandise,Printo,Expanded search variation,India / global,Commercial,Medium,Not validated; research candidate
laptop sleeves online,Corporate merchandise,Printo,Expanded search variation,India / global,Commercial,Medium,Not validated; research candidate
laptop sleeves wholesale,Corporate merchandise,Printo,Expanded search variation,India / global,Commercial,Medium,Not validated; research candidate
laptop sleeves bulk order,Corporate merchandise,Printo,Expanded search variation,India / global,Commercial,High,Not validated; research candidate
laptop sleeves supplier,Corporate merchandise,Printo,Expanded search variation,India / global,Commercial,High,Not validated; research candidate
laptop sleeves manufacturer,Corporate merchandise,Printo,Expanded search variation,India / global,Commercial,Medium,Not validated; research candidate
laptop sleeves price,Corporate merchandise,Printo,Expanded search variation,India / global,Commercial,Medium,Not validated; research candidate
laptop sleeves with logo,Corporate merchandise,Printo,Expanded search variation,India / global,Commercial,High,Not validated; research candidate
custom bottles india,Corporate merchandise,Printo,Expanded search variation,India / global,Commercial,High,Not validated; research candidate
custom bottles near me,Corporate merchandise,Printo,Expanded search variation,India / global,Commercial,Medium,Not validated; research candidate
custom bottles online,Corporate merchandise,Printo,Expanded search variation,India / global,Commercial,Medium,Not validated; research candidate
custom bottles wholesale,Corporate merchandise,Printo,Expanded search variation,India / global,Commercial,Medium,Not validated; research candidate
custom bottles bulk order,Corporate merchandise,Printo,Expanded search variation,India / global,Commercial,High,Not validated; research candidate
custom bottles supplier,Corporate merchandise,Printo,Expanded search variation,India / global,Commercial,High,Not validated; research candidate
custom bottles manufacturer,Corporate merchandise,Printo,Expanded search variation,India / global,Commercial,Medium,Not validated; research candidate
custom bottles price,Corporate merchandise,Printo,Expanded search variation,India / global,Commercial,Medium,Not validated; research candidate
custom bottles with logo,Corporate merchandise,Printo,Expanded search variation,India / global,Commercial,High,Not validated; research candidate
sipper bottles india,Corporate merchandise,Printo,Expanded search variation,India / global,Commercial,High,Not validated; research candidate
sipper bottles near me,Corporate merchandise,Printo,Expanded search variation,India / global,Commercial,Medium,Not validated; research candidate
sipper bottles online,Corporate merchandise,Printo,Expanded search variation,India / global,Commercial,Medium,Not validated; research candidate
sipper bottles wholesale,Corporate merchandise,Printo,Expanded search variation,India / global,Commercial,Medium,Not validated; research candidate
sipper bottles bulk order,Corporate merchandise,Printo,Expanded search variation,India / global,Commercial,High,Not validated; research candidate
sipper bottles supplier,Corporate merchandise,Printo,Expanded search variation,India / global,Commercial,High,Not validated; research candidate
sipper bottles manufacturer,Corporate merchandise,Printo,Expanded search variation,India / global,Commercial,Medium,Not validated; research candidate
sipper bottles price,Corporate merchandise,Printo,Expanded search variation,India / global,Commercial,Medium,Not validated; research candidate
sipper bottles with logo,Corporate merchandise,Printo,Expanded search variation,India / global,Commercial,High,Not validated; research candidate
custom umbrellas india,Corporate merchandise,Printo,Expanded search variation,India / global,Commercial,High,Not validated; research candidate
custom umbrellas near me,Corporate merchandise,Printo,Expanded search variation,India / global,Commercial,Medium,Not validated; research candidate
custom umbrellas online,Corporate merchandise,Printo,Expanded search variation,India / global,Commercial,Medium,Not validated; research candidate
custom umbrellas wholesale,Corporate merchandise,Printo,Expanded search variation,India / global,Commercial,Medium,Not validated; research candidate
custom umbrellas bulk order,Corporate merchandise,Printo,Expanded search variation,India / global,Commercial,High,Not validated; research candidate
custom umbrellas supplier,Corporate merchandise,Printo,Expanded search variation,India / global,Commercial,High,Not validated; research candidate
custom umbrellas manufacturer,Corporate merchandise,Printo,Expanded search variation,India / global,Commercial,Medium,Not validated; research candidate
custom umbrellas price,Corporate merchandise,Printo,Expanded search variation,India / global,Commercial,Medium,Not validated; research candidate
custom umbrellas with logo,Corporate merchandise,Printo,Expanded search variation,India / global,Commercial,High,Not validated; research candidate
custom tshirts india,Corporate merchandise,Printo,Expanded search variation,India / global,Commercial,High,Not validated; research candidate
custom tshirts near me,Corporate merchandise,Printo,Expanded search variation,India / global,Commercial,Medium,Not validated; research candidate
custom tshirts online,Corporate merchandise,Printo,Expanded search variation,India / global,Commercial,Medium,Not validated; research candidate
custom tshirts wholesale,Corporate merchandise,Printo,Expanded search variation,India / global,Commercial,Medium,Not validated; research candidate
custom tshirts bulk order,Corporate merchandise,Printo,Expanded search variation,India / global,Commercial,High,Not validated; research candidate
custom tshirts supplier,Corporate merchandise,Printo,Expanded search variation,India / global,Commercial,High,Not validated; research candidate
custom tshirts manufacturer,Corporate merchandise,Printo,Expanded search variation,India / global,Commercial,Medium,Not validated; research candidate
custom tshirts price,Corporate merchandise,Printo,Expanded search variation,India / global,Commercial,Medium,Not validated; research candidate
custom tshirts with logo,Corporate merchandise,Printo,Expanded search variation,India / global,Commercial,High,Not validated; research candidate
employee joining kits india,Corporate merchandise,Printo,Expanded search variation,India / global,Commercial,High,Not validated; research candidate
employee joining kits near me,Corporate merchandise,Printo,Expanded search variation,India / global,Commercial,Medium,Not validated; research candidate
employee joining kits online,Corporate merchandise,Printo,Expanded search variation,India / global,Commercial,Medium,Not validated; research candidate
employee joining kits wholesale,Corporate merchandise,Printo,Expanded search variation,India / global,Commercial,Medium,Not validated; research candidate
employee joining kits bulk order,Corporate merchandise,Printo,Expanded search variation,India / global,Commercial,High,Not validated; research candidate
employee joining kits supplier,Corporate merchandise,Printo,Expanded search variation,India / global,Commercial,High,Not validated; research candidate
employee joining kits manufacturer,Corporate merchandise,Printo,Expanded search variation,India / global,Commercial,Medium,Not validated; research candidate
employee joining kits price,Corporate merchandise,Printo,Expanded search variation,India / global,Commercial,Medium,Not validated; research candidate
employee joining kits with logo,Corporate merchandise,Printo,Expanded search variation,India / global,Commercial,High,Not validated; research candidate
employee onboarding kits india,Corporate merchandise,Printo,Expanded search variation,India / global,Commercial,High,Not validated; research candidate
employee onboarding kits near me,Corporate merchandise,Printo,Expanded search variation,India / global,Commercial,Medium,Not validated; research candidate
employee onboarding kits online,Corporate merchandise,Printo,Expanded search variation,India / global,Commercial,Medium,Not validated; research candidate
employee onboarding kits wholesale,Corporate merchandise,Printo,Expanded search variation,India / global,Commercial,Medium,Not validated; research candidate
employee onboarding kits bulk order,Corporate merchandise,Printo,Expanded search variation,India / global,Commercial,High,Not validated; research candidate
employee onboarding kits supplier,Corporate merchandise,Printo,Expanded search variation,India / global,Commercial,High,Not validated; research candidate
employee onboarding kits manufacturer,Corporate merchandise,Printo,Expanded search variation,India / global,Commercial,Medium,Not validated; research candidate
employee onboarding kits price,Corporate merchandise,Printo,Expanded search variation,India / global,Commercial,Medium,Not validated; research candidate
employee onboarding kits with logo,Corporate merchandise,Printo,Expanded search variation,India / global,Commercial,High,Not validated; research candidate
corporate gifting kits india,Corporate merchandise,Printo,Expanded search variation,India / global,Commercial,High,Not validated; research candidate
corporate gifting kits near me,Corporate merchandise,Printo,Expanded search variation,India / global,Commercial,Medium,Not validated; research candidate
corporate gifting kits online,Corporate merchandise,Printo,Expanded search variation,India / global,Commercial,Medium,Not validated; research candidate
corporate gifting kits wholesale,Corporate merchandise,Printo,Expanded search variation,India / global,Commercial,Medium,Not validated; research candidate
corporate gifting kits bulk order,Corporate merchandise,Printo,Expanded search variation,India / global,Commercial,High,Not validated; research candidate
corporate gifting kits supplier,Corporate merchandise,Printo,Expanded search variation,India / global,Commercial,High,Not validated; research candidate
corporate gifting kits manufacturer,Corporate merchandise,Printo,Expanded search variation,India / global,Commercial,Medium,Not validated; research candidate
corporate gifting kits price,Corporate merchandise,Printo,Expanded search variation,India / global,Commercial,Medium,Not validated; research candidate
corporate gifting kits with logo,Corporate merchandise,Printo,Expanded search variation,India / global,Commercial,High,Not validated; research candidate
promotional products india,Corporate merchandise,Printo,Expanded search variation,India / global,Commercial,High,Not validated; research candidate
promotional products near me,Corporate merchandise,Printo,Expanded search variation,India / global,Commercial,Medium,Not validated; research candidate
promotional products online,Corporate merchandise,Printo,Expanded search variation,India / global,Commercial,Medium,Not validated; research candidate
promotional products wholesale,Corporate merchandise,Printo,Expanded search variation,India / global,Commercial,Medium,Not validated; research candidate
promotional products bulk order,Corporate merchandise,Printo,Expanded search variation,India / global,Commercial,High,Not validated; research candidate
promotional products supplier,Corporate merchandise,Printo,Expanded search variation,India / global,Commercial,High,Not validated; research candidate
promotional products manufacturer,Corporate merchandise,Printo,Expanded search variation,India / global,Commercial,Medium,Not validated; research candidate
promotional products price,Corporate merchandise,Printo,Expanded search variation,India / global,Commercial,Medium,Not validated; research candidate
promotional products with logo,Corporate merchandise,Printo,Expanded search variation,India / global,Commercial,High,Not validated; research candidate
marketing merchandise india,Corporate merchandise,Printo,Expanded search variation,India / global,Commercial,High,Not validated; research candidate
marketing merchandise near me,Corporate merchandise,Printo,Expanded search variation,India / global,Commercial,Medium,Not validated; research candidate
marketing merchandise online,Corporate merchandise,Printo,Expanded search variation,India / global,Commercial,Medium,Not validated; research candidate
marketing merchandise wholesale,Corporate merchandise,Printo,Expanded search variation,India / global,Commercial,Medium,Not validated; research candidate
marketing merchandise bulk order,Corporate merchandise,Printo,Expanded search variation,India / global,Commercial,High,Not validated; research candidate
marketing merchandise supplier,Corporate merchandise,Printo,Expanded search variation,India / global,Commercial,High,Not validated; research candidate
marketing merchandise manufacturer,Corporate merchandise,Printo,Expanded search variation,India / global,Commercial,Medium,Not validated; research candidate
marketing merchandise price,Corporate merchandise,Printo,Expanded search variation,India / global,Commercial,Medium,Not validated; research candidate
marketing merchandise with logo,Corporate merchandise,Printo,Expanded search variation,India / global,Commercial,High,Not validated; research candidate
awards and trophies india,Corporate merchandise,Printo,Expanded search variation,India / global,Commercial,High,Not validated; research candidate
awards and trophies near me,Corporate merchandise,Printo,Expanded search variation,India / global,Commercial,Medium,Not validated; research candidate
awards and trophies online,Corporate merchandise,Printo,Expanded search variation,India / global,Commercial,Medium,Not validated; research candidate
awards and trophies wholesale,Corporate merchandise,Printo,Expanded search variation,India / global,Commercial,Medium,Not validated; research candidate
awards and trophies bulk order,Corporate merchandise,Printo,Expanded search variation,India / global,Commercial,High,Not validated; research candidate
awards and trophies supplier,Corporate merchandise,Printo,Expanded search variation,India / global,Commercial,High,Not validated; research candidate
awards and trophies manufacturer,Corporate merchandise,Printo,Expanded search variation,India / global,Commercial,Medium,Not validated; research candidate
awards and trophies price,Corporate merchandise,Printo,Expanded search variation,India / global,Commercial,Medium,Not validated; research candidate
awards and trophies with logo,Corporate merchandise,Printo,Expanded search variation,India / global,Commercial,High,Not validated; research candidate
custom medals india,Corporate merchandise,Printo,Expanded search variation,India / global,Commercial,High,Not validated; research candidate
custom medals near me,Corporate merchandise,Printo,Expanded search variation,India / global,Commercial,Medium,Not validated; research candidate
custom medals online,Corporate merchandise,Printo,Expanded search variation,India / global,Commercial,Medium,Not validated; research candidate
custom medals wholesale,Corporate merchandise,Printo,Expanded search variation,India / global,Commercial,Medium,Not validated; research candidate
custom medals bulk order,Corporate merchandise,Printo,Expanded search variation,India / global,Commercial,High,Not validated; research candidate
custom medals supplier,Corporate merchandise,Printo,Expanded search variation,India / global,Commercial,High,Not validated; research candidate
custom medals manufacturer,Corporate merchandise,Printo,Expanded search variation,India / global,Commercial,Medium,Not validated; research candidate
custom medals price,Corporate merchandise,Printo,Expanded search variation,India / global,Commercial,Medium,Not validated; research candidate
custom medals with logo,Corporate merchandise,Printo,Expanded search variation,India / global,Commercial,High,Not validated; research candidate
button badges india,Corporate merchandise,Printo,Expanded search variation,India / global,Commercial,High,Not validated; research candidate
button badges near me,Corporate merchandise,Printo,Expanded search variation,India / global,Commercial,Medium,Not validated; research candidate
button badges online,Corporate merchandise,Printo,Expanded search variation,India / global,Commercial,Medium,Not validated; research candidate
button badges wholesale,Corporate merchandise,Printo,Expanded search variation,India / global,Commercial,Medium,Not validated; research candidate
button badges bulk order,Corporate merchandise,Printo,Expanded search variation,India / global,Commercial,High,Not validated; research candidate
button badges supplier,Corporate merchandise,Printo,Expanded search variation,India / global,Commercial,High,Not validated; research candidate
button badges manufacturer,Corporate merchandise,Printo,Expanded search variation,India / global,Commercial,Medium,Not validated; research candidate
button badges price,Corporate merchandise,Printo,Expanded search variation,India / global,Commercial,Medium,Not validated; research candidate
button badges with logo,Corporate merchandise,Printo,Expanded search variation,India / global,Commercial,High,Not validated; research candidate
startup branding printing india,Industry needs,Printo,Expanded search variation,India / global,Commercial,High,Not validated; research candidate
startup branding printing near me,Industry needs,Printo,Expanded search variation,India / global,Commercial,Medium,Not validated; research candidate
startup branding printing online,Industry needs,Printo,Expanded search variation,India / global,Commercial,Medium,Not validated; research candidate
startup branding printing wholesale,Industry needs,Printo,Expanded search variation,India / global,Commercial,Medium,Not validated; research candidate
startup branding printing bulk order,Industry needs,Printo,Expanded search variation,India / global,Commercial,High,Not validated; research candidate
startup branding printing supplier,Industry needs,Printo,Expanded search variation,India / global,Commercial,High,Not validated; research candidate
startup branding printing price,Industry needs,Printo,Expanded search variation,India / global,Commercial,Medium,Not validated; research candidate
startup branding printing with logo,Industry needs,Printo,Expanded search variation,India / global,Commercial,High,Not validated; research candidate
cafe printing supplies india,Industry needs,Printo,Expanded search variation,India / global,Commercial,High,Not validated; research candidate
cafe printing supplies near me,Industry needs,Printo,Expanded search variation,India / global,Commercial,Medium,Not validated; research candidate
cafe printing supplies online,Industry needs,Printo,Expanded search variation,India / global,Commercial,Medium,Not validated; research candidate
cafe printing supplies wholesale,Industry needs,Printo,Expanded search variation,India / global,Commercial,Medium,Not validated; research candidate
cafe printing supplies bulk order,Industry needs,Printo,Expanded search variation,India / global,Commercial,High,Not validated; research candidate
cafe printing supplies supplier,Industry needs,Printo,Expanded search variation,India / global,Commercial,High,Not validated; research candidate
cafe printing supplies price,Industry needs,Printo,Expanded search variation,India / global,Commercial,Medium,Not validated; research candidate
cafe printing supplies with logo,Industry needs,Printo,Expanded search variation,India / global,Commercial,High,Not validated; research candidate
restaurant printing supplies india,Industry needs,Printo,Expanded search variation,India / global,Commercial,High,Not validated; research candidate
restaurant printing supplies near me,Industry needs,Printo,Expanded search variation,India / global,Commercial,Medium,Not validated; research candidate
restaurant printing supplies online,Industry needs,Printo,Expanded search variation,India / global,Commercial,Medium,Not validated; research candidate
restaurant printing supplies wholesale,Industry needs,Printo,Expanded search variation,India / global,Commercial,Medium,Not validated; research candidate
restaurant printing supplies bulk order,Industry needs,Printo,Expanded search variation,India / global,Commercial,High,Not validated; research candidate
restaurant printing supplies supplier,Industry needs,Printo,Expanded search variation,India / global,Commercial,High,Not validated; research candidate
restaurant printing supplies price,Industry needs,Printo,Expanded search variation,India / global,Commercial,Medium,Not validated; research candidate
restaurant printing supplies with logo,Industry needs,Printo,Expanded search variation,India / global,Commercial,High,Not validated; research candidate
school printing supplies india,Industry needs,Printo,Expanded search variation,India / global,Commercial,High,Not validated; research candidate
school printing supplies near me,Industry needs,Printo,Expanded search variation,India / global,Commercial,Medium,Not validated; research candidate
school printing supplies online,Industry needs,Printo,Expanded search variation,India / global,Commercial,Medium,Not validated; research candidate
school printing supplies wholesale,Industry needs,Printo,Expanded search variation,India / global,Commercial,Medium,Not validated; research candidate
school printing supplies bulk order,Industry needs,Printo,Expanded search variation,India / global,Commercial,High,Not validated; research candidate
school printing supplies supplier,Industry needs,Printo,Expanded search variation,India / global,Commercial,High,Not validated; research candidate
school printing supplies price,Industry needs,Printo,Expanded search variation,India / global,Commercial,Medium,Not validated; research candidate
school printing supplies with logo,Industry needs,Printo,Expanded search variation,India / global,Commercial,High,Not validated; research candidate
college printing supplies india,Industry needs,Printo,Expanded search variation,India / global,Commercial,High,Not validated; research candidate
college printing supplies near me,Industry needs,Printo,Expanded search variation,India / global,Commercial,Medium,Not validated; research candidate
college printing supplies online,Industry needs,Printo,Expanded search variation,India / global,Commercial,Medium,Not validated; research candidate
college printing supplies wholesale,Industry needs,Printo,Expanded search variation,India / global,Commercial,Medium,Not validated; research candidate
college printing supplies bulk order,Industry needs,Printo,Expanded search variation,India / global,Commercial,High,Not validated; research candidate
college printing supplies supplier,Industry needs,Printo,Expanded search variation,India / global,Commercial,High,Not validated; research candidate
college printing supplies price,Industry needs,Printo,Expanded search variation,India / global,Commercial,Medium,Not validated; research candidate
college printing supplies with logo,Industry needs,Printo,Expanded search variation,India / global,Commercial,High,Not validated; research candidate
hotel printing supplies india,Industry needs,Printo,Expanded search variation,India / global,Commercial,High,Not validated; research candidate
hotel printing supplies near me,Industry needs,Printo,Expanded search variation,India / global,Commercial,Medium,Not validated; research candidate
hotel printing supplies online,Industry needs,Printo,Expanded search variation,India / global,Commercial,Medium,Not validated; research candidate
hotel printing supplies wholesale,Industry needs,Printo,Expanded search variation,India / global,Commercial,Medium,Not validated; research candidate
hotel printing supplies bulk order,Industry needs,Printo,Expanded search variation,India / global,Commercial,High,Not validated; research candidate
hotel printing supplies supplier,Industry needs,Printo,Expanded search variation,India / global,Commercial,High,Not validated; research candidate
hotel printing supplies price,Industry needs,Printo,Expanded search variation,India / global,Commercial,Medium,Not validated; research candidate
hotel printing supplies with logo,Industry needs,Printo,Expanded search variation,India / global,Commercial,High,Not validated; research candidate
beauty salon printing supplies india,Industry needs,Printo,Expanded search variation,India / global,Commercial,High,Not validated; research candidate
beauty salon printing supplies near me,Industry needs,Printo,Expanded search variation,India / global,Commercial,Medium,Not validated; research candidate
beauty salon printing supplies online,Industry needs,Printo,Expanded search variation,India / global,Commercial,Medium,Not validated; research candidate
beauty salon printing supplies wholesale,Industry needs,Printo,Expanded search variation,India / global,Commercial,Medium,Not validated; research candidate
beauty salon printing supplies bulk order,Industry needs,Printo,Expanded search variation,India / global,Commercial,High,Not validated; research candidate
beauty salon printing supplies supplier,Industry needs,Printo,Expanded search variation,India / global,Commercial,High,Not validated; research candidate
beauty salon printing supplies price,Industry needs,Printo,Expanded search variation,India / global,Commercial,Medium,Not validated; research candidate
beauty salon printing supplies with logo,Industry needs,Printo,Expanded search variation,India / global,Commercial,High,Not validated; research candidate
boutique branding india,Industry needs,Printo,Expanded search variation,India / global,Commercial,High,Not validated; research candidate
boutique branding near me,Industry needs,Printo,Expanded search variation,India / global,Commercial,Medium,Not validated; research candidate
boutique branding online,Industry needs,Printo,Expanded search variation,India / global,Commercial,Medium,Not validated; research candidate
boutique branding wholesale,Industry needs,Printo,Expanded search variation,India / global,Commercial,Medium,Not validated; research candidate
boutique branding bulk order,Industry needs,Printo,Expanded search variation,India / global,Commercial,High,Not validated; research candidate
boutique branding supplier,Industry needs,Printo,Expanded search variation,India / global,Commercial,High,Not validated; research candidate
boutique branding manufacturer,Industry needs,Printo,Expanded search variation,India / global,Commercial,Medium,Not validated; research candidate
boutique branding price,Industry needs,Printo,Expanded search variation,India / global,Commercial,Medium,Not validated; research candidate
boutique branding with logo,Industry needs,Printo,Expanded search variation,India / global,Commercial,High,Not validated; research candidate
event branding printing india,Industry needs,Printo,Expanded search variation,India / global,Commercial,High,Not validated; research candidate
event branding printing near me,Industry needs,Printo,Expanded search variation,India / global,Commercial,Medium,Not validated; research candidate
event branding printing online,Industry needs,Printo,Expanded search variation,India / global,Commercial,Medium,Not validated; research candidate
event branding printing wholesale,Industry needs,Printo,Expanded search variation,India / global,Commercial,Medium,Not validated; research candidate
event branding printing bulk order,Industry needs,Printo,Expanded search variation,India / global,Commercial,High,Not validated; research candidate
event branding printing supplier,Industry needs,Printo,Expanded search variation,India / global,Commercial,High,Not validated; research candidate
event branding printing price,Industry needs,Printo,Expanded search variation,India / global,Commercial,Medium,Not validated; research candidate
event branding printing with logo,Industry needs,Printo,Expanded search variation,India / global,Commercial,High,Not validated; research candidate
exhibition printing india,Industry needs,Printo,Expanded search variation,India / global,Commercial,High,Not validated; research candidate
exhibition printing near me,Industry needs,Printo,Expanded search variation,India / global,Commercial,Medium,Not validated; research candidate
exhibition printing online,Industry needs,Printo,Expanded search variation,India / global,Commercial,Medium,Not validated; research candidate
exhibition printing wholesale,Industry needs,Printo,Expanded search variation,India / global,Commercial,Medium,Not validated; research candidate
exhibition printing bulk order,Industry needs,Printo,Expanded search variation,India / global,Commercial,High,Not validated; research candidate
exhibition printing supplier,Industry needs,Printo,Expanded search variation,India / global,Commercial,High,Not validated; research candidate
exhibition printing price,Industry needs,Printo,Expanded search variation,India / global,Commercial,Medium,Not validated; research candidate
exhibition printing with logo,Industry needs,Printo,Expanded search variation,India / global,Commercial,High,Not validated; research candidate
ecommerce branding india,Industry needs,Printo,Expanded search variation,India / global,Commercial,High,Not validated; research candidate
ecommerce branding near me,Industry needs,Printo,Expanded search variation,India / global,Commercial,Medium,Not validated; research candidate
ecommerce branding online,Industry needs,Printo,Expanded search variation,India / global,Commercial,Medium,Not validated; research candidate
ecommerce branding wholesale,Industry needs,Printo,Expanded search variation,India / global,Commercial,Medium,Not validated; research candidate
ecommerce branding bulk order,Industry needs,Printo,Expanded search variation,India / global,Commercial,High,Not validated; research candidate
ecommerce branding supplier,Industry needs,Printo,Expanded search variation,India / global,Commercial,High,Not validated; research candidate
ecommerce branding manufacturer,Industry needs,Printo,Expanded search variation,India / global,Commercial,Medium,Not validated; research candidate
ecommerce branding price,Industry needs,Printo,Expanded search variation,India / global,Commercial,Medium,Not validated; research candidate
ecommerce branding with logo,Industry needs,Printo,Expanded search variation,India / global,Commercial,High,Not validated; research candidate
corporate event merchandise india,Industry needs,Printo,Expanded search variation,India / global,Commercial,High,Not validated; research candidate
corporate event merchandise near me,Industry needs,Printo,Expanded search variation,India / global,Commercial,Medium,Not validated; research candidate
corporate event merchandise online,Industry needs,Printo,Expanded search variation,India / global,Commercial,Medium,Not validated; research candidate
corporate event merchandise wholesale,Industry needs,Printo,Expanded search variation,India / global,Commercial,Medium,Not validated; research candidate
corporate event merchandise bulk order,Industry needs,Printo,Expanded search variation,India / global,Commercial,High,Not validated; research candidate
corporate event merchandise supplier,Industry needs,Printo,Expanded search variation,India / global,Commercial,High,Not validated; research candidate
corporate event merchandise manufacturer,Industry needs,Printo,Expanded search variation,India / global,Commercial,Medium,Not validated; research candidate
corporate event merchandise price,Industry needs,Printo,Expanded search variation,India / global,Commercial,Medium,Not validated; research candidate
corporate event merchandise with logo,Industry needs,Printo,Expanded search variation,India / global,Commercial,High,Not validated; research candidate
employee engagement merchandise india,Industry needs,Printo,Expanded search variation,India / global,Commercial,High,Not validated; research candidate
employee engagement merchandise near me,Industry needs,Printo,Expanded search variation,India / global,Commercial,Medium,Not validated; research candidate
employee engagement merchandise online,Industry needs,Printo,Expanded search variation,India / global,Commercial,Medium,Not validated; research candidate
employee engagement merchandise wholesale,Industry needs,Printo,Expanded search variation,India / global,Commercial,Medium,Not validated; research candidate
employee engagement merchandise bulk order,Industry needs,Printo,Expanded search variation,India / global,Commercial,High,Not validated; research candidate
employee engagement merchandise supplier,Industry needs,Printo,Expanded search variation,India / global,Commercial,High,Not validated; research candidate
employee engagement merchandise manufacturer,Industry needs,Printo,Expanded search variation,India / global,Commercial,Medium,Not validated; research candidate
employee engagement merchandise price,Industry needs,Printo,Expanded search variation,India / global,Commercial,Medium,Not validated; research candidate
employee engagement merchandise with logo,Industry needs,Printo,Expanded search variation,India / global,Commercial,High,Not validated; research candidate
corporate gifts in delhi,Location search,Cross-site,Expanded search variation,delhi,Local commercial,High,Not validated; research candidate
corporate gifting companies in delhi,Location search,Cross-site,Expanded search variation,delhi,Local commercial,High,Not validated; research candidate
promotional products in delhi,Location search,Cross-site,Expanded search variation,delhi,Local commercial,High,Not validated; research candidate
custom t shirts in delhi,Location search,Cross-site,Expanded search variation,delhi,Local commercial,High,Not validated; research candidate
t shirt printing in delhi,Location search,Cross-site,Expanded search variation,delhi,Local commercial,High,Not validated; research candidate
custom hoodies in delhi,Location search,Cross-site,Expanded search variation,delhi,Local commercial,High,Not validated; research candidate
t shirt manufacturers in delhi,Location search,Cross-site,Expanded search variation,delhi,Local commercial,High,Not validated; research candidate
custom mugs in delhi,Location search,Cross-site,Expanded search variation,delhi,Local commercial,High,Not validated; research candidate
custom notebooks in delhi,Location search,Cross-site,Expanded search variation,delhi,Local commercial,High,Not validated; research candidate
business card printing in delhi,Location search,Cross-site,Expanded search variation,delhi,Local commercial,High,Not validated; research candidate
visiting card printing in delhi,Location search,Cross-site,Expanded search variation,delhi,Local commercial,High,Not validated; research candidate
brochure printing in delhi,Location search,Cross-site,Expanded search variation,delhi,Local commercial,High,Not validated; research candidate
sticker printing in delhi,Location search,Cross-site,Expanded search variation,delhi,Local commercial,High,Not validated; research candidate
packaging labels in delhi,Location search,Cross-site,Expanded search variation,delhi,Local commercial,High,Not validated; research candidate
custom packaging boxes in delhi,Location search,Cross-site,Expanded search variation,delhi,Local commercial,High,Not validated; research candidate
online printing services in delhi,Location search,Cross-site,Expanded search variation,delhi,Local commercial,High,Not validated; research candidate
banner printing in delhi,Location search,Cross-site,Expanded search variation,delhi,Local commercial,High,Not validated; research candidate
employee welcome kits in delhi,Location search,Cross-site,Expanded search variation,delhi,Local commercial,High,Not validated; research candidate
diwali corporate gifts in delhi,Location search,Cross-site,Expanded search variation,delhi,Local commercial,High,Not validated; research candidate
branded merchandise in delhi,Location search,Cross-site,Expanded search variation,delhi,Local commercial,High,Not validated; research candidate
bulk t shirt printing in delhi,Location search,Cross-site,Expanded search variation,delhi,Local commercial,High,Not validated; research candidate
corporate uniforms in delhi,Location search,Cross-site,Expanded search variation,delhi,Local commercial,High,Not validated; research candidate
printed paper bags in delhi,Location search,Cross-site,Expanded search variation,delhi,Local commercial,High,Not validated; research candidate
custom stickers in delhi,Location search,Cross-site,Expanded search variation,delhi,Local commercial,High,Not validated; research candidate
corporate gifts in new delhi,Location search,Cross-site,Expanded search variation,new delhi,Local commercial,High,Not validated; research candidate
corporate gifting companies in new delhi,Location search,Cross-site,Expanded search variation,new delhi,Local commercial,High,Not validated; research candidate
promotional products in new delhi,Location search,Cross-site,Expanded search variation,new delhi,Local commercial,High,Not validated; research candidate
custom t shirts in new delhi,Location search,Cross-site,Expanded search variation,new delhi,Local commercial,High,Not validated; research candidate
t shirt printing in new delhi,Location search,Cross-site,Expanded search variation,new delhi,Local commercial,High,Not validated; research candidate
custom hoodies in new delhi,Location search,Cross-site,Expanded search variation,new delhi,Local commercial,High,Not validated; research candidate
t shirt manufacturers in new delhi,Location search,Cross-site,Expanded search variation,new delhi,Local commercial,High,Not validated; research candidate
custom mugs in new delhi,Location search,Cross-site,Expanded search variation,new delhi,Local commercial,High,Not validated; research candidate
custom notebooks in new delhi,Location search,Cross-site,Expanded search variation,new delhi,Local commercial,High,Not validated; research candidate
business card printing in new delhi,Location search,Cross-site,Expanded search variation,new delhi,Local commercial,High,Not validated; research candidate
visiting card printing in new delhi,Location search,Cross-site,Expanded search variation,new delhi,Local commercial,High,Not validated; research candidate
brochure printing in new delhi,Location search,Cross-site,Expanded search variation,new delhi,Local commercial,High,Not validated; research candidate
sticker printing in new delhi,Location search,Cross-site,Expanded search variation,new delhi,Local commercial,High,Not validated; research candidate
packaging labels in new delhi,Location search,Cross-site,Expanded search variation,new delhi,Local commercial,High,Not validated; research candidate
custom packaging boxes in new delhi,Location search,Cross-site,Expanded search variation,new delhi,Local commercial,High,Not validated; research candidate
online printing services in new delhi,Location search,Cross-site,Expanded search variation,new delhi,Local commercial,High,Not validated; research candidate
banner printing in new delhi,Location search,Cross-site,Expanded search variation,new delhi,Local commercial,High,Not validated; research candidate
employee welcome kits in new delhi,Location search,Cross-site,Expanded search variation,new delhi,Local commercial,High,Not validated; research candidate
diwali corporate gifts in new delhi,Location search,Cross-site,Expanded search variation,new delhi,Local commercial,High,Not validated; research candidate
branded merchandise in new delhi,Location search,Cross-site,Expanded search variation,new delhi,Local commercial,High,Not validated; research candidate
bulk t shirt printing in new delhi,Location search,Cross-site,Expanded search variation,new delhi,Local commercial,High,Not validated; research candidate
corporate uniforms in new delhi,Location search,Cross-site,Expanded search variation,new delhi,Local commercial,High,Not validated; research candidate
printed paper bags in new delhi,Location search,Cross-site,Expanded search variation,new delhi,Local commercial,High,Not validated; research candidate
custom stickers in new delhi,Location search,Cross-site,Expanded search variation,new delhi,Local commercial,High,Not validated; research candidate
corporate gifts in noida,Location search,Cross-site,Expanded search variation,noida,Local commercial,High,Not validated; research candidate
corporate gifting companies in noida,Location search,Cross-site,Expanded search variation,noida,Local commercial,High,Not validated; research candidate
promotional products in noida,Location search,Cross-site,Expanded search variation,noida,Local commercial,High,Not validated; research candidate
custom t shirts in noida,Location search,Cross-site,Expanded search variation,noida,Local commercial,High,Not validated; research candidate
t shirt printing in noida,Location search,Cross-site,Expanded search variation,noida,Local commercial,High,Not validated; research candidate
custom hoodies in noida,Location search,Cross-site,Expanded search variation,noida,Local commercial,High,Not validated; research candidate
t shirt manufacturers in noida,Location search,Cross-site,Expanded search variation,noida,Local commercial,High,Not validated; research candidate
custom mugs in noida,Location search,Cross-site,Expanded search variation,noida,Local commercial,High,Not validated; research candidate
custom notebooks in noida,Location search,Cross-site,Expanded search variation,noida,Local commercial,High,Not validated; research candidate
business card printing in noida,Location search,Cross-site,Expanded search variation,noida,Local commercial,High,Not validated; research candidate
visiting card printing in noida,Location search,Cross-site,Expanded search variation,noida,Local commercial,High,Not validated; research candidate
brochure printing in noida,Location search,Cross-site,Expanded search variation,noida,Local commercial,High,Not validated; research candidate
sticker printing in noida,Location search,Cross-site,Expanded search variation,noida,Local commercial,High,Not validated; research candidate
packaging labels in noida,Location search,Cross-site,Expanded search variation,noida,Local commercial,High,Not validated; research candidate
custom packaging boxes in noida,Location search,Cross-site,Expanded search variation,noida,Local commercial,High,Not validated; research candidate
online printing services in noida,Location search,Cross-site,Expanded search variation,noida,Local commercial,High,Not validated; research candidate
banner printing in noida,Location search,Cross-site,Expanded search variation,noida,Local commercial,High,Not validated; research candidate
employee welcome kits in noida,Location search,Cross-site,Expanded search variation,noida,Local commercial,High,Not validated; research candidate
diwali corporate gifts in noida,Location search,Cross-site,Expanded search variation,noida,Local commercial,High,Not validated; research candidate
branded merchandise in noida,Location search,Cross-site,Expanded search variation,noida,Local commercial,High,Not validated; research candidate
bulk t shirt printing in noida,Location search,Cross-site,Expanded search variation,noida,Local commercial,High,Not validated; research candidate
corporate uniforms in noida,Location search,Cross-site,Expanded search variation,noida,Local commercial,High,Not validated; research candidate
printed paper bags in noida,Location search,Cross-site,Expanded search variation,noida,Local commercial,High,Not validated; research candidate
custom stickers in noida,Location search,Cross-site,Expanded search variation,noida,Local commercial,High,Not validated; research candidate
corporate gifts in greater noida,Location search,Cross-site,Expanded search variation,greater noida,Local commercial,High,Not validated; research candidate
corporate gifting companies in greater noida,Location search,Cross-site,Expanded search variation,greater noida,Local commercial,High,Not validated; research candidate
promotional products in greater noida,Location search,Cross-site,Expanded search variation,greater noida,Local commercial,High,Not validated; research candidate
custom t shirts in greater noida,Location search,Cross-site,Expanded search variation,greater noida,Local commercial,High,Not validated; research candidate
t shirt printing in greater noida,Location search,Cross-site,Expanded search variation,greater noida,Local commercial,High,Not validated; research candidate
custom hoodies in greater noida,Location search,Cross-site,Expanded search variation,greater noida,Local commercial,High,Not validated; research candidate
t shirt manufacturers in greater noida,Location search,Cross-site,Expanded search variation,greater noida,Local commercial,High,Not validated; research candidate
custom mugs in greater noida,Location search,Cross-site,Expanded search variation,greater noida,Local commercial,High,Not validated; research candidate
custom notebooks in greater noida,Location search,Cross-site,Expanded search variation,greater noida,Local commercial,High,Not validated; research candidate
business card printing in greater noida,Location search,Cross-site,Expanded search variation,greater noida,Local commercial,High,Not validated; research candidate
visiting card printing in greater noida,Location search,Cross-site,Expanded search variation,greater noida,Local commercial,High,Not validated; research candidate
brochure printing in greater noida,Location search,Cross-site,Expanded search variation,greater noida,Local commercial,High,Not validated; research candidate
sticker printing in greater noida,Location search,Cross-site,Expanded search variation,greater noida,Local commercial,High,Not validated; research candidate
packaging labels in greater noida,Location search,Cross-site,Expanded search variation,greater noida,Local commercial,High,Not validated; research candidate
custom packaging boxes in greater noida,Location search,Cross-site,Expanded search variation,greater noida,Local commercial,High,Not validated; research candidate
online printing services in greater noida,Location search,Cross-site,Expanded search variation,greater noida,Local commercial,High,Not validated; research candidate
banner printing in greater noida,Location search,Cross-site,Expanded search variation,greater noida,Local commercial,High,Not validated; research candidate
employee welcome kits in greater noida,Location search,Cross-site,Expanded search variation,greater noida,Local commercial,High,Not validated; research candidate
diwali corporate gifts in greater noida,Location search,Cross-site,Expanded search variation,greater noida,Local commercial,High,Not validated; research candidate
branded merchandise in greater noida,Location search,Cross-site,Expanded search variation,greater noida,Local commercial,High,Not validated; research candidate
bulk t shirt printing in greater noida,Location search,Cross-site,Expanded search variation,greater noida,Local commercial,High,Not validated; research candidate
corporate uniforms in greater noida,Location search,Cross-site,Expanded search variation,greater noida,Local commercial,High,Not validated; research candidate
printed paper bags in greater noida,Location search,Cross-site,Expanded search variation,greater noida,Local commercial,High,Not validated; research candidate
custom stickers in greater noida,Location search,Cross-site,Expanded search variation,greater noida,Local commercial,High,Not validated; research candidate
corporate gifts in gurgaon,Location search,Cross-site,Expanded search variation,gurgaon,Local commercial,High,Not validated; research candidate
corporate gifting companies in gurgaon,Location search,Cross-site,Expanded search variation,gurgaon,Local commercial,High,Not validated; research candidate
promotional products in gurgaon,Location search,Cross-site,Expanded search variation,gurgaon,Local commercial,High,Not validated; research candidate
custom t shirts in gurgaon,Location search,Cross-site,Expanded search variation,gurgaon,Local commercial,High,Not validated; research candidate
t shirt printing in gurgaon,Location search,Cross-site,Expanded search variation,gurgaon,Local commercial,High,Not validated; research candidate
custom hoodies in gurgaon,Location search,Cross-site,Expanded search variation,gurgaon,Local commercial,High,Not validated; research candidate
t shirt manufacturers in gurgaon,Location search,Cross-site,Expanded search variation,gurgaon,Local commercial,High,Not validated; research candidate
custom mugs in gurgaon,Location search,Cross-site,Expanded search variation,gurgaon,Local commercial,High,Not validated; research candidate
custom notebooks in gurgaon,Location search,Cross-site,Expanded search variation,gurgaon,Local commercial,High,Not validated; research candidate
business card printing in gurgaon,Location search,Cross-site,Expanded search variation,gurgaon,Local commercial,High,Not validated; research candidate
visiting card printing in gurgaon,Location search,Cross-site,Expanded search variation,gurgaon,Local commercial,High,Not validated; research candidate
brochure printing in gurgaon,Location search,Cross-site,Expanded search variation,gurgaon,Local commercial,High,Not validated; research candidate
sticker printing in gurgaon,Location search,Cross-site,Expanded search variation,gurgaon,Local commercial,High,Not validated; research candidate
packaging labels in gurgaon,Location search,Cross-site,Expanded search variation,gurgaon,Local commercial,High,Not validated; research candidate
custom packaging boxes in gurgaon,Location search,Cross-site,Expanded search variation,gurgaon,Local commercial,High,Not validated; research candidate
online printing services in gurgaon,Location search,Cross-site,Expanded search variation,gurgaon,Local commercial,High,Not validated; research candidate
banner printing in gurgaon,Location search,Cross-site,Expanded search variation,gurgaon,Local commercial,High,Not validated; research candidate
employee welcome kits in gurgaon,Location search,Cross-site,Expanded search variation,gurgaon,Local commercial,High,Not validated; research candidate
diwali corporate gifts in gurgaon,Location search,Cross-site,Expanded search variation,gurgaon,Local commercial,High,Not validated; research candidate
branded merchandise in gurgaon,Location search,Cross-site,Expanded search variation,gurgaon,Local commercial,High,Not validated; research candidate
bulk t shirt printing in gurgaon,Location search,Cross-site,Expanded search variation,gurgaon,Local commercial,High,Not validated; research candidate
corporate uniforms in gurgaon,Location search,Cross-site,Expanded search variation,gurgaon,Local commercial,High,Not validated; research candidate
printed paper bags in gurgaon,Location search,Cross-site,Expanded search variation,gurgaon,Local commercial,High,Not validated; research candidate
custom stickers in gurgaon,Location search,Cross-site,Expanded search variation,gurgaon,Local commercial,High,Not validated; research candidate
corporate gifts in gurugram,Location search,Cross-site,Expanded search variation,gurugram,Local commercial,High,Not validated; research candidate
corporate gifting companies in gurugram,Location search,Cross-site,Expanded search variation,gurugram,Local commercial,High,Not validated; research candidate
promotional products in gurugram,Location search,Cross-site,Expanded search variation,gurugram,Local commercial,High,Not validated; research candidate
custom t shirts in gurugram,Location search,Cross-site,Expanded search variation,gurugram,Local commercial,High,Not validated; research candidate
t shirt printing in gurugram,Location search,Cross-site,Expanded search variation,gurugram,Local commercial,High,Not validated; research candidate
custom hoodies in gurugram,Location search,Cross-site,Expanded search variation,gurugram,Local commercial,High,Not validated; research candidate
t shirt manufacturers in gurugram,Location search,Cross-site,Expanded search variation,gurugram,Local commercial,High,Not validated; research candidate
custom mugs in gurugram,Location search,Cross-site,Expanded search variation,gurugram,Local commercial,High,Not validated; research candidate
custom notebooks in gurugram,Location search,Cross-site,Expanded search variation,gurugram,Local commercial,High,Not validated; research candidate
business card printing in gurugram,Location search,Cross-site,Expanded search variation,gurugram,Local commercial,High,Not validated; research candidate
visiting card printing in gurugram,Location search,Cross-site,Expanded search variation,gurugram,Local commercial,High,Not validated; research candidate
brochure printing in gurugram,Location search,Cross-site,Expanded search variation,gurugram,Local commercial,High,Not validated; research candidate
sticker printing in gurugram,Location search,Cross-site,Expanded search variation,gurugram,Local commercial,High,Not validated; research candidate
packaging labels in gurugram,Location search,Cross-site,Expanded search variation,gurugram,Local commercial,High,Not validated; research candidate
custom packaging boxes in gurugram,Location search,Cross-site,Expanded search variation,gurugram,Local commercial,High,Not validated; research candidate
online printing services in gurugram,Location search,Cross-site,Expanded search variation,gurugram,Local commercial,High,Not validated; research candidate
banner printing in gurugram,Location search,Cross-site,Expanded search variation,gurugram,Local commercial,High,Not validated; research candidate
employee welcome kits in gurugram,Location search,Cross-site,Expanded search variation,gurugram,Local commercial,High,Not validated; research candidate
diwali corporate gifts in gurugram,Location search,Cross-site,Expanded search variation,gurugram,Local commercial,High,Not validated; research candidate
branded merchandise in gurugram,Location search,Cross-site,Expanded search variation,gurugram,Local commercial,High,Not validated; research candidate
bulk t shirt printing in gurugram,Location search,Cross-site,Expanded search variation,gurugram,Local commercial,High,Not validated; research candidate
corporate uniforms in gurugram,Location search,Cross-site,Expanded search variation,gurugram,Local commercial,High,Not validated; research candidate
printed paper bags in gurugram,Location search,Cross-site,Expanded search variation,gurugram,Local commercial,High,Not validated; research candidate
custom stickers in gurugram,Location search,Cross-site,Expanded search variation,gurugram,Local commercial,High,Not validated; research candidate
corporate gifts in faridabad,Location search,Cross-site,Expanded search variation,faridabad,Local commercial,High,Not validated; research candidate
corporate gifting companies in faridabad,Location search,Cross-site,Expanded search variation,faridabad,Local commercial,High,Not validated; research candidate
promotional products in faridabad,Location search,Cross-site,Expanded search variation,faridabad,Local commercial,High,Not validated; research candidate
custom t shirts in faridabad,Location search,Cross-site,Expanded search variation,faridabad,Local commercial,High,Not validated; research candidate
t shirt printing in faridabad,Location search,Cross-site,Expanded search variation,faridabad,Local commercial,High,Not validated; research candidate
custom hoodies in faridabad,Location search,Cross-site,Expanded search variation,faridabad,Local commercial,High,Not validated; research candidate
t shirt manufacturers in faridabad,Location search,Cross-site,Expanded search variation,faridabad,Local commercial,High,Not validated; research candidate
custom mugs in faridabad,Location search,Cross-site,Expanded search variation,faridabad,Local commercial,High,Not validated; research candidate
custom notebooks in faridabad,Location search,Cross-site,Expanded search variation,faridabad,Local commercial,High,Not validated; research candidate
business card printing in faridabad,Location search,Cross-site,Expanded search variation,faridabad,Local commercial,High,Not validated; research candidate
visiting card printing in faridabad,Location search,Cross-site,Expanded search variation,faridabad,Local commercial,High,Not validated; research candidate
brochure printing in faridabad,Location search,Cross-site,Expanded search variation,faridabad,Local commercial,High,Not validated; research candidate
sticker printing in faridabad,Location search,Cross-site,Expanded search variation,faridabad,Local commercial,High,Not validated; research candidate
packaging labels in faridabad,Location search,Cross-site,Expanded search variation,faridabad,Local commercial,High,Not validated; research candidate
custom packaging boxes in faridabad,Location search,Cross-site,Expanded search variation,faridabad,Local commercial,High,Not validated; research candidate
online printing services in faridabad,Location search,Cross-site,Expanded search variation,faridabad,Local commercial,High,Not validated; research candidate
banner printing in faridabad,Location search,Cross-site,Expanded search variation,faridabad,Local commercial,High,Not validated; research candidate
employee welcome kits in faridabad,Location search,Cross-site,Expanded search variation,faridabad,Local commercial,High,Not validated; research candidate
diwali corporate gifts in faridabad,Location search,Cross-site,Expanded search variation,faridabad,Local commercial,High,Not validated; research candidate
branded merchandise in faridabad,Location search,Cross-site,Expanded search variation,faridabad,Local commercial,High,Not validated; research candidate
bulk t shirt printing in faridabad,Location search,Cross-site,Expanded search variation,faridabad,Local commercial,High,Not validated; research candidate
corporate uniforms in faridabad,Location search,Cross-site,Expanded search variation,faridabad,Local commercial,High,Not validated; research candidate
printed paper bags in faridabad,Location search,Cross-site,Expanded search variation,faridabad,Local commercial,High,Not validated; research candidate
custom stickers in faridabad,Location search,Cross-site,Expanded search variation,faridabad,Local commercial,High,Not validated; research candidate
corporate gifts in ghaziabad,Location search,Cross-site,Expanded search variation,ghaziabad,Local commercial,High,Not validated; research candidate
corporate gifting companies in ghaziabad,Location search,Cross-site,Expanded search variation,ghaziabad,Local commercial,High,Not validated; research candidate
promotional products in ghaziabad,Location search,Cross-site,Expanded search variation,ghaziabad,Local commercial,High,Not validated; research candidate
custom t shirts in ghaziabad,Location search,Cross-site,Expanded search variation,ghaziabad,Local commercial,High,Not validated; research candidate
t shirt printing in ghaziabad,Location search,Cross-site,Expanded search variation,ghaziabad,Local commercial,High,Not validated; research candidate
custom hoodies in ghaziabad,Location search,Cross-site,Expanded search variation,ghaziabad,Local commercial,High,Not validated; research candidate
t shirt manufacturers in ghaziabad,Location search,Cross-site,Expanded search variation,ghaziabad,Local commercial,High,Not validated; research candidate
custom mugs in ghaziabad,Location search,Cross-site,Expanded search variation,ghaziabad,Local commercial,High,Not validated; research candidate
custom notebooks in ghaziabad,Location search,Cross-site,Expanded search variation,ghaziabad,Local commercial,High,Not validated; research candidate
business card printing in ghaziabad,Location search,Cross-site,Expanded search variation,ghaziabad,Local commercial,High,Not validated; research candidate
visiting card printing in ghaziabad,Location search,Cross-site,Expanded search variation,ghaziabad,Local commercial,High,Not validated; research candidate
brochure printing in ghaziabad,Location search,Cross-site,Expanded search variation,ghaziabad,Local commercial,High,Not validated; research candidate
sticker printing in ghaziabad,Location search,Cross-site,Expanded search variation,ghaziabad,Local commercial,High,Not validated; research candidate
packaging labels in ghaziabad,Location search,Cross-site,Expanded search variation,ghaziabad,Local commercial,High,Not validated; research candidate
custom packaging boxes in ghaziabad,Location search,Cross-site,Expanded search variation,ghaziabad,Local commercial,High,Not validated; research candidate
online printing services in ghaziabad,Location search,Cross-site,Expanded search variation,ghaziabad,Local commercial,High,Not validated; research candidate
banner printing in ghaziabad,Location search,Cross-site,Expanded search variation,ghaziabad,Local commercial,High,Not validated; research candidate
employee welcome kits in ghaziabad,Location search,Cross-site,Expanded search variation,ghaziabad,Local commercial,High,Not validated; research candidate
diwali corporate gifts in ghaziabad,Location search,Cross-site,Expanded search variation,ghaziabad,Local commercial,High,Not validated; research candidate
branded merchandise in ghaziabad,Location search,Cross-site,Expanded search variation,ghaziabad,Local commercial,High,Not validated; research candidate
bulk t shirt printing in ghaziabad,Location search,Cross-site,Expanded search variation,ghaziabad,Local commercial,High,Not validated; research candidate
corporate uniforms in ghaziabad,Location search,Cross-site,Expanded search variation,ghaziabad,Local commercial,High,Not validated; research candidate
printed paper bags in ghaziabad,Location search,Cross-site,Expanded search variation,ghaziabad,Local commercial,High,Not validated; research candidate
custom stickers in ghaziabad,Location search,Cross-site,Expanded search variation,ghaziabad,Local commercial,High,Not validated; research candidate
corporate gifts in mumbai,Location search,Cross-site,Expanded search variation,mumbai,Local commercial,High,Not validated; research candidate
corporate gifting companies in mumbai,Location search,Cross-site,Expanded search variation,mumbai,Local commercial,High,Not validated; research candidate
promotional products in mumbai,Location search,Cross-site,Expanded search variation,mumbai,Local commercial,High,Not validated; research candidate
custom t shirts in mumbai,Location search,Cross-site,Expanded search variation,mumbai,Local commercial,High,Not validated; research candidate
t shirt printing in mumbai,Location search,Cross-site,Expanded search variation,mumbai,Local commercial,High,Not validated; research candidate
custom hoodies in mumbai,Location search,Cross-site,Expanded search variation,mumbai,Local commercial,High,Not validated; research candidate
t shirt manufacturers in mumbai,Location search,Cross-site,Expanded search variation,mumbai,Local commercial,High,Not validated; research candidate
custom mugs in mumbai,Location search,Cross-site,Expanded search variation,mumbai,Local commercial,High,Not validated; research candidate
custom notebooks in mumbai,Location search,Cross-site,Expanded search variation,mumbai,Local commercial,High,Not validated; research candidate
business card printing in mumbai,Location search,Cross-site,Expanded search variation,mumbai,Local commercial,High,Not validated; research candidate
visiting card printing in mumbai,Location search,Cross-site,Expanded search variation,mumbai,Local commercial,High,Not validated; research candidate
brochure printing in mumbai,Location search,Cross-site,Expanded search variation,mumbai,Local commercial,High,Not validated; research candidate
sticker printing in mumbai,Location search,Cross-site,Expanded search variation,mumbai,Local commercial,High,Not validated; research candidate
packaging labels in mumbai,Location search,Cross-site,Expanded search variation,mumbai,Local commercial,High,Not validated; research candidate
custom packaging boxes in mumbai,Location search,Cross-site,Expanded search variation,mumbai,Local commercial,High,Not validated; research candidate
online printing services in mumbai,Location search,Cross-site,Expanded search variation,mumbai,Local commercial,High,Not validated; research candidate
banner printing in mumbai,Location search,Cross-site,Expanded search variation,mumbai,Local commercial,High,Not validated; research candidate
employee welcome kits in mumbai,Location search,Cross-site,Expanded search variation,mumbai,Local commercial,High,Not validated; research candidate
diwali corporate gifts in mumbai,Location search,Cross-site,Expanded search variation,mumbai,Local commercial,High,Not validated; research candidate
branded merchandise in mumbai,Location search,Cross-site,Expanded search variation,mumbai,Local commercial,High,Not validated; research candidate
bulk t shirt printing in mumbai,Location search,Cross-site,Expanded search variation,mumbai,Local commercial,High,Not validated; research candidate
corporate uniforms in mumbai,Location search,Cross-site,Expanded search variation,mumbai,Local commercial,High,Not validated; research candidate
printed paper bags in mumbai,Location search,Cross-site,Expanded search variation,mumbai,Local commercial,High,Not validated; research candidate
custom stickers in mumbai,Location search,Cross-site,Expanded search variation,mumbai,Local commercial,High,Not validated; research candidate
corporate gifts in pune,Location search,Cross-site,Expanded search variation,pune,Local commercial,High,Not validated; research candidate
corporate gifting companies in pune,Location search,Cross-site,Expanded search variation,pune,Local commercial,High,Not validated; research candidate
promotional products in pune,Location search,Cross-site,Expanded search variation,pune,Local commercial,High,Not validated; research candidate
custom t shirts in pune,Location search,Cross-site,Expanded search variation,pune,Local commercial,High,Not validated; research candidate
t shirt printing in pune,Location search,Cross-site,Expanded search variation,pune,Local commercial,High,Not validated; research candidate
custom hoodies in pune,Location search,Cross-site,Expanded search variation,pune,Local commercial,High,Not validated; research candidate
t shirt manufacturers in pune,Location search,Cross-site,Expanded search variation,pune,Local commercial,High,Not validated; research candidate
custom mugs in pune,Location search,Cross-site,Expanded search variation,pune,Local commercial,High,Not validated; research candidate
custom notebooks in pune,Location search,Cross-site,Expanded search variation,pune,Local commercial,High,Not validated; research candidate
business card printing in pune,Location search,Cross-site,Expanded search variation,pune,Local commercial,High,Not validated; research candidate
visiting card printing in pune,Location search,Cross-site,Expanded search variation,pune,Local commercial,High,Not validated; research candidate
brochure printing in pune,Location search,Cross-site,Expanded search variation,pune,Local commercial,High,Not validated; research candidate
sticker printing in pune,Location search,Cross-site,Expanded search variation,pune,Local commercial,High,Not validated; research candidate
packaging labels in pune,Location search,Cross-site,Expanded search variation,pune,Local commercial,High,Not validated; research candidate
custom packaging boxes in pune,Location search,Cross-site,Expanded search variation,pune,Local commercial,High,Not validated; research candidate
online printing services in pune,Location search,Cross-site,Expanded search variation,pune,Local commercial,High,Not validated; research candidate
banner printing in pune,Location search,Cross-site,Expanded search variation,pune,Local commercial,High,Not validated; research candidate
employee welcome kits in pune,Location search,Cross-site,Expanded search variation,pune,Local commercial,High,Not validated; research candidate
diwali corporate gifts in pune,Location search,Cross-site,Expanded search variation,pune,Local commercial,High,Not validated; research candidate
branded merchandise in pune,Location search,Cross-site,Expanded search variation,pune,Local commercial,High,Not validated; research candidate
bulk t shirt printing in pune,Location search,Cross-site,Expanded search variation,pune,Local commercial,High,Not validated; research candidate
corporate uniforms in pune,Location search,Cross-site,Expanded search variation,pune,Local commercial,High,Not validated; research candidate
printed paper bags in pune,Location search,Cross-site,Expanded search variation,pune,Local commercial,High,Not validated; research candidate
custom stickers in pune,Location search,Cross-site,Expanded search variation,pune,Local commercial,High,Not validated; research candidate
corporate gifts in bangalore,Location search,Cross-site,Expanded search variation,bangalore,Local commercial,High,Not validated; research candidate
corporate gifting companies in bangalore,Location search,Cross-site,Expanded search variation,bangalore,Local commercial,High,Not validated; research candidate
promotional products in bangalore,Location search,Cross-site,Expanded search variation,bangalore,Local commercial,High,Not validated; research candidate
custom t shirts in bangalore,Location search,Cross-site,Expanded search variation,bangalore,Local commercial,High,Not validated; research candidate
t shirt printing in bangalore,Location search,Cross-site,Expanded search variation,bangalore,Local commercial,High,Not validated; research candidate
custom hoodies in bangalore,Location search,Cross-site,Expanded search variation,bangalore,Local commercial,High,Not validated; research candidate
t shirt manufacturers in bangalore,Location search,Cross-site,Expanded search variation,bangalore,Local commercial,High,Not validated; research candidate
custom mugs in bangalore,Location search,Cross-site,Expanded search variation,bangalore,Local commercial,High,Not validated; research candidate
custom notebooks in bangalore,Location search,Cross-site,Expanded search variation,bangalore,Local commercial,High,Not validated; research candidate
business card printing in bangalore,Location search,Cross-site,Expanded search variation,bangalore,Local commercial,High,Not validated; research candidate
visiting card printing in bangalore,Location search,Cross-site,Expanded search variation,bangalore,Local commercial,High,Not validated; research candidate
brochure printing in bangalore,Location search,Cross-site,Expanded search variation,bangalore,Local commercial,High,Not validated; research candidate
sticker printing in bangalore,Location search,Cross-site,Expanded search variation,bangalore,Local commercial,High,Not validated; research candidate
packaging labels in bangalore,Location search,Cross-site,Expanded search variation,bangalore,Local commercial,High,Not validated; research candidate
custom packaging boxes in bangalore,Location search,Cross-site,Expanded search variation,bangalore,Local commercial,High,Not validated; research candidate
online printing services in bangalore,Location search,Cross-site,Expanded search variation,bangalore,Local commercial,High,Not validated; research candidate
banner printing in bangalore,Location search,Cross-site,Expanded search variation,bangalore,Local commercial,High,Not validated; research candidate
employee welcome kits in bangalore,Location search,Cross-site,Expanded search variation,bangalore,Local commercial,High,Not validated; research candidate
diwali corporate gifts in bangalore,Location search,Cross-site,Expanded search variation,bangalore,Local commercial,High,Not validated; research candidate
branded merchandise in bangalore,Location search,Cross-site,Expanded search variation,bangalore,Local commercial,High,Not validated; research candidate
bulk t shirt printing in bangalore,Location search,Cross-site,Expanded search variation,bangalore,Local commercial,High,Not validated; research candidate
corporate uniforms in bangalore,Location search,Cross-site,Expanded search variation,bangalore,Local commercial,High,Not validated; research candidate
printed paper bags in bangalore,Location search,Cross-site,Expanded search variation,bangalore,Local commercial,High,Not validated; research candidate
custom stickers in bangalore,Location search,Cross-site,Expanded search variation,bangalore,Local commercial,High,Not validated; research candidate
corporate gifts in bengaluru,Location search,Cross-site,Expanded search variation,bengaluru,Local commercial,High,Not validated; research candidate
corporate gifting companies in bengaluru,Location search,Cross-site,Expanded search variation,bengaluru,Local commercial,High,Not validated; research candidate
promotional products in bengaluru,Location search,Cross-site,Expanded search variation,bengaluru,Local commercial,High,Not validated; research candidate
custom t shirts in bengaluru,Location search,Cross-site,Expanded search variation,bengaluru,Local commercial,High,Not validated; research candidate
t shirt printing in bengaluru,Location search,Cross-site,Expanded search variation,bengaluru,Local commercial,High,Not validated; research candidate
custom hoodies in bengaluru,Location search,Cross-site,Expanded search variation,bengaluru,Local commercial,High,Not validated; research candidate
t shirt manufacturers in bengaluru,Location search,Cross-site,Expanded search variation,bengaluru,Local commercial,High,Not validated; research candidate
custom mugs in bengaluru,Location search,Cross-site,Expanded search variation,bengaluru,Local commercial,High,Not validated; research candidate
custom notebooks in bengaluru,Location search,Cross-site,Expanded search variation,bengaluru,Local commercial,High,Not validated; research candidate
business card printing in bengaluru,Location search,Cross-site,Expanded search variation,bengaluru,Local commercial,High,Not validated; research candidate
visiting card printing in bengaluru,Location search,Cross-site,Expanded search variation,bengaluru,Local commercial,High,Not validated; research candidate
brochure printing in bengaluru,Location search,Cross-site,Expanded search variation,bengaluru,Local commercial,High,Not validated; research candidate
sticker printing in bengaluru,Location search,Cross-site,Expanded search variation,bengaluru,Local commercial,High,Not validated; research candidate
packaging labels in bengaluru,Location search,Cross-site,Expanded search variation,bengaluru,Local commercial,High,Not validated; research candidate
custom packaging boxes in bengaluru,Location search,Cross-site,Expanded search variation,bengaluru,Local commercial,High,Not validated; research candidate
online printing services in bengaluru,Location search,Cross-site,Expanded search variation,bengaluru,Local commercial,High,Not validated; research candidate
banner printing in bengaluru,Location search,Cross-site,Expanded search variation,bengaluru,Local commercial,High,Not validated; research candidate
employee welcome kits in bengaluru,Location search,Cross-site,Expanded search variation,bengaluru,Local commercial,High,Not validated; research candidate
diwali corporate gifts in bengaluru,Location search,Cross-site,Expanded search variation,bengaluru,Local commercial,High,Not validated; research candidate
branded merchandise in bengaluru,Location search,Cross-site,Expanded search variation,bengaluru,Local commercial,High,Not validated; research candidate
bulk t shirt printing in bengaluru,Location search,Cross-site,Expanded search variation,bengaluru,Local commercial,High,Not validated; research candidate
corporate uniforms in bengaluru,Location search,Cross-site,Expanded search variation,bengaluru,Local commercial,High,Not validated; research candidate
printed paper bags in bengaluru,Location search,Cross-site,Expanded search variation,bengaluru,Local commercial,High,Not validated; research candidate
custom stickers in bengaluru,Location search,Cross-site,Expanded search variation,bengaluru,Local commercial,High,Not validated; research candidate
corporate gifts in hyderabad,Location search,Cross-site,Expanded search variation,hyderabad,Local commercial,High,Not validated; research candidate
corporate gifting companies in hyderabad,Location search,Cross-site,Expanded search variation,hyderabad,Local commercial,High,Not validated; research candidate
promotional products in hyderabad,Location search,Cross-site,Expanded search variation,hyderabad,Local commercial,High,Not validated; research candidate
custom t shirts in hyderabad,Location search,Cross-site,Expanded search variation,hyderabad,Local commercial,High,Not validated; research candidate
t shirt printing in hyderabad,Location search,Cross-site,Expanded search variation,hyderabad,Local commercial,High,Not validated; research candidate
custom hoodies in hyderabad,Location search,Cross-site,Expanded search variation,hyderabad,Local commercial,High,Not validated; research candidate
t shirt manufacturers in hyderabad,Location search,Cross-site,Expanded search variation,hyderabad,Local commercial,High,Not validated; research candidate
custom mugs in hyderabad,Location search,Cross-site,Expanded search variation,hyderabad,Local commercial,High,Not validated; research candidate
custom notebooks in hyderabad,Location search,Cross-site,Expanded search variation,hyderabad,Local commercial,High,Not validated; research candidate
business card printing in hyderabad,Location search,Cross-site,Expanded search variation,hyderabad,Local commercial,High,Not validated; research candidate
visiting card printing in hyderabad,Location search,Cross-site,Expanded search variation,hyderabad,Local commercial,High,Not validated; research candidate
brochure printing in hyderabad,Location search,Cross-site,Expanded search variation,hyderabad,Local commercial,High,Not validated; research candidate
sticker printing in hyderabad,Location search,Cross-site,Expanded search variation,hyderabad,Local commercial,High,Not validated; research candidate
packaging labels in hyderabad,Location search,Cross-site,Expanded search variation,hyderabad,Local commercial,High,Not validated; research candidate
custom packaging boxes in hyderabad,Location search,Cross-site,Expanded search variation,hyderabad,Local commercial,High,Not validated; research candidate
online printing services in hyderabad,Location search,Cross-site,Expanded search variation,hyderabad,Local commercial,High,Not validated; research candidate
banner printing in hyderabad,Location search,Cross-site,Expanded search variation,hyderabad,Local commercial,High,Not validated; research candidate
employee welcome kits in hyderabad,Location search,Cross-site,Expanded search variation,hyderabad,Local commercial,High,Not validated; research candidate
diwali corporate gifts in hyderabad,Location search,Cross-site,Expanded search variation,hyderabad,Local commercial,High,Not validated; research candidate
branded merchandise in hyderabad,Location search,Cross-site,Expanded search variation,hyderabad,Local commercial,High,Not validated; research candidate
bulk t shirt printing in hyderabad,Location search,Cross-site,Expanded search variation,hyderabad,Local commercial,High,Not validated; research candidate
corporate uniforms in hyderabad,Location search,Cross-site,Expanded search variation,hyderabad,Local commercial,High,Not validated; research candidate
printed paper bags in hyderabad,Location search,Cross-site,Expanded search variation,hyderabad,Local commercial,High,Not validated; research candidate
custom stickers in hyderabad,Location search,Cross-site,Expanded search variation,hyderabad,Local commercial,High,Not validated; research candidate
corporate gifts in chennai,Location search,Cross-site,Expanded search variation,chennai,Local commercial,High,Not validated; research candidate
corporate gifting companies in chennai,Location search,Cross-site,Expanded search variation,chennai,Local commercial,High,Not validated; research candidate
promotional products in chennai,Location search,Cross-site,Expanded search variation,chennai,Local commercial,High,Not validated; research candidate
custom t shirts in chennai,Location search,Cross-site,Expanded search variation,chennai,Local commercial,High,Not validated; research candidate
t shirt printing in chennai,Location search,Cross-site,Expanded search variation,chennai,Local commercial,High,Not validated; research candidate
custom hoodies in chennai,Location search,Cross-site,Expanded search variation,chennai,Local commercial,High,Not validated; research candidate
t shirt manufacturers in chennai,Location search,Cross-site,Expanded search variation,chennai,Local commercial,High,Not validated; research candidate
custom mugs in chennai,Location search,Cross-site,Expanded search variation,chennai,Local commercial,High,Not validated; research candidate
custom notebooks in chennai,Location search,Cross-site,Expanded search variation,chennai,Local commercial,High,Not validated; research candidate
business card printing in chennai,Location search,Cross-site,Expanded search variation,chennai,Local commercial,High,Not validated; research candidate
visiting card printing in chennai,Location search,Cross-site,Expanded search variation,chennai,Local commercial,High,Not validated; research candidate
brochure printing in chennai,Location search,Cross-site,Expanded search variation,chennai,Local commercial,High,Not validated; research candidate
sticker printing in chennai,Location search,Cross-site,Expanded search variation,chennai,Local commercial,High,Not validated; research candidate
packaging labels in chennai,Location search,Cross-site,Expanded search variation,chennai,Local commercial,High,Not validated; research candidate
custom packaging boxes in chennai,Location search,Cross-site,Expanded search variation,chennai,Local commercial,High,Not validated; research candidate
online printing services in chennai,Location search,Cross-site,Expanded search variation,chennai,Local commercial,High,Not validated; research candidate
banner printing in chennai,Location search,Cross-site,Expanded search variation,chennai,Local commercial,High,Not validated; research candidate
employee welcome kits in chennai,Location search,Cross-site,Expanded search variation,chennai,Local commercial,High,Not validated; research candidate
diwali corporate gifts in chennai,Location search,Cross-site,Expanded search variation,chennai,Local commercial,High,Not validated; research candidate
branded merchandise in chennai,Location search,Cross-site,Expanded search variation,chennai,Local commercial,High,Not validated; research candidate
bulk t shirt printing in chennai,Location search,Cross-site,Expanded search variation,chennai,Local commercial,High,Not validated; research candidate
corporate uniforms in chennai,Location search,Cross-site,Expanded search variation,chennai,Local commercial,High,Not validated; research candidate
printed paper bags in chennai,Location search,Cross-site,Expanded search variation,chennai,Local commercial,High,Not validated; research candidate
custom stickers in chennai,Location search,Cross-site,Expanded search variation,chennai,Local commercial,High,Not validated; research candidate
corporate gifts in kolkata,Location search,Cross-site,Expanded search variation,kolkata,Local commercial,High,Not validated; research candidate
corporate gifting companies in kolkata,Location search,Cross-site,Expanded search variation,kolkata,Local commercial,High,Not validated; research candidate
promotional products in kolkata,Location search,Cross-site,Expanded search variation,kolkata,Local commercial,High,Not validated; research candidate
custom t shirts in kolkata,Location search,Cross-site,Expanded search variation,kolkata,Local commercial,High,Not validated; research candidate
t shirt printing in kolkata,Location search,Cross-site,Expanded search variation,kolkata,Local commercial,High,Not validated; research candidate
custom hoodies in kolkata,Location search,Cross-site,Expanded search variation,kolkata,Local commercial,High,Not validated; research candidate
t shirt manufacturers in kolkata,Location search,Cross-site,Expanded search variation,kolkata,Local commercial,High,Not validated; research candidate
custom mugs in kolkata,Location search,Cross-site,Expanded search variation,kolkata,Local commercial,High,Not validated; research candidate
custom notebooks in kolkata,Location search,Cross-site,Expanded search variation,kolkata,Local commercial,High,Not validated; research candidate
business card printing in kolkata,Location search,Cross-site,Expanded search variation,kolkata,Local commercial,High,Not validated; research candidate
visiting card printing in kolkata,Location search,Cross-site,Expanded search variation,kolkata,Local commercial,High,Not validated; research candidate
brochure printing in kolkata,Location search,Cross-site,Expanded search variation,kolkata,Local commercial,High,Not validated; research candidate
sticker printing in kolkata,Location search,Cross-site,Expanded search variation,kolkata,Local commercial,High,Not validated; research candidate
packaging labels in kolkata,Location search,Cross-site,Expanded search variation,kolkata,Local commercial,High,Not validated; research candidate
custom packaging boxes in kolkata,Location search,Cross-site,Expanded search variation,kolkata,Local commercial,High,Not validated; research candidate
online printing services in kolkata,Location search,Cross-site,Expanded search variation,kolkata,Local commercial,High,Not validated; research candidate
banner printing in kolkata,Location search,Cross-site,Expanded search variation,kolkata,Local commercial,High,Not validated; research candidate
employee welcome kits in kolkata,Location search,Cross-site,Expanded search variation,kolkata,Local commercial,High,Not validated; research candidate
diwali corporate gifts in kolkata,Location search,Cross-site,Expanded search variation,kolkata,Local commercial,High,Not validated; research candidate
branded merchandise in kolkata,Location search,Cross-site,Expanded search variation,kolkata,Local commercial,High,Not validated; research candidate
bulk t shirt printing in kolkata,Location search,Cross-site,Expanded search variation,kolkata,Local commercial,High,Not validated; research candidate
corporate uniforms in kolkata,Location search,Cross-site,Expanded search variation,kolkata,Local commercial,High,Not validated; research candidate
printed paper bags in kolkata,Location search,Cross-site,Expanded search variation,kolkata,Local commercial,High,Not validated; research candidate
custom stickers in kolkata,Location search,Cross-site,Expanded search variation,kolkata,Local commercial,High,Not validated; research candidate
corporate gifts in ahmedabad,Location search,Cross-site,Expanded search variation,ahmedabad,Local commercial,High,Not validated; research candidate
corporate gifting companies in ahmedabad,Location search,Cross-site,Expanded search variation,ahmedabad,Local commercial,High,Not validated; research candidate
promotional products in ahmedabad,Location search,Cross-site,Expanded search variation,ahmedabad,Local commercial,High,Not validated; research candidate
custom t shirts in ahmedabad,Location search,Cross-site,Expanded search variation,ahmedabad,Local commercial,High,Not validated; research candidate
t shirt printing in ahmedabad,Location search,Cross-site,Expanded search variation,ahmedabad,Local commercial,High,Not validated; research candidate
custom hoodies in ahmedabad,Location search,Cross-site,Expanded search variation,ahmedabad,Local commercial,High,Not validated; research candidate
t shirt manufacturers in ahmedabad,Location search,Cross-site,Expanded search variation,ahmedabad,Local commercial,High,Not validated; research candidate
custom mugs in ahmedabad,Location search,Cross-site,Expanded search variation,ahmedabad,Local commercial,High,Not validated; research candidate
custom notebooks in ahmedabad,Location search,Cross-site,Expanded search variation,ahmedabad,Local commercial,High,Not validated; research candidate
business card printing in ahmedabad,Location search,Cross-site,Expanded search variation,ahmedabad,Local commercial,High,Not validated; research candidate
visiting card printing in ahmedabad,Location search,Cross-site,Expanded search variation,ahmedabad,Local commercial,High,Not validated; research candidate
brochure printing in ahmedabad,Location search,Cross-site,Expanded search variation,ahmedabad,Local commercial,High,Not validated; research candidate
sticker printing in ahmedabad,Location search,Cross-site,Expanded search variation,ahmedabad,Local commercial,High,Not validated; research candidate
packaging labels in ahmedabad,Location search,Cross-site,Expanded search variation,ahmedabad,Local commercial,High,Not validated; research candidate
custom packaging boxes in ahmedabad,Location search,Cross-site,Expanded search variation,ahmedabad,Local commercial,High,Not validated; research candidate
online printing services in ahmedabad,Location search,Cross-site,Expanded search variation,ahmedabad,Local commercial,High,Not validated; research candidate
banner printing in ahmedabad,Location search,Cross-site,Expanded search variation,ahmedabad,Local commercial,High,Not validated; research candidate
employee welcome kits in ahmedabad,Location search,Cross-site,Expanded search variation,ahmedabad,Local commercial,High,Not validated; research candidate
diwali corporate gifts in ahmedabad,Location search,Cross-site,Expanded search variation,ahmedabad,Local commercial,High,Not validated; research candidate
branded merchandise in ahmedabad,Location search,Cross-site,Expanded search variation,ahmedabad,Local commercial,High,Not validated; research candidate
bulk t shirt printing in ahmedabad,Location search,Cross-site,Expanded search variation,ahmedabad,Local commercial,High,Not validated; research candidate
corporate uniforms in ahmedabad,Location search,Cross-site,Expanded search variation,ahmedabad,Local commercial,High,Not validated; research candidate
printed paper bags in ahmedabad,Location search,Cross-site,Expanded search variation,ahmedabad,Local commercial,High,Not validated; research candidate
custom stickers in ahmedabad,Location search,Cross-site,Expanded search variation,ahmedabad,Local commercial,High,Not validated; research candidate
corporate gifts in jaipur,Location search,Cross-site,Expanded search variation,jaipur,Local commercial,High,Not validated; research candidate
corporate gifting companies in jaipur,Location search,Cross-site,Expanded search variation,jaipur,Local commercial,High,Not validated; research candidate
promotional products in jaipur,Location search,Cross-site,Expanded search variation,jaipur,Local commercial,High,Not validated; research candidate
custom t shirts in jaipur,Location search,Cross-site,Expanded search variation,jaipur,Local commercial,High,Not validated; research candidate
t shirt printing in jaipur,Location search,Cross-site,Expanded search variation,jaipur,Local commercial,High,Not validated; research candidate
custom hoodies in jaipur,Location search,Cross-site,Expanded search variation,jaipur,Local commercial,High,Not validated; research candidate
t shirt manufacturers in jaipur,Location search,Cross-site,Expanded search variation,jaipur,Local commercial,High,Not validated; research candidate
custom mugs in jaipur,Location search,Cross-site,Expanded search variation,jaipur,Local commercial,High,Not validated; research candidate
custom notebooks in jaipur,Location search,Cross-site,Expanded search variation,jaipur,Local commercial,High,Not validated; research candidate
business card printing in jaipur,Location search,Cross-site,Expanded search variation,jaipur,Local commercial,High,Not validated; research candidate
visiting card printing in jaipur,Location search,Cross-site,Expanded search variation,jaipur,Local commercial,High,Not validated; research candidate
brochure printing in jaipur,Location search,Cross-site,Expanded search variation,jaipur,Local commercial,High,Not validated; research candidate
sticker printing in jaipur,Location search,Cross-site,Expanded search variation,jaipur,Local commercial,High,Not validated; research candidate
packaging labels in jaipur,Location search,Cross-site,Expanded search variation,jaipur,Local commercial,High,Not validated; research candidate
custom packaging boxes in jaipur,Location search,Cross-site,Expanded search variation,jaipur,Local commercial,High,Not validated; research candidate
online printing services in jaipur,Location search,Cross-site,Expanded search variation,jaipur,Local commercial,High,Not validated; research candidate
banner printing in jaipur,Location search,Cross-site,Expanded search variation,jaipur,Local commercial,High,Not validated; research candidate
employee welcome kits in jaipur,Location search,Cross-site,Expanded search variation,jaipur,Local commercial,High,Not validated; research candidate
diwali corporate gifts in jaipur,Location search,Cross-site,Expanded search variation,jaipur,Local commercial,High,Not validated; research candidate
branded merchandise in jaipur,Location search,Cross-site,Expanded search variation,jaipur,Local commercial,High,Not validated; research candidate
bulk t shirt printing in jaipur,Location search,Cross-site,Expanded search variation,jaipur,Local commercial,High,Not validated; research candidate
corporate uniforms in jaipur,Location search,Cross-site,Expanded search variation,jaipur,Local commercial,High,Not validated; research candidate
printed paper bags in jaipur,Location search,Cross-site,Expanded search variation,jaipur,Local commercial,High,Not validated; research candidate
custom stickers in jaipur,Location search,Cross-site,Expanded search variation,jaipur,Local commercial,High,Not validated; research candidate
corporate gifts in lucknow,Location search,Cross-site,Expanded search variation,lucknow,Local commercial,High,Not validated; research candidate
corporate gifting companies in lucknow,Location search,Cross-site,Expanded search variation,lucknow,Local commercial,High,Not validated; research candidate
promotional products in lucknow,Location search,Cross-site,Expanded search variation,lucknow,Local commercial,High,Not validated; research candidate
custom t shirts in lucknow,Location search,Cross-site,Expanded search variation,lucknow,Local commercial,High,Not validated; research candidate
t shirt printing in lucknow,Location search,Cross-site,Expanded search variation,lucknow,Local commercial,High,Not validated; research candidate
custom hoodies in lucknow,Location search,Cross-site,Expanded search variation,lucknow,Local commercial,High,Not validated; research candidate
t shirt manufacturers in lucknow,Location search,Cross-site,Expanded search variation,lucknow,Local commercial,High,Not validated; research candidate
custom mugs in lucknow,Location search,Cross-site,Expanded search variation,lucknow,Local commercial,High,Not validated; research candidate
custom notebooks in lucknow,Location search,Cross-site,Expanded search variation,lucknow,Local commercial,High,Not validated; research candidate
business card printing in lucknow,Location search,Cross-site,Expanded search variation,lucknow,Local commercial,High,Not validated; research candidate
visiting card printing in lucknow,Location search,Cross-site,Expanded search variation,lucknow,Local commercial,High,Not validated; research candidate
brochure printing in lucknow,Location search,Cross-site,Expanded search variation,lucknow,Local commercial,High,Not validated; research candidate
sticker printing in lucknow,Location search,Cross-site,Expanded search variation,lucknow,Local commercial,High,Not validated; research candidate
packaging labels in lucknow,Location search,Cross-site,Expanded search variation,lucknow,Local commercial,High,Not validated; research candidate
custom packaging boxes in lucknow,Location search,Cross-site,Expanded search variation,lucknow,Local commercial,High,Not validated; research candidate
online printing services in lucknow,Location search,Cross-site,Expanded search variation,lucknow,Local commercial,High,Not validated; research candidate
banner printing in lucknow,Location search,Cross-site,Expanded search variation,lucknow,Local commercial,High,Not validated; research candidate
employee welcome kits in lucknow,Location search,Cross-site,Expanded search variation,lucknow,Local commercial,High,Not validated; research candidate
diwali corporate gifts in lucknow,Location search,Cross-site,Expanded search variation,lucknow,Local commercial,High,Not validated; research candidate
branded merchandise in lucknow,Location search,Cross-site,Expanded search variation,lucknow,Local commercial,High,Not validated; research candidate
bulk t shirt printing in lucknow,Location search,Cross-site,Expanded search variation,lucknow,Local commercial,High,Not validated; research candidate
corporate uniforms in lucknow,Location search,Cross-site,Expanded search variation,lucknow,Local commercial,High,Not validated; research candidate
printed paper bags in lucknow,Location search,Cross-site,Expanded search variation,lucknow,Local commercial,High,Not validated; research candidate
custom stickers in lucknow,Location search,Cross-site,Expanded search variation,lucknow,Local commercial,High,Not validated; research candidate
corporate gifts in kanpur,Location search,Cross-site,Expanded search variation,kanpur,Local commercial,High,Not validated; research candidate
corporate gifting companies in kanpur,Location search,Cross-site,Expanded search variation,kanpur,Local commercial,High,Not validated; research candidate
promotional products in kanpur,Location search,Cross-site,Expanded search variation,kanpur,Local commercial,High,Not validated; research candidate
custom t shirts in kanpur,Location search,Cross-site,Expanded search variation,kanpur,Local commercial,High,Not validated; research candidate
t shirt printing in kanpur,Location search,Cross-site,Expanded search variation,kanpur,Local commercial,High,Not validated; research candidate
custom hoodies in kanpur,Location search,Cross-site,Expanded search variation,kanpur,Local commercial,High,Not validated; research candidate
t shirt manufacturers in kanpur,Location search,Cross-site,Expanded search variation,kanpur,Local commercial,High,Not validated; research candidate
custom mugs in kanpur,Location search,Cross-site,Expanded search variation,kanpur,Local commercial,High,Not validated; research candidate
custom notebooks in kanpur,Location search,Cross-site,Expanded search variation,kanpur,Local commercial,High,Not validated; research candidate
business card printing in kanpur,Location search,Cross-site,Expanded search variation,kanpur,Local commercial,High,Not validated; research candidate
visiting card printing in kanpur,Location search,Cross-site,Expanded search variation,kanpur,Local commercial,High,Not validated; research candidate
brochure printing in kanpur,Location search,Cross-site,Expanded search variation,kanpur,Local commercial,High,Not validated; research candidate
sticker printing in kanpur,Location search,Cross-site,Expanded search variation,kanpur,Local commercial,High,Not validated; research candidate
packaging labels in kanpur,Location search,Cross-site,Expanded search variation,kanpur,Local commercial,High,Not validated; research candidate
custom packaging boxes in kanpur,Location search,Cross-site,Expanded search variation,kanpur,Local commercial,High,Not validated; research candidate
online printing services in kanpur,Location search,Cross-site,Expanded search variation,kanpur,Local commercial,High,Not validated; research candidate
banner printing in kanpur,Location search,Cross-site,Expanded search variation,kanpur,Local commercial,High,Not validated; research candidate
employee welcome kits in kanpur,Location search,Cross-site,Expanded search variation,kanpur,Local commercial,High,Not validated; research candidate
diwali corporate gifts in kanpur,Location search,Cross-site,Expanded search variation,kanpur,Local commercial,High,Not validated; research candidate
branded merchandise in kanpur,Location search,Cross-site,Expanded search variation,kanpur,Local commercial,High,Not validated; research candidate
bulk t shirt printing in kanpur,Location search,Cross-site,Expanded search variation,kanpur,Local commercial,High,Not validated; research candidate
corporate uniforms in kanpur,Location search,Cross-site,Expanded search variation,kanpur,Local commercial,High,Not validated; research candidate
printed paper bags in kanpur,Location search,Cross-site,Expanded search variation,kanpur,Local commercial,High,Not validated; research candidate
custom stickers in kanpur,Location search,Cross-site,Expanded search variation,kanpur,Local commercial,High,Not validated; research candidate
corporate gifts in chandigarh,Location search,Cross-site,Expanded search variation,chandigarh,Local commercial,High,Not validated; research candidate
corporate gifting companies in chandigarh,Location search,Cross-site,Expanded search variation,chandigarh,Local commercial,High,Not validated; research candidate
promotional products in chandigarh,Location search,Cross-site,Expanded search variation,chandigarh,Local commercial,High,Not validated; research candidate
custom t shirts in chandigarh,Location search,Cross-site,Expanded search variation,chandigarh,Local commercial,High,Not validated; research candidate
t shirt printing in chandigarh,Location search,Cross-site,Expanded search variation,chandigarh,Local commercial,High,Not validated; research candidate
custom hoodies in chandigarh,Location search,Cross-site,Expanded search variation,chandigarh,Local commercial,High,Not validated; research candidate
t shirt manufacturers in chandigarh,Location search,Cross-site,Expanded search variation,chandigarh,Local commercial,High,Not validated; research candidate
custom mugs in chandigarh,Location search,Cross-site,Expanded search variation,chandigarh,Local commercial,High,Not validated; research candidate
custom notebooks in chandigarh,Location search,Cross-site,Expanded search variation,chandigarh,Local commercial,High,Not validated; research candidate
business card printing in chandigarh,Location search,Cross-site,Expanded search variation,chandigarh,Local commercial,High,Not validated; research candidate
visiting card printing in chandigarh,Location search,Cross-site,Expanded search variation,chandigarh,Local commercial,High,Not validated; research candidate
brochure printing in chandigarh,Location search,Cross-site,Expanded search variation,chandigarh,Local commercial,High,Not validated; research candidate
sticker printing in chandigarh,Location search,Cross-site,Expanded search variation,chandigarh,Local commercial,High,Not validated; research candidate
packaging labels in chandigarh,Location search,Cross-site,Expanded search variation,chandigarh,Local commercial,High,Not validated; research candidate
custom packaging boxes in chandigarh,Location search,Cross-site,Expanded search variation,chandigarh,Local commercial,High,Not validated; research candidate
online printing services in chandigarh,Location search,Cross-site,Expanded search variation,chandigarh,Local commercial,High,Not validated; research candidate
banner printing in chandigarh,Location search,Cross-site,Expanded search variation,chandigarh,Local commercial,High,Not validated; research candidate
employee welcome kits in chandigarh,Location search,Cross-site,Expanded search variation,chandigarh,Local commercial,High,Not validated; research candidate
diwali corporate gifts in chandigarh,Location search,Cross-site,Expanded search variation,chandigarh,Local commercial,High,Not validated; research candidate
branded merchandise in chandigarh,Location search,Cross-site,Expanded search variation,chandigarh,Local commercial,High,Not validated; research candidate
bulk t shirt printing in chandigarh,Location search,Cross-site,Expanded search variation,chandigarh,Local commercial,High,Not validated; research candidate
corporate uniforms in chandigarh,Location search,Cross-site,Expanded search variation,chandigarh,Local commercial,High,Not validated; research candidate
printed paper bags in chandigarh,Location search,Cross-site,Expanded search variation,chandigarh,Local commercial,High,Not validated; research candidate
custom stickers in chandigarh,Location search,Cross-site,Expanded search variation,chandigarh,Local commercial,High,Not validated; research candidate
corporate gifts in surat,Location search,Cross-site,Expanded search variation,surat,Local commercial,High,Not validated; research candidate
corporate gifting companies in surat,Location search,Cross-site,Expanded search variation,surat,Local commercial,High,Not validated; research candidate
promotional products in surat,Location search,Cross-site,Expanded search variation,surat,Local commercial,High,Not validated; research candidate
custom t shirts in surat,Location search,Cross-site,Expanded search variation,surat,Local commercial,High,Not validated; research candidate
t shirt printing in surat,Location search,Cross-site,Expanded search variation,surat,Local commercial,High,Not validated; research candidate
custom hoodies in surat,Location search,Cross-site,Expanded search variation,surat,Local commercial,High,Not validated; research candidate
t shirt manufacturers in surat,Location search,Cross-site,Expanded search variation,surat,Local commercial,High,Not validated; research candidate
custom mugs in surat,Location search,Cross-site,Expanded search variation,surat,Local commercial,High,Not validated; research candidate
custom notebooks in surat,Location search,Cross-site,Expanded search variation,surat,Local commercial,High,Not validated; research candidate
business card printing in surat,Location search,Cross-site,Expanded search variation,surat,Local commercial,High,Not validated; research candidate
visiting card printing in surat,Location search,Cross-site,Expanded search variation,surat,Local commercial,High,Not validated; research candidate
brochure printing in surat,Location search,Cross-site,Expanded search variation,surat,Local commercial,High,Not validated; research candidate
sticker printing in surat,Location search,Cross-site,Expanded search variation,surat,Local commercial,High,Not validated; research candidate
packaging labels in surat,Location search,Cross-site,Expanded search variation,surat,Local commercial,High,Not validated; research candidate
custom packaging boxes in surat,Location search,Cross-site,Expanded search variation,surat,Local commercial,High,Not validated; research candidate
online printing services in surat,Location search,Cross-site,Expanded search variation,surat,Local commercial,High,Not validated; research candidate
banner printing in surat,Location search,Cross-site,Expanded search variation,surat,Local commercial,High,Not validated; research candidate
employee welcome kits in surat,Location search,Cross-site,Expanded search variation,surat,Local commercial,High,Not validated; research candidate
diwali corporate gifts in surat,Location search,Cross-site,Expanded search variation,surat,Local commercial,High,Not validated; research candidate
branded merchandise in surat,Location search,Cross-site,Expanded search variation,surat,Local commercial,High,Not validated; research candidate
bulk t shirt printing in surat,Location search,Cross-site,Expanded search variation,surat,Local commercial,High,Not validated; research candidate
corporate uniforms in surat,Location search,Cross-site,Expanded search variation,surat,Local commercial,High,Not validated; research candidate
printed paper bags in surat,Location search,Cross-site,Expanded search variation,surat,Local commercial,High,Not validated; research candidate
custom stickers in surat,Location search,Cross-site,Expanded search variation,surat,Local commercial,High,Not validated; research candidate
corporate gifts in indore,Location search,Cross-site,Expanded search variation,indore,Local commercial,High,Not validated; research candidate
corporate gifting companies in indore,Location search,Cross-site,Expanded search variation,indore,Local commercial,High,Not validated; research candidate
promotional products in indore,Location search,Cross-site,Expanded search variation,indore,Local commercial,High,Not validated; research candidate
custom t shirts in indore,Location search,Cross-site,Expanded search variation,indore,Local commercial,High,Not validated; research candidate
t shirt printing in indore,Location search,Cross-site,Expanded search variation,indore,Local commercial,High,Not validated; research candidate
custom hoodies in indore,Location search,Cross-site,Expanded search variation,indore,Local commercial,High,Not validated; research candidate
t shirt manufacturers in indore,Location search,Cross-site,Expanded search variation,indore,Local commercial,High,Not validated; research candidate
custom mugs in indore,Location search,Cross-site,Expanded search variation,indore,Local commercial,High,Not validated; research candidate
custom notebooks in indore,Location search,Cross-site,Expanded search variation,indore,Local commercial,High,Not validated; research candidate
business card printing in indore,Location search,Cross-site,Expanded search variation,indore,Local commercial,High,Not validated; research candidate
visiting card printing in indore,Location search,Cross-site,Expanded search variation,indore,Local commercial,High,Not validated; research candidate
brochure printing in indore,Location search,Cross-site,Expanded search variation,indore,Local commercial,High,Not validated; research candidate
sticker printing in indore,Location search,Cross-site,Expanded search variation,indore,Local commercial,High,Not validated; research candidate
packaging labels in indore,Location search,Cross-site,Expanded search variation,indore,Local commercial,High,Not validated; research candidate
custom packaging boxes in indore,Location search,Cross-site,Expanded search variation,indore,Local commercial,High,Not validated; research candidate
online printing services in indore,Location search,Cross-site,Expanded search variation,indore,Local commercial,High,Not validated; research candidate
banner printing in indore,Location search,Cross-site,Expanded search variation,indore,Local commercial,High,Not validated; research candidate
employee welcome kits in indore,Location search,Cross-site,Expanded search variation,indore,Local commercial,High,Not validated; research candidate
diwali corporate gifts in indore,Location search,Cross-site,Expanded search variation,indore,Local commercial,High,Not validated; research candidate
branded merchandise in indore,Location search,Cross-site,Expanded search variation,indore,Local commercial,High,Not validated; research candidate
bulk t shirt printing in indore,Location search,Cross-site,Expanded search variation,indore,Local commercial,High,Not validated; research candidate
corporate uniforms in indore,Location search,Cross-site,Expanded search variation,indore,Local commercial,High,Not validated; research candidate
printed paper bags in indore,Location search,Cross-site,Expanded search variation,indore,Local commercial,High,Not validated; research candidate
custom stickers in indore,Location search,Cross-site,Expanded search variation,indore,Local commercial,High,Not validated; research candidate
corporate gifts in kochi,Location search,Cross-site,Expanded search variation,kochi,Local commercial,High,Not validated; research candidate
corporate gifting companies in kochi,Location search,Cross-site,Expanded search variation,kochi,Local commercial,High,Not validated; research candidate
promotional products in kochi,Location search,Cross-site,Expanded search variation,kochi,Local commercial,High,Not validated; research candidate
custom t shirts in kochi,Location search,Cross-site,Expanded search variation,kochi,Local commercial,High,Not validated; research candidate
t shirt printing in kochi,Location search,Cross-site,Expanded search variation,kochi,Local commercial,High,Not validated; research candidate
custom hoodies in kochi,Location search,Cross-site,Expanded search variation,kochi,Local commercial,High,Not validated; research candidate
t shirt manufacturers in kochi,Location search,Cross-site,Expanded search variation,kochi,Local commercial,High,Not validated; research candidate
custom mugs in kochi,Location search,Cross-site,Expanded search variation,kochi,Local commercial,High,Not validated; research candidate
custom notebooks in kochi,Location search,Cross-site,Expanded search variation,kochi,Local commercial,High,Not validated; research candidate
business card printing in kochi,Location search,Cross-site,Expanded search variation,kochi,Local commercial,High,Not validated; research candidate
visiting card printing in kochi,Location search,Cross-site,Expanded search variation,kochi,Local commercial,High,Not validated; research candidate
brochure printing in kochi,Location search,Cross-site,Expanded search variation,kochi,Local commercial,High,Not validated; research candidate
sticker printing in kochi,Location search,Cross-site,Expanded search variation,kochi,Local commercial,High,Not validated; research candidate
packaging labels in kochi,Location search,Cross-site,Expanded search variation,kochi,Local commercial,High,Not validated; research candidate
custom packaging boxes in kochi,Location search,Cross-site,Expanded search variation,kochi,Local commercial,High,Not validated; research candidate
online printing services in kochi,Location search,Cross-site,Expanded search variation,kochi,Local commercial,High,Not validated; research candidate
banner printing in kochi,Location search,Cross-site,Expanded search variation,kochi,Local commercial,High,Not validated; research candidate
employee welcome kits in kochi,Location search,Cross-site,Expanded search variation,kochi,Local commercial,High,Not validated; research candidate
diwali corporate gifts in kochi,Location search,Cross-site,Expanded search variation,kochi,Local commercial,High,Not validated; research candidate
branded merchandise in kochi,Location search,Cross-site,Expanded search variation,kochi,Local commercial,High,Not validated; research candidate
bulk t shirt printing in kochi,Location search,Cross-site,Expanded search variation,kochi,Local commercial,High,Not validated; research candidate
corporate uniforms in kochi,Location search,Cross-site,Expanded search variation,kochi,Local commercial,High,Not validated; research candidate
printed paper bags in kochi,Location search,Cross-site,Expanded search variation,kochi,Local commercial,High,Not validated; research candidate
custom stickers in kochi,Location search,Cross-site,Expanded search variation,kochi,Local commercial,High,Not validated; research candidate
corporate gifting usa,Global search,Cross-site,Expanded search variation,usa,Commercial,Medium,Not validated; research candidate
custom corporate gifts usa,Global search,Cross-site,Expanded search variation,usa,Commercial,Medium,Not validated; research candidate
promotional products usa,Global search,Cross-site,Expanded search variation,usa,Commercial,Medium,Not validated; research candidate
custom t shirt printing usa,Global search,Cross-site,Expanded search variation,usa,Commercial,Medium,Not validated; research candidate
bulk t shirts usa,Global search,Cross-site,Expanded search variation,usa,Commercial,Medium,Not validated; research candidate
custom packaging usa,Global search,Cross-site,Expanded search variation,usa,Commercial,Medium,Not validated; research candidate
business card printing usa,Global search,Cross-site,Expanded search variation,usa,Commercial,Medium,Not validated; research candidate
custom stickers usa,Global search,Cross-site,Expanded search variation,usa,Commercial,Medium,Not validated; research candidate
branded merchandise usa,Global search,Cross-site,Expanded search variation,usa,Commercial,Medium,Not validated; research candidate
corporate gifting united states,Global search,Cross-site,Expanded search variation,united states,Commercial,Medium,Not validated; research candidate
custom corporate gifts united states,Global search,Cross-site,Expanded search variation,united states,Commercial,Medium,Not validated; research candidate
promotional products united states,Global search,Cross-site,Expanded search variation,united states,Commercial,Medium,Not validated; research candidate
custom t shirt printing united states,Global search,Cross-site,Expanded search variation,united states,Commercial,Medium,Not validated; research candidate
bulk t shirts united states,Global search,Cross-site,Expanded search variation,united states,Commercial,Medium,Not validated; research candidate
custom packaging united states,Global search,Cross-site,Expanded search variation,united states,Commercial,Medium,Not validated; research candidate
business card printing united states,Global search,Cross-site,Expanded search variation,united states,Commercial,Medium,Not validated; research candidate
custom stickers united states,Global search,Cross-site,Expanded search variation,united states,Commercial,Medium,Not validated; research candidate
branded merchandise united states,Global search,Cross-site,Expanded search variation,united states,Commercial,Medium,Not validated; research candidate
corporate gifting uk,Global search,Cross-site,Expanded search variation,uk,Commercial,Medium,Not validated; research candidate
custom corporate gifts uk,Global search,Cross-site,Expanded search variation,uk,Commercial,Medium,Not validated; research candidate
promotional products uk,Global search,Cross-site,Expanded search variation,uk,Commercial,Medium,Not validated; research candidate
custom t shirt printing uk,Global search,Cross-site,Expanded search variation,uk,Commercial,Medium,Not validated; research candidate
bulk t shirts uk,Global search,Cross-site,Expanded search variation,uk,Commercial,Medium,Not validated; research candidate
custom packaging uk,Global search,Cross-site,Expanded search variation,uk,Commercial,Medium,Not validated; research candidate
business card printing uk,Global search,Cross-site,Expanded search variation,uk,Commercial,Medium,Not validated; research candidate
custom stickers uk,Global search,Cross-site,Expanded search variation,uk,Commercial,Medium,Not validated; research candidate
branded merchandise uk,Global search,Cross-site,Expanded search variation,uk,Commercial,Medium,Not validated; research candidate
corporate gifting united kingdom,Global search,Cross-site,Expanded search variation,united kingdom,Commercial,Medium,Not validated; research candidate
custom corporate gifts united kingdom,Global search,Cross-site,Expanded search variation,united kingdom,Commercial,Medium,Not validated; research candidate
promotional products united kingdom,Global search,Cross-site,Expanded search variation,united kingdom,Commercial,Medium,Not validated; research candidate
custom t shirt printing united kingdom,Global search,Cross-site,Expanded search variation,united kingdom,Commercial,Medium,Not validated; research candidate
bulk t shirts united kingdom,Global search,Cross-site,Expanded search variation,united kingdom,Commercial,Medium,Not validated; research candidate
custom packaging united kingdom,Global search,Cross-site,Expanded search variation,united kingdom,Commercial,Medium,Not validated; research candidate
business card printing united kingdom,Global search,Cross-site,Expanded search variation,united kingdom,Commercial,Medium,Not validated; research candidate
custom stickers united kingdom,Global search,Cross-site,Expanded search variation,united kingdom,Commercial,Medium,Not validated; research candidate
branded merchandise united kingdom,Global search,Cross-site,Expanded search variation,united kingdom,Commercial,Medium,Not validated; research candidate
corporate gifting canada,Global search,Cross-site,Expanded search variation,canada,Commercial,Medium,Not validated; research candidate
custom corporate gifts canada,Global search,Cross-site,Expanded search variation,canada,Commercial,Medium,Not validated; research candidate
promotional products canada,Global search,Cross-site,Expanded search variation,canada,Commercial,Medium,Not validated; research candidate
custom t shirt printing canada,Global search,Cross-site,Expanded search variation,canada,Commercial,Medium,Not validated; research candidate
bulk t shirts canada,Global search,Cross-site,Expanded search variation,canada,Commercial,Medium,Not validated; research candidate
custom packaging canada,Global search,Cross-site,Expanded search variation,canada,Commercial,Medium,Not validated; research candidate
business card printing canada,Global search,Cross-site,Expanded search variation,canada,Commercial,Medium,Not validated; research candidate
custom stickers canada,Global search,Cross-site,Expanded search variation,canada,Commercial,Medium,Not validated; research candidate
branded merchandise canada,Global search,Cross-site,Expanded search variation,canada,Commercial,Medium,Not validated; research candidate
corporate gifting australia,Global search,Cross-site,Expanded search variation,australia,Commercial,Medium,Not validated; research candidate
custom corporate gifts australia,Global search,Cross-site,Expanded search variation,australia,Commercial,Medium,Not validated; research candidate
promotional products australia,Global search,Cross-site,Expanded search variation,australia,Commercial,Medium,Not validated; research candidate
custom t shirt printing australia,Global search,Cross-site,Expanded search variation,australia,Commercial,Medium,Not validated; research candidate
bulk t shirts australia,Global search,Cross-site,Expanded search variation,australia,Commercial,Medium,Not validated; research candidate
custom packaging australia,Global search,Cross-site,Expanded search variation,australia,Commercial,Medium,Not validated; research candidate
business card printing australia,Global search,Cross-site,Expanded search variation,australia,Commercial,Medium,Not validated; research candidate
custom stickers australia,Global search,Cross-site,Expanded search variation,australia,Commercial,Medium,Not validated; research candidate
branded merchandise australia,Global search,Cross-site,Expanded search variation,australia,Commercial,Medium,Not validated; research candidate
corporate gifting uae,Global search,Cross-site,Expanded search variation,uae,Commercial,Medium,Not validated; research candidate
custom corporate gifts uae,Global search,Cross-site,Expanded search variation,uae,Commercial,Medium,Not validated; research candidate
promotional products uae,Global search,Cross-site,Expanded search variation,uae,Commercial,Medium,Not validated; research candidate
custom t shirt printing uae,Global search,Cross-site,Expanded search variation,uae,Commercial,Medium,Not validated; research candidate
bulk t shirts uae,Global search,Cross-site,Expanded search variation,uae,Commercial,Medium,Not validated; research candidate
custom packaging uae,Global search,Cross-site,Expanded search variation,uae,Commercial,Medium,Not validated; research candidate
business card printing uae,Global search,Cross-site,Expanded search variation,uae,Commercial,Medium,Not validated; research candidate
custom stickers uae,Global search,Cross-site,Expanded search variation,uae,Commercial,Medium,Not validated; research candidate
branded merchandise uae,Global search,Cross-site,Expanded search variation,uae,Commercial,Medium,Not validated; research candidate
corporate gifting dubai,Global search,Cross-site,Expanded search variation,dubai,Commercial,Medium,Not validated; research candidate
custom corporate gifts dubai,Global search,Cross-site,Expanded search variation,dubai,Commercial,Medium,Not validated; research candidate
promotional products dubai,Global search,Cross-site,Expanded search variation,dubai,Commercial,Medium,Not validated; research candidate
custom t shirt printing dubai,Global search,Cross-site,Expanded search variation,dubai,Commercial,Medium,Not validated; research candidate
bulk t shirts dubai,Global search,Cross-site,Expanded search variation,dubai,Commercial,Medium,Not validated; research candidate
custom packaging dubai,Global search,Cross-site,Expanded search variation,dubai,Commercial,Medium,Not validated; research candidate
business card printing dubai,Global search,Cross-site,Expanded search variation,dubai,Commercial,Medium,Not validated; research candidate
custom stickers dubai,Global search,Cross-site,Expanded search variation,dubai,Commercial,Medium,Not validated; research candidate
branded merchandise dubai,Global search,Cross-site,Expanded search variation,dubai,Commercial,Medium,Not validated; research candidate
corporate gifting singapore,Global search,Cross-site,Expanded search variation,singapore,Commercial,Medium,Not validated; research candidate
custom corporate gifts singapore,Global search,Cross-site,Expanded search variation,singapore,Commercial,Medium,Not validated; research candidate
promotional products singapore,Global search,Cross-site,Expanded search variation,singapore,Commercial,Medium,Not validated; research candidate
custom t shirt printing singapore,Global search,Cross-site,Expanded search variation,singapore,Commercial,Medium,Not validated; research candidate
bulk t shirts singapore,Global search,Cross-site,Expanded search variation,singapore,Commercial,Medium,Not validated; research candidate
custom packaging singapore,Global search,Cross-site,Expanded search variation,singapore,Commercial,Medium,Not validated; research candidate
business card printing singapore,Global search,Cross-site,Expanded search variation,singapore,Commercial,Medium,Not validated; research candidate
custom stickers singapore,Global search,Cross-site,Expanded search variation,singapore,Commercial,Medium,Not validated; research candidate
branded merchandise singapore,Global search,Cross-site,Expanded search variation,singapore,Commercial,Medium,Not validated; research candidate
corporate gifting saudi arabia,Global search,Cross-site,Expanded search variation,saudi arabia,Commercial,Medium,Not validated; research candidate
custom corporate gifts saudi arabia,Global search,Cross-site,Expanded search variation,saudi arabia,Commercial,Medium,Not validated; research candidate
promotional products saudi arabia,Global search,Cross-site,Expanded search variation,saudi arabia,Commercial,Medium,Not validated; research candidate
custom t shirt printing saudi arabia,Global search,Cross-site,Expanded search variation,saudi arabia,Commercial,Medium,Not validated; research candidate
bulk t shirts saudi arabia,Global search,Cross-site,Expanded search variation,saudi arabia,Commercial,Medium,Not validated; research candidate
custom packaging saudi arabia,Global search,Cross-site,Expanded search variation,saudi arabia,Commercial,Medium,Not validated; research candidate
business card printing saudi arabia,Global search,Cross-site,Expanded search variation,saudi arabia,Commercial,Medium,Not validated; research candidate
custom stickers saudi arabia,Global search,Cross-site,Expanded search variation,saudi arabia,Commercial,Medium,Not validated; research candidate
branded merchandise saudi arabia,Global search,Cross-site,Expanded search variation,saudi arabia,Commercial,Medium,Not validated; research candidate
corporate gifting qatar,Global search,Cross-site,Expanded search variation,qatar,Commercial,Medium,Not validated; research candidate
custom corporate gifts qatar,Global search,Cross-site,Expanded search variation,qatar,Commercial,Medium,Not validated; research candidate
promotional products qatar,Global search,Cross-site,Expanded search variation,qatar,Commercial,Medium,Not validated; research candidate
custom t shirt printing qatar,Global search,Cross-site,Expanded search variation,qatar,Commercial,Medium,Not validated; research candidate
bulk t shirts qatar,Global search,Cross-site,Expanded search variation,qatar,Commercial,Medium,Not validated; research candidate
custom packaging qatar,Global search,Cross-site,Expanded search variation,qatar,Commercial,Medium,Not validated; research candidate
business card printing qatar,Global search,Cross-site,Expanded search variation,qatar,Commercial,Medium,Not validated; research candidate
custom stickers qatar,Global search,Cross-site,Expanded search variation,qatar,Commercial,Medium,Not validated; research candidate
branded merchandise qatar,Global search,Cross-site,Expanded search variation,qatar,Commercial,Medium,Not validated; research candidate
corporate gifting germany,Global search,Cross-site,Expanded search variation,germany,Commercial,Medium,Not validated; research candidate
custom corporate gifts germany,Global search,Cross-site,Expanded search variation,germany,Commercial,Medium,Not validated; research candidate
promotional products germany,Global search,Cross-site,Expanded search variation,germany,Commercial,Medium,Not validated; research candidate
custom t shirt printing germany,Global search,Cross-site,Expanded search variation,germany,Commercial,Medium,Not validated; research candidate
bulk t shirts germany,Global search,Cross-site,Expanded search variation,germany,Commercial,Medium,Not validated; research candidate
custom packaging germany,Global search,Cross-site,Expanded search variation,germany,Commercial,Medium,Not validated; research candidate
business card printing germany,Global search,Cross-site,Expanded search variation,germany,Commercial,Medium,Not validated; research candidate
custom stickers germany,Global search,Cross-site,Expanded search variation,germany,Commercial,Medium,Not validated; research candidate
branded merchandise germany,Global search,Cross-site,Expanded search variation,germany,Commercial,Medium,Not validated; research candidate
corporate gifts under 500,B2B buying queries,Cross-site,Expanded search variation,India,Commercial,High,Not validated; research candidate
corporate gifts under 1000,B2B buying queries,Cross-site,Expanded search variation,India,Commercial,High,Not validated; research candidate
corporate gifts for employees,B2B buying queries,Cross-site,Expanded search variation,India,Commercial,High,Not validated; research candidate
corporate gifts for clients,B2B buying queries,Cross-site,Expanded search variation,India,Commercial,High,Not validated; research candidate
corporate gifts for startups,B2B buying queries,Cross-site,Expanded search variation,India,Commercial,High,Not validated; research candidate
corporate gifts for events,B2B buying queries,Cross-site,Expanded search variation,India,Commercial,High,Not validated; research candidate
corporate gifts in bulk,B2B buying queries,Cross-site,Expanded search variation,India,Commercial,High,Not validated; research candidate
corporate gifts with company logo,B2B buying queries,Cross-site,Expanded search variation,India,Commercial,High,Not validated; research candidate
employee gifts under 500,B2B buying queries,Cross-site,Expanded search variation,India,Commercial,High,Not validated; research candidate
employee gifts under 1000,B2B buying queries,Cross-site,Expanded search variation,India,Commercial,High,Not validated; research candidate
employee gifts for employees,B2B buying queries,Cross-site,Expanded search variation,India,Commercial,High,Not validated; research candidate
employee gifts for clients,B2B buying queries,Cross-site,Expanded search variation,India,Commercial,High,Not validated; research candidate
employee gifts for startups,B2B buying queries,Cross-site,Expanded search variation,India,Commercial,High,Not validated; research candidate
employee gifts for events,B2B buying queries,Cross-site,Expanded search variation,India,Commercial,High,Not validated; research candidate
employee gifts in bulk,B2B buying queries,Cross-site,Expanded search variation,India,Commercial,High,Not validated; research candidate
employee gifts with company logo,B2B buying queries,Cross-site,Expanded search variation,India,Commercial,High,Not validated; research candidate
diwali gifts under 500,B2B buying queries,Cross-site,Expanded search variation,India,Commercial,High,Not validated; research candidate
diwali gifts under 1000,B2B buying queries,Cross-site,Expanded search variation,India,Commercial,High,Not validated; research candidate
diwali gifts for employees,B2B buying queries,Cross-site,Expanded search variation,India,Commercial,High,Not validated; research candidate
diwali gifts for clients,B2B buying queries,Cross-site,Expanded search variation,India,Commercial,High,Not validated; research candidate
diwali gifts for startups,B2B buying queries,Cross-site,Expanded search variation,India,Commercial,High,Not validated; research candidate
diwali gifts for events,B2B buying queries,Cross-site,Expanded search variation,India,Commercial,High,Not validated; research candidate
diwali gifts in bulk,B2B buying queries,Cross-site,Expanded search variation,India,Commercial,High,Not validated; research candidate
diwali gifts with company logo,B2B buying queries,Cross-site,Expanded search variation,India,Commercial,High,Not validated; research candidate
custom pens under 500,B2B buying queries,Cross-site,Expanded search variation,India,Commercial,High,Not validated; research candidate
custom pens under 1000,B2B buying queries,Cross-site,Expanded search variation,India,Commercial,High,Not validated; research candidate
custom pens for employees,B2B buying queries,Cross-site,Expanded search variation,India,Commercial,High,Not validated; research candidate
custom pens for clients,B2B buying queries,Cross-site,Expanded search variation,India,Commercial,High,Not validated; research candidate
custom pens for startups,B2B buying queries,Cross-site,Expanded search variation,India,Commercial,High,Not validated; research candidate
custom pens for events,B2B buying queries,Cross-site,Expanded search variation,India,Commercial,High,Not validated; research candidate
custom pens in bulk,B2B buying queries,Cross-site,Expanded search variation,India,Commercial,High,Not validated; research candidate
custom pens with company logo,B2B buying queries,Cross-site,Expanded search variation,India,Commercial,High,Not validated; research candidate
custom notebooks under 500,B2B buying queries,Cross-site,Expanded search variation,India,Commercial,High,Not validated; research candidate
custom notebooks under 1000,B2B buying queries,Cross-site,Expanded search variation,India,Commercial,High,Not validated; research candidate
custom notebooks for employees,B2B buying queries,Cross-site,Expanded search variation,India,Commercial,High,Not validated; research candidate
custom notebooks for clients,B2B buying queries,Cross-site,Expanded search variation,India,Commercial,High,Not validated; research candidate
custom notebooks for startups,B2B buying queries,Cross-site,Expanded search variation,India,Commercial,High,Not validated; research candidate
custom notebooks for events,B2B buying queries,Cross-site,Expanded search variation,India,Commercial,High,Not validated; research candidate
custom notebooks in bulk,B2B buying queries,Cross-site,Expanded search variation,India,Commercial,High,Not validated; research candidate
custom notebooks with company logo,B2B buying queries,Cross-site,Expanded search variation,India,Commercial,High,Not validated; research candidate
custom mugs under 500,B2B buying queries,Cross-site,Expanded search variation,India,Commercial,High,Not validated; research candidate
custom mugs under 1000,B2B buying queries,Cross-site,Expanded search variation,India,Commercial,High,Not validated; research candidate
custom mugs for employees,B2B buying queries,Cross-site,Expanded search variation,India,Commercial,High,Not validated; research candidate
custom mugs for clients,B2B buying queries,Cross-site,Expanded search variation,India,Commercial,High,Not validated; research candidate
custom mugs for startups,B2B buying queries,Cross-site,Expanded search variation,India,Commercial,High,Not validated; research candidate
custom mugs for events,B2B buying queries,Cross-site,Expanded search variation,India,Commercial,High,Not validated; research candidate
custom mugs in bulk,B2B buying queries,Cross-site,Expanded search variation,India,Commercial,High,Not validated; research candidate
custom mugs with company logo,B2B buying queries,Cross-site,Expanded search variation,India,Commercial,High,Not validated; research candidate
custom water bottles under 500,B2B buying queries,Cross-site,Expanded search variation,India,Commercial,High,Not validated; research candidate
custom water bottles under 1000,B2B buying queries,Cross-site,Expanded search variation,India,Commercial,High,Not validated; research candidate
custom water bottles for employees,B2B buying queries,Cross-site,Expanded search variation,India,Commercial,High,Not validated; research candidate
custom water bottles for clients,B2B buying queries,Cross-site,Expanded search variation,India,Commercial,High,Not validated; research candidate
custom water bottles for startups,B2B buying queries,Cross-site,Expanded search variation,India,Commercial,High,Not validated; research candidate
custom water bottles for events,B2B buying queries,Cross-site,Expanded search variation,India,Commercial,High,Not validated; research candidate
custom water bottles in bulk,B2B buying queries,Cross-site,Expanded search variation,India,Commercial,High,Not validated; research candidate
custom water bottles with company logo,B2B buying queries,Cross-site,Expanded search variation,India,Commercial,High,Not validated; research candidate
promotional t shirts under 500,B2B buying queries,Cross-site,Expanded search variation,India,Commercial,High,Not validated; research candidate
promotional t shirts under 1000,B2B buying queries,Cross-site,Expanded search variation,India,Commercial,High,Not validated; research candidate
promotional t shirts for employees,B2B buying queries,Cross-site,Expanded search variation,India,Commercial,High,Not validated; research candidate
promotional t shirts for clients,B2B buying queries,Cross-site,Expanded search variation,India,Commercial,High,Not validated; research candidate
promotional t shirts for startups,B2B buying queries,Cross-site,Expanded search variation,India,Commercial,High,Not validated; research candidate
promotional t shirts for events,B2B buying queries,Cross-site,Expanded search variation,India,Commercial,High,Not validated; research candidate
promotional t shirts in bulk,B2B buying queries,Cross-site,Expanded search variation,India,Commercial,High,Not validated; research candidate
promotional t shirts with company logo,B2B buying queries,Cross-site,Expanded search variation,India,Commercial,High,Not validated; research candidate
branded hoodies under 500,B2B buying queries,Cross-site,Expanded search variation,India,Commercial,High,Not validated; research candidate
branded hoodies under 1000,B2B buying queries,Cross-site,Expanded search variation,India,Commercial,High,Not validated; research candidate
branded hoodies for employees,B2B buying queries,Cross-site,Expanded search variation,India,Commercial,High,Not validated; research candidate
branded hoodies for clients,B2B buying queries,Cross-site,Expanded search variation,India,Commercial,High,Not validated; research candidate
branded hoodies for startups,B2B buying queries,Cross-site,Expanded search variation,India,Commercial,High,Not validated; research candidate
branded hoodies for events,B2B buying queries,Cross-site,Expanded search variation,India,Commercial,High,Not validated; research candidate
branded hoodies in bulk,B2B buying queries,Cross-site,Expanded search variation,India,Commercial,High,Not validated; research candidate
branded hoodies with company logo,B2B buying queries,Cross-site,Expanded search variation,India,Commercial,High,Not validated; research candidate
printed paper bags under 500,B2B buying queries,Cross-site,Expanded search variation,India,Commercial,High,Not validated; research candidate
printed paper bags under 1000,B2B buying queries,Cross-site,Expanded search variation,India,Commercial,High,Not validated; research candidate
printed paper bags for employees,B2B buying queries,Cross-site,Expanded search variation,India,Commercial,High,Not validated; research candidate
printed paper bags for clients,B2B buying queries,Cross-site,Expanded search variation,India,Commercial,High,Not validated; research candidate
printed paper bags for startups,B2B buying queries,Cross-site,Expanded search variation,India,Commercial,High,Not validated; research candidate
printed paper bags for events,B2B buying queries,Cross-site,Expanded search variation,India,Commercial,High,Not validated; research candidate
printed paper bags in bulk,B2B buying queries,Cross-site,Expanded search variation,India,Commercial,High,Not validated; research candidate
printed paper bags with company logo,B2B buying queries,Cross-site,Expanded search variation,India,Commercial,High,Not validated; research candidate
custom labels under 500,B2B buying queries,Cross-site,Expanded search variation,India,Commercial,High,Not validated; research candidate
custom labels under 1000,B2B buying queries,Cross-site,Expanded search variation,India,Commercial,High,Not validated; research candidate
custom labels for employees,B2B buying queries,Cross-site,Expanded search variation,India,Commercial,High,Not validated; research candidate
custom labels for clients,B2B buying queries,Cross-site,Expanded search variation,India,Commercial,High,Not validated; research candidate
custom labels for startups,B2B buying queries,Cross-site,Expanded search variation,India,Commercial,High,Not validated; research candidate
custom labels for events,B2B buying queries,Cross-site,Expanded search variation,India,Commercial,High,Not validated; research candidate
custom labels in bulk,B2B buying queries,Cross-site,Expanded search variation,India,Commercial,High,Not validated; research candidate
custom labels with company logo,B2B buying queries,Cross-site,Expanded search variation,India,Commercial,High,Not validated; research candidate
custom boxes under 500,B2B buying queries,Cross-site,Expanded search variation,India,Commercial,High,Not validated; research candidate
custom boxes under 1000,B2B buying queries,Cross-site,Expanded search variation,India,Commercial,High,Not validated; research candidate
custom boxes for employees,B2B buying queries,Cross-site,Expanded search variation,India,Commercial,High,Not validated; research candidate
custom boxes for clients,B2B buying queries,Cross-site,Expanded search variation,India,Commercial,High,Not validated; research candidate
custom boxes for startups,B2B buying queries,Cross-site,Expanded search variation,India,Commercial,High,Not validated; research candidate
custom boxes for events,B2B buying queries,Cross-site,Expanded search variation,India,Commercial,High,Not validated; research candidate
custom boxes in bulk,B2B buying queries,Cross-site,Expanded search variation,India,Commercial,High,Not validated; research candidate
custom boxes with company logo,B2B buying queries,Cross-site,Expanded search variation,India,Commercial,High,Not validated; research candidate
dtf vs screen printing,Content and questions,Cross-site,Expanded search variation,India / global,Informational,Medium,Not validated; research candidate
screen printing vs digital printing,Content and questions,Cross-site,Expanded search variation,India / global,Informational,Medium,Not validated; research candidate
how to design a visiting card,Content and questions,Cross-site,Expanded search variation,India / global,Informational,Medium,Not validated; research candidate
best paper for business cards,Content and questions,Cross-site,Expanded search variation,India / global,Informational,Medium,Not validated; research candidate
gsm for custom t shirts,Content and questions,Cross-site,Expanded search variation,India / global,Informational,Medium,Not validated; research candidate
how to choose corporate gifts,Content and questions,Cross-site,Expanded search variation,India / global,Informational,Medium,Not validated; research candidate
corporate gifting ideas for employees,Content and questions,Cross-site,Expanded search variation,India / global,Informational,Medium,Not validated; research candidate
employee onboarding kit ideas,Content and questions,Cross-site,Expanded search variation,India / global,Informational,Medium,Not validated; research candidate
types of packaging labels,Content and questions,Cross-site,Expanded search variation,India / global,Informational,Medium,Not validated; research candidate
custom sticker materials,Content and questions,Cross-site,Expanded search variation,India / global,Informational,Medium,Not validated; research candidate
uv printing vs sublimation,Content and questions,Cross-site,Expanded search variation,India / global,Informational,Medium,Not validated; research candidate
corporate gifting tax gst india,Content and questions,Cross-site,Expanded search variation,India / global,Informational,Medium,Not validated; research candidate
bulk printing minimum order quantity,Content and questions,Cross-site,Expanded search variation,India / global,Informational,Medium,Not validated; research candidate
