Target URL,Query,Clicks,Impressions,CTR,Position,Intent,Commercial Relevance,Primary/Secondary,Recommended Action
https://printkee.com/,printkee,41,68,60.29%,1.07,Navigational,Medium,Secondary or unassigned,Monitor in GSC before changing content
https://printkee.com/office-and-writing/file-and-folder,customized files for office,4,72,5.56%,6.78,Commercial,High,Primary cluster,Monitor in GSC before changing content
https://printkee.com/office-and-writing/file-and-folder,customized files,4,51,7.84%,6.61,Commercial,High,Primary cluster,Monitor in GSC before changing content
https://printkee.com/apparel-and-accessories/aprons,apron printing,2,42,4.76%,10.79,Commercial,High,Primary cluster,Strengthen the mapped page and protect canonical ownership
https://printkee.com/bags-and-travel/duffle-bags,duffle bag customized,2,26,7.69%,9.46,Commercial,High,Primary cluster,Strengthen the mapped page and protect canonical ownership
https://printkee.com/office-and-writing/file-and-folder,customized office files,2,10,20%,8.9,Commercial,High,Primary cluster,Strengthen the mapped page and protect canonical ownership
https://printkee.com/office-and-writing/file-and-folder,custom file folders,1,57,1.75%,10.39,Commercial,High,Primary cluster,Strengthen the mapped page and protect canonical ownership
https://printkee.com/apparel-and-accessories/winter-wear,custom winter jackets,1,53,1.89%,13.36,Commercial,High,Primary cluster,Strengthen the mapped page and protect canonical ownership
https://printkee.com/office-and-writing/file-and-folder,custom files,1,47,2.13%,6.79,Commercial,High,Primary cluster,Test a clearer title and description after recording the baseline
https://printkee.com/brands/boat,boat corporate gifting,1,32,3.12%,10.06,Commercial,High,Primary cluster,Strengthen the mapped page and protect canonical ownership
https://printkee.com/office-and-writing/file-and-folder,customised files,1,31,3.23%,9.9,Commercial,High,Primary cluster,Strengthen the mapped page and protect canonical ownership
https://printkee.com/eco-products,printed cork sheets,1,27,3.7%,8.7,Commercial,High,Primary cluster,Strengthen the mapped page and protect canonical ownership
https://printkee.com/bags-and-travel/duffle-bags,customized duffle bags,1,20,5%,7.85,Commercial,High,Primary cluster,Monitor in GSC before changing content
https://printkee.com/office-and-writing/file-and-folder,customized file,1,13,7.69%,7.77,Commercial,High,Primary cluster,Monitor in GSC before changing content
https://printkee.com/apparel-and-accessories/winter-wear,customized winter jackets,1,9,11.11%,10.78,Commercial,High,Primary cluster,Strengthen the mapped page and protect canonical ownership
https://printkee.com/apparel-and-accessories/ties,custom tie,1,9,11.11%,13.33,Commercial,High,Primary cluster,Strengthen the mapped page and protect canonical ownership
https://printkee.com/bags-and-travel/tote-bags,tote bags manufacturers in delhi,1,6,16.67%,15,Local commercial,High,Primary cluster,Strengthen the mapped page and protect canonical ownership
https://printkee.com/office-and-writing/file-and-folder,custom file printing,1,4,25%,9.25,Commercial,High,Primary cluster,Monitor in GSC before changing content
https://printkee.com/office-and-writing/file-and-folder,file customize,1,4,25%,18.5,Commercial,High,Primary cluster,Monitor in GSC before changing content
https://printkee.com/eco-products,cork laptop sleeve,1,3,33.33%,10.67,Commercial,High,Primary cluster,Monitor in GSC before changing content
,i want in india,1,1,100%,2,Commercial,Medium,Secondary or unassigned,Monitor in GSC before changing content
https://printkee.com/office-and-writing/file-and-folder,custom file folder printing,1,1,100%,7,Commercial,High,Primary cluster,Monitor in GSC before changing content
https://printkee.com/office-and-writing/lanyard-and-id-card,bulk lanyard order,1,1,100%,9,Commercial,High,Primary cluster,Monitor in GSC before changing content
https://printkee.com/apparel-and-accessories/ties,custom printed ties,1,1,100%,12,Commercial,High,Primary cluster,Monitor in GSC before changing content
,fuzo india,1,1,100%,23,Navigational / informational,Low,Secondary or unassigned,Do not optimize commercial pages for this query
https://printkee.com/,corporate merchandise,0,200,0%,30.41,Commercial,High,Primary cluster,Improve intent coverage and internal authority
https://printkee.com/apparel-and-accessories/aprons,printed aprons,0,171,0%,30.33,Commercial,High,Primary cluster,Improve intent coverage and internal authority
,portronics logo,0,112,0%,10.38,Navigational / informational,Low,Secondary or unassigned,Do not optimize commercial pages for this query
,%portronics logo official,0,105,0%,8.57,Navigational / informational,Low,Secondary or unassigned,Do not optimize commercial pages for this query
https://printkee.com/apparel-and-accessories/aprons,custom aprons with logo,0,103,0%,26.81,Commercial,High,Primary cluster,Improve intent coverage and internal authority
https://printkee.com/apparel-and-accessories/aprons,branded aprons,0,92,0%,20.38,Commercial,High,Primary cluster,Improve intent coverage and internal authority
https://printkee.com/apparel-and-accessories/aprons,custom aprons,0,92,0%,23.33,Commercial,High,Primary cluster,Improve intent coverage and internal authority
,+portronics logo official,0,91,0%,8.4,Navigational / informational,Low,Secondary or unassigned,Do not optimize commercial pages for this query
https://printkee.com/office-and-writing/file-and-folder,custom folders,0,89,0%,47.4,Commercial,High,Primary cluster,Monitor in GSC before changing content
,portronics logo png,0,76,0%,11.5,Navigational / informational,Low,Secondary or unassigned,Do not optimize commercial pages for this query
,portronics,0,76,0%,18.12,Navigational / informational,Low,Secondary or unassigned,Do not optimize commercial pages for this query
https://printkee.com/apparel-and-accessories/winter-wear,customised winter wear,0,64,0%,5.86,Commercial,High,Primary cluster,Test a clearer title and description after recording the baseline
https://printkee.com/apparel-and-accessories/aprons,apron with logo,0,62,0%,10.34,Commercial,High,Primary cluster,Strengthen the mapped page and protect canonical ownership
,is portronics indian company,0,60,0%,11.73,Navigational / informational,Low,Secondary or unassigned,Do not optimize commercial pages for this query
,mf global services,0,56,0%,9.46,Ambiguous,Low,Secondary or unassigned,Do not optimize commercial pages for this query
https://printkee.com/,branded merchandise india,0,56,0%,18.2,Commercial,High,Primary cluster,Strengthen the mapped page and protect canonical ownership
https://printkee.com/apparel-and-accessories/aprons,personalised apron,0,56,0%,33.89,Commercial,High,Primary cluster,Improve intent coverage and internal authority
https://printkee.com/bags-and-travel/duffle-bags,customized duffle bag,0,55,0%,9.71,Commercial,High,Primary cluster,Strengthen the mapped page and protect canonical ownership
,portronics brand,0,48,0%,17.88,Navigational / informational,Low,Secondary or unassigned,Do not optimize commercial pages for this query
https://printkee.com/office-and-writing/lanyard-and-id-card,lanyard printing,0,47,0%,38,Commercial,High,Primary cluster,Improve intent coverage and internal authority
,promotional clock,0,46,0%,26.87,Commercial,Medium,Secondary or unassigned,Improve intent coverage and internal authority
https://printkee.com/eco-products,cork yoga mat,0,45,0%,58.49,Commercial,High,Primary cluster,Monitor in GSC before changing content
https://printkee.com/collection/welcome-kits,employee onboarding kit supplier india,0,43,0%,33,Commercial,High,Primary cluster,Improve intent coverage and internal authority
https://printkee.com/bags-and-travel/duffle-bags,customised duffle bag,0,40,0%,8.5,Commercial,High,Primary cluster,Strengthen the mapped page and protect canonical ownership
,corporate mugs,0,39,0%,48.64,Commercial,Medium,Secondary or unassigned,Monitor in GSC before changing content
https://printkee.com/apparel-and-accessories/aprons,customised aprons,0,37,0%,11.41,Commercial,High,Primary cluster,Strengthen the mapped page and protect canonical ownership
https://printkee.com/collection/welcome-kits,print custom employee welcome kits branded materials pricing,0,36,0%,4.19,Commercial,High,Primary cluster,Test a clearer title and description after recording the baseline
https://printkee.com/bags-and-travel/backpacks,custom backpacks with logo,0,36,0%,12.94,Commercial,High,Primary cluster,Strengthen the mapped page and protect canonical ownership
https://printkee.com/office-and-writing/lanyard-and-id-card,bulk lanyard printing,0,36,0%,14.42,Commercial,High,Primary cluster,Strengthen the mapped page and protect canonical ownership
https://printkee.com/bags-and-travel/backpacks,custom backpacks,0,35,0%,26.57,Commercial,High,Primary cluster,Improve intent coverage and internal authority
https://printkee.com/bags-and-travel/duffle-bags,custom duffle bag,0,32,0%,7.94,Commercial,High,Primary cluster,Test a clearer title and description after recording the baseline
,lanyard printing hsn code,0,31,0%,8.68,Navigational / informational,Low,Secondary or unassigned,Do not optimize commercial pages for this query
https://printkee.com/collection/welcome-kits,personalized welcome kits,0,31,0%,34.61,Commercial,High,Primary cluster,Improve intent coverage and internal authority
,portronics wiki,0,30,0%,5.8,Navigational / informational,Low,Secondary or unassigned,Do not optimize commercial pages for this query
https://printkee.com/,corporate merchandise india,0,30,0%,41.07,Commercial,High,Primary cluster,Monitor in GSC before changing content
,branded promotional item supplier,0,30,0%,41.8,Commercial,Medium,Secondary or unassigned,Monitor in GSC before changing content
https://printkee.com/office-and-writing/file-and-folder,bulk folders with logo,0,30,0%,47.43,Commercial,High,Primary cluster,Monitor in GSC before changing content
https://printkee.com/apparel-and-accessories/aprons,apron with logo printed,0,27,0%,10.33,Commercial,High,Primary cluster,Strengthen the mapped page and protect canonical ownership
https://printkee.com/,custom corporate merchandise,0,27,0%,29.37,Commercial,High,Primary cluster,Improve intent coverage and internal authority
https://printkee.com/bags-and-travel/duffle-bags,duffle bag printed,0,26,0%,9.77,Commercial,High,Primary cluster,Strengthen the mapped page and protect canonical ownership
https://printkee.com/apparel-and-accessories/ties,custom printed ties india,0,25,0%,7.8,Commercial,High,Primary cluster,Test a clearer title and description after recording the baseline
https://printkee.com/,custom promotional products,0,25,0%,53.68,Commercial,High,Primary cluster,Monitor in GSC before changing content
,portronics products,0,24,0%,20.58,Navigational / informational,Low,Secondary or unassigned,Do not optimize commercial pages for this query
https://printkee.com/,promotional products supplier,0,24,0%,51.21,Commercial,High,Primary cluster,Monitor in GSC before changing content
https://printkee.com/bags-and-travel/duffle-bags,customize duffle bag,0,23,0%,8.65,Commercial,High,Primary cluster,Strengthen the mapped page and protect canonical ownership
,custom promotional items,0,23,0%,55.04,Commercial,Medium,Secondary or unassigned,Monitor in GSC before changing content
https://printkee.com/technology-accessories/wireless-charging,custom wireless charger,0,22,0%,8.95,Commercial,High,Primary cluster,Strengthen the mapped page and protect canonical ownership
,drink wear,0,22,0%,10.36,Ambiguous,Low,Secondary or unassigned,Do not optimize commercial pages for this query
https://printkee.com/apparel-and-accessories/aprons,branded apron,0,22,0%,10.82,Commercial,High,Primary cluster,Strengthen the mapped page and protect canonical ownership
,headwear suppliers,0,22,0%,45.59,Ambiguous,Low,Secondary or unassigned,Do not optimize commercial pages for this query
https://printkee.com/eco-products,durable cork coasters for corporate gifting,0,21,0%,10.05,Commercial,High,Primary cluster,Strengthen the mapped page and protect canonical ownership
https://printkee.com/brands/portronics,portronics corporate gifting,0,21,0%,10.57,Commercial,High,Primary cluster,Strengthen the mapped page and protect canonical ownership
https://printkee.com/bags-and-travel/duffle-bags,custom duffle bags,0,21,0%,15.9,Commercial,High,Primary cluster,Strengthen the mapped page and protect canonical ownership
https://printkee.com/office-and-writing/lanyard-and-id-card,top id card lanyard manufacturers,0,21,0%,43.76,Commercial,High,Primary cluster,Monitor in GSC before changing content
https://printkee.com/collection/welcome-kits,corporate welcome kit,0,21,0%,59.19,Commercial,High,Primary cluster,Monitor in GSC before changing content
https://printkee.com/bags-and-travel/duffle-bags,bespoke artwork on duffle bags in delhi,0,20,0%,5.8,Local commercial,High,Primary cluster,Test a clearer title and description after recording the baseline
https://printkee.com/bags-and-travel/duffle-bags,duffle bag custom,0,19,0%,12.47,Commercial,High,Primary cluster,Strengthen the mapped page and protect canonical ownership
https://printkee.com/apparel-and-accessories/ties,custom ties,0,19,0%,14.37,Commercial,High,Primary cluster,Strengthen the mapped page and protect canonical ownership
https://printkee.com/apparel-and-accessories/aprons,customised aprons india,0,19,0%,18.95,Commercial,High,Primary cluster,Strengthen the mapped page and protect canonical ownership
https://printkee.com/apparel-and-accessories,custom polo shirts bulk,0,19,0%,42.11,Commercial,High,Primary cluster,Monitor in GSC before changing content
,portronics logo stylized p,0,18,0%,9.22,Navigational / informational,Low,Secondary or unassigned,Do not optimize commercial pages for this query
https://printkee.com/brands/portronics,portronics bulk order,0,18,0%,11,Commercial,High,Primary cluster,Strengthen the mapped page and protect canonical ownership
,personalised business merchandise,0,18,0%,43.5,Ambiguous,Low,Secondary or unassigned,Do not optimize commercial pages for this query
https://printkee.com/collection/welcome-kits,premium corporate welcome kit,0,18,0%,44.72,Commercial,High,Primary cluster,Monitor in GSC before changing content
https://printkee.com/technology-accessories/wireless-charging,customized wireless charger,0,17,0%,8.41,Commercial,High,Primary cluster,Strengthen the mapped page and protect canonical ownership
https://printkee.com/collection,event merchandise india,0,17,0%,8.41,Commercial,High,Primary cluster,Strengthen the mapped page and protect canonical ownership
https://printkee.com/technology-accessories/wireless-charging,personalised wireless charger,0,17,0%,9.47,Commercial,High,Primary cluster,Strengthen the mapped page and protect canonical ownership
https://printkee.com/eco-products,custom cork coasters,0,17,0%,12.29,Commercial,High,Primary cluster,Strengthen the mapped page and protect canonical ownership
,portronics which country brand,0,17,0%,14.59,Navigational / informational,Low,Secondary or unassigned,Do not optimize commercial pages for this query
https://printkee.com/office-and-writing/lanyard-and-id-card,id card lanyard printing,0,17,0%,19.12,Commercial,High,Primary cluster,Strengthen the mapped page and protect canonical ownership
https://printkee.com/,personalised corporate merchandise,0,17,0%,35,Commercial,High,Primary cluster,Improve intent coverage and internal authority
https://printkee.com/collection/welcome-kits,customized welcome kit,0,17,0%,40.06,Commercial,High,Primary cluster,Monitor in GSC before changing content
,fuzo logo,0,16,0%,8.75,Navigational / informational,Low,Secondary or unassigned,Do not optimize commercial pages for this query
https://printkee.com/office-and-writing/file-and-folder,custom printed file folders india,0,16,0%,13.44,Commercial,High,Primary cluster,Strengthen the mapped page and protect canonical ownership
,portronics official website,0,16,0%,24.5,Navigational / informational,Low,Secondary or unassigned,Do not optimize commercial pages for this query
https://printkee.com/apparel-and-accessories/ties,corporate ties,0,16,0%,30.19,Commercial,High,Primary cluster,Improve intent coverage and internal authority
,hats manufacturers,0,16,0%,40.69,Ambiguous,Low,Secondary or unassigned,Do not optimize commercial pages for this query
https://printkee.com/,promotional merchandise company,0,16,0%,44.19,Commercial,High,Primary cluster,Monitor in GSC before changing content
https://printkee.com/apparel-and-accessories,custom corporate apparel,0,16,0%,47.94,Commercial,High,Primary cluster,Monitor in GSC before changing content
,personalised business items,0,16,0%,48.5,Ambiguous,Low,Secondary or unassigned,Do not optimize commercial pages for this query
https://printkee.com/bags-and-travel/duffle-bags,duffle bag manufacturers in delhi,0,15,0%,8.27,Local commercial,High,Primary cluster,Strengthen the mapped page and protect canonical ownership
,kee ring,0,15,0%,11.2,Ambiguous,Low,Secondary or unassigned,Do not optimize commercial pages for this query
,fuzo,0,15,0%,15.67,Navigational / informational,Low,Secondary or unassigned,Do not optimize commercial pages for this query
,corporate coasters,0,15,0%,42.4,Commercial,Medium,Secondary or unassigned,Monitor in GSC before changing content
https://printkee.com/bags-and-travel/tote-bags,tote bag manufacturer,0,15,0%,43.33,Commercial,High,Primary cluster,Monitor in GSC before changing content
,custom company merchandise,0,15,0%,44.8,Commercial,Medium,Secondary or unassigned,Monitor in GSC before changing content
,custom corporate mugs,0,15,0%,45.2,Commercial,Medium,Secondary or unassigned,Monitor in GSC before changing content
,portronics company is from which country,0,14,0%,7,Navigational / informational,Low,Secondary or unassigned,Do not optimize commercial pages for this query
https://printkee.com/bags-and-travel/backpacks,cork laptop bag,0,14,0%,10.5,Commercial,High,Primary cluster,Strengthen the mapped page and protect canonical ownership
,cap manufacturers in gurgaon,0,14,0%,14.43,Ambiguous,Low,Secondary or unassigned,Do not optimize commercial pages for this query
https://printkee.com/bags-and-travel/backpacks,custom backpack india,0,14,0%,16.43,Commercial,High,Primary cluster,Strengthen the mapped page and protect canonical ownership
https://printkee.com/bags-and-travel/tote-bags,custom tote bags manufacturer,0,14,0%,34.14,Commercial,High,Primary cluster,Improve intent coverage and internal authority
https://printkee.com/office-and-writing/lanyard-and-id-card,custom lanyard id card printing,0,14,0%,35.29,Commercial,High,Primary cluster,Improve intent coverage and internal authority
,corporate logo mugs,0,14,0%,37.93,Commercial,Medium,Secondary or unassigned,Improve intent coverage and internal authority
,personalised company merchandise,0,14,0%,42.64,Commercial,Medium,Secondary or unassigned,Monitor in GSC before changing content
,mug corporate,0,14,0%,47.71,Commercial,Medium,Secondary or unassigned,Monitor in GSC before changing content
,corporate branded notebooks,0,14,0%,57.29,Commercial,Medium,Secondary or unassigned,Monitor in GSC before changing content
,personalised corporate mugs,0,14,0%,59,Commercial,Medium,Secondary or unassigned,Monitor in GSC before changing content
https://printkee.com/apparel-and-accessories/aprons,aprons with logo,0,13,0%,12.69,Commercial,High,Primary cluster,Strengthen the mapped page and protect canonical ownership
https://printkee.com/technology-accessories/wireless-charging,custom logo printed wireless chargers,0,13,0%,21.54,Commercial,High,Primary cluster,Improve intent coverage and internal authority
https://printkee.com/apparel-and-accessories/aprons,personalized aprons,0,13,0%,30.92,Commercial,High,Primary cluster,Improve intent coverage and internal authority
https://printkee.com/collection/welcome-kits,branded welcome kits,0,13,0%,33,Commercial,High,Primary cluster,Improve intent coverage and internal authority
,promotional kits supplier in india,0,13,0%,34.54,Commercial,Medium,Secondary or unassigned,Improve intent coverage and internal authority
,corporate pens,0,13,0%,42,Commercial,Medium,Secondary or unassigned,Monitor in GSC before changing content
,personalized company items,0,13,0%,51,Commercial,Medium,Secondary or unassigned,Monitor in GSC before changing content
https://printkee.com/apparel-and-accessories,company branded apparel,0,13,0%,55.69,Commercial,High,Primary cluster,Monitor in GSC before changing content
,corporate coffee mugs,0,13,0%,56.31,Commercial,Medium,Secondary or unassigned,Monitor in GSC before changing content
https://printkee.com/,personalized promotional products,0,13,0%,59.46,Commercial,High,Primary cluster,Monitor in GSC before changing content
,custom products,0,13,0%,61.77,Commercial,Medium,Secondary or unassigned,Monitor in GSC before changing content
,portronics brand logo,0,12,0%,2.58,Navigational / informational,Low,Secondary or unassigned,Do not optimize commercial pages for this query
,is portronics an indian company,0,12,0%,9.75,Navigational / informational,Low,Secondary or unassigned,Do not optimize commercial pages for this query
https://printkee.com/technology-accessories/power-banks,printed power bank,0,12,0%,10.42,Commercial,High,Primary cluster,Strengthen the mapped page and protect canonical ownership
,is portronics a indian company,0,12,0%,10.5,Navigational / informational,Low,Secondary or unassigned,Do not optimize commercial pages for this query
https://printkee.com/,high quality corporate merchandise,0,12,0%,29.17,Commercial,High,Primary cluster,Improve intent coverage and internal authority
,promotional kits exporter in india,0,12,0%,30.83,Commercial,Medium,Secondary or unassigned,Improve intent coverage and internal authority
,corporate mugs with logo,0,12,0%,41.17,Commercial,Medium,Secondary or unassigned,Monitor in GSC before changing content
,personalized merchandise,0,12,0%,41.75,Ambiguous,Low,Secondary or unassigned,Do not optimize commercial pages for this query
https://printkee.com/collection/welcome-kits,customized employee welcome kits,0,12,0%,45.58,Commercial,High,Primary cluster,Monitor in GSC before changing content
https://printkee.com/office-and-writing/lanyard-and-id-card,customized lanyard keychain printing,0,12,0%,46.42,Commercial,High,Primary cluster,Monitor in GSC before changing content
,corporate branded mugs,0,12,0%,50.75,Commercial,Medium,Secondary or unassigned,Monitor in GSC before changing content
https://printkee.com/,custom business gifts,0,12,0%,51.17,Commercial,High,Primary cluster,Monitor in GSC before changing content
,corporate branded coffee mugs,0,12,0%,53.75,Commercial,Medium,Secondary or unassigned,Monitor in GSC before changing content
,corporate logo coasters,0,12,0%,54.58,Commercial,Medium,Secondary or unassigned,Monitor in GSC before changing content
https://printkee.com/apparel-and-accessories,corporate branded apparel,0,12,0%,57.08,Commercial,High,Primary cluster,Monitor in GSC before changing content
,personalized company swag,0,12,0%,65.42,Commercial,Medium,Secondary or unassigned,Monitor in GSC before changing content
https://printkee.com/office-and-writing/file-and-folder,customised file,0,11,0%,8.18,Commercial,High,Primary cluster,Strengthen the mapped page and protect canonical ownership
https://printkee.com/apparel-and-accessories/ties,customised tie,0,11,0%,9.73,Commercial,High,Primary cluster,Strengthen the mapped page and protect canonical ownership
https://printkee.com/eco-products,printed cork coasters,0,11,0%,10.18,Commercial,High,Primary cluster,Strengthen the mapped page and protect canonical ownership
,portronics company,0,11,0%,23.82,Navigational / informational,Low,Secondary or unassigned,Do not optimize commercial pages for this query
,promotional kits manufacturer in india,0,11,0%,30.27,Commercial,Medium,Secondary or unassigned,Improve intent coverage and internal authority
https://printkee.com/apparel-and-accessories/aprons,apron print on demand,0,11,0%,40.27,Commercial,High,Primary cluster,Monitor in GSC before changing content
https://printkee.com/office-and-writing/lanyard-and-id-card,lanyard for id card,0,11,0%,45.55,Commercial,High,Primary cluster,Monitor in GSC before changing content
,coffee mugs with corporate logo,0,11,0%,53.55,Commercial,Medium,Secondary or unassigned,Monitor in GSC before changing content
,custom giveaway items,0,11,0%,60.82,Commercial,Medium,Secondary or unassigned,Monitor in GSC before changing content
https://printkee.com/eco-products,cork printing,0,10,0%,7.1,Commercial,High,Primary cluster,Test a clearer title and description after recording the baseline
https://printkee.com/office-and-writing/file-and-folder,customize file,0,10,0%,9.1,Commercial,High,Primary cluster,Strengthen the mapped page and protect canonical ownership
,printed cotton bags suppliers in delhi,0,10,0%,9.5,Commercial,Medium,Secondary or unassigned,Strengthen the mapped page and protect canonical ownership
https://printkee.com/technology-accessories/wireless-charging,personalized wireless charger,0,10,0%,9.9,Commercial,High,Primary cluster,Strengthen the mapped page and protect canonical ownership
https://printkee.com/office-and-writing/file-and-folder,custom file folder,0,10,0%,11.4,Commercial,High,Primary cluster,Strengthen the mapped page and protect canonical ownership
https://printkee.com/bags-and-travel/backpacks,custom printed backpack,0,10,0%,14.4,Commercial,High,Primary cluster,Strengthen the mapped page and protect canonical ownership
https://printkee.com/apparel-and-accessories/aprons,custom aprons near me,0,10,0%,14.7,Local commercial,High,Primary cluster,Strengthen the mapped page and protect canonical ownership
,fuzo products,0,10,0%,17.9,Navigational / informational,Low,Secondary or unassigned,Do not optimize commercial pages for this query
,company logo mouse pad,0,10,0%,34.8,Commercial,Medium,Secondary or unassigned,Improve intent coverage and internal authority
,notebooks corporate gifts,0,10,0%,43.4,Commercial,Medium,Secondary or unassigned,Monitor in GSC before changing content
https://printkee.com/collection/welcome-kits,corporate welcome kits india,0,10,0%,44,Commercial,High,Primary cluster,Monitor in GSC before changing content
https://printkee.com/,buy promotional products,0,10,0%,50.4,Commercial,High,Primary cluster,Monitor in GSC before changing content
,corporate logo coffee mugs,0,10,0%,55.1,Commercial,Medium,Secondary or unassigned,Monitor in GSC before changing content
https://printkee.com/collection/welcome-kits,corporate welcome kits,0,10,0%,56.9,Commercial,High,Primary cluster,Monitor in GSC before changing content
,corporate gifts delhi,0,10,0%,63.9,Commercial,Medium,Secondary or unassigned,Monitor in GSC before changing content
,portronics brand logo image,0,9,0%,6,Navigational / informational,Low,Secondary or unassigned,Do not optimize commercial pages for this query
,portronics country of origin,0,9,0%,9.33,Navigational / informational,Low,Secondary or unassigned,Do not optimize commercial pages for this query
,+portronics logo official p logo,0,9,0%,10.11,Navigational / informational,Low,Secondary or unassigned,Do not optimize commercial pages for this query
https://printkee.com/apparel-and-accessories/aprons,apron logo printing,0,9,0%,10.78,Commercial,High,Primary cluster,Strengthen the mapped page and protect canonical ownership
,portronics brand logo letter p,0,9,0%,10.89,Navigational / informational,Low,Secondary or unassigned,Do not optimize commercial pages for this query
,portronics origin country,0,9,0%,15.22,Navigational / informational,Low,Secondary or unassigned,Do not optimize commercial pages for this query
,corporate personalised notebooks,0,9,0%,43.33,Commercial,Medium,Secondary or unassigned,Monitor in GSC before changing content
https://printkee.com/collection/welcome-kits,customized welcome kit for employees,0,9,0%,45.89,Commercial,High,Primary cluster,Monitor in GSC before changing content
https://printkee.com/,premium corporate merchandise,0,9,0%,48,Commercial,High,Primary cluster,Monitor in GSC before changing content
https://printkee.com/,custom branded promotional products,0,9,0%,48.33,Commercial,High,Primary cluster,Monitor in GSC before changing content
,custom business promotional items,0,9,0%,57.78,Commercial,Medium,Secondary or unassigned,Monitor in GSC before changing content
,custom company swag,0,9,0%,66.44,Commercial,Medium,Secondary or unassigned,Monitor in GSC before changing content
https://printkee.com/eco-products,cork desk accessories,0,8,0%,7.38,Commercial,High,Primary cluster,Monitor in GSC before changing content
https://printkee.com/bags-and-travel/duffle-bags,duffle bag with company logo,0,8,0%,8.12,Commercial,High,Primary cluster,Strengthen the mapped page and protect canonical ownership
,mouse pad in 10 minutes delivery,0,8,0%,10,Ambiguous,Low,Secondary or unassigned,Do not optimize commercial pages for this query
,portronics is indian company,0,8,0%,12.38,Navigational / informational,Low,Secondary or unassigned,Do not optimize commercial pages for this query
https://printkee.com/bags-and-travel/duffle-bags,personalized duffle bags,0,8,0%,16.75,Commercial,High,Primary cluster,Strengthen the mapped page and protect canonical ownership
,promotional pen sets,0,8,0%,25.75,Commercial,Medium,Secondary or unassigned,Monitor in GSC before changing content
https://printkee.com/apparel-and-accessories/aprons,custom made aprons,0,8,0%,27.88,Commercial,High,Primary cluster,Monitor in GSC before changing content
https://printkee.com/apparel-and-accessories/aprons,apron custom made,0,8,0%,28.25,Commercial,High,Primary cluster,Monitor in GSC before changing content
https://printkee.com/office-and-writing/lanyard-and-id-card,lanyard printing near me,0,8,0%,33.62,Local commercial,High,Primary cluster,Monitor in GSC before changing content
https://printkee.com/bags-and-travel/tote-bags,travel tote bags manufacturers in india,0,8,0%,34.12,Commercial,High,Primary cluster,Monitor in GSC before changing content
,custom drinkware,0,8,0%,34.88,Commercial,Medium,Secondary or unassigned,Monitor in GSC before changing content
,mousepad printing,0,8,0%,44.62,Commercial,Medium,Secondary or unassigned,Monitor in GSC before changing content
,corporate branded coasters,0,8,0%,45.12,Commercial,Medium,Secondary or unassigned,Monitor in GSC before changing content
https://printkee.com/,branded merchandise,0,8,0%,48.62,Commercial,High,Primary cluster,Monitor in GSC before changing content
https://printkee.com/,custom logo promotional products,0,8,0%,53.62,Commercial,High,Primary cluster,Monitor in GSC before changing content
,corporate drinkware gifts,0,8,0%,55,Commercial,Medium,Secondary or unassigned,Monitor in GSC before changing content
https://printkee.com/office-and-writing/file-and-folder,customised file folder with name,0,7,0%,8,Commercial,High,Primary cluster,Strengthen the mapped page and protect canonical ownership
https://printkee.com/apparel-and-accessories/ties,custom tie with logo,0,7,0%,8.86,Commercial,High,Primary cluster,Strengthen the mapped page and protect canonical ownership
,coffee mugs near me,0,7,0%,9.29,Commercial,Medium,Secondary or unassigned,Strengthen the mapped page and protect canonical ownership
https://printkee.com/apparel-and-accessories/aprons,branded aprons with logo,0,7,0%,9.57,Commercial,High,Primary cluster,Strengthen the mapped page and protect canonical ownership
,acrylic trophy hsn code,0,7,0%,11,Navigational / informational,Low,Secondary or unassigned,Do not optimize commercial pages for this query
https://printkee.com/office-and-writing/lanyard-and-id-card,custom lanyard printing,0,7,0%,14.71,Commercial,High,Primary cluster,Strengthen the mapped page and protect canonical ownership
https://printkee.com/,corporate branded merchandise,0,7,0%,30.29,Commercial,High,Primary cluster,Monitor in GSC before changing content
,custom corporate awards,0,7,0%,31.43,Commercial,Medium,Secondary or unassigned,Monitor in GSC before changing content
,corporate pen printing,0,7,0%,31.86,Commercial,Medium,Secondary or unassigned,Monitor in GSC before changing content
,pens with logo,0,7,0%,32.14,Commercial,Medium,Secondary or unassigned,Monitor in GSC before changing content
,personalized corporate awards,0,7,0%,33.57,Commercial,Medium,Secondary or unassigned,Monitor in GSC before changing content
,custom hats,0,7,0%,41.43,Commercial,Medium,Secondary or unassigned,Monitor in GSC before changing content
,branded desk accessories exporter,0,7,0%,44,Commercial,Medium,Secondary or unassigned,Monitor in GSC before changing content
https://printkee.com/office-and-writing/lanyard-and-id-card,custom lanyards,0,7,0%,47,Commercial,High,Primary cluster,Monitor in GSC before changing content
https://printkee.com/office-and-writing/lanyard-and-id-card,id card lanyard,0,7,0%,47.43,Commercial,High,Primary cluster,Monitor in GSC before changing content
,promotional wear,0,7,0%,48.71,Commercial,Medium,Secondary or unassigned,Monitor in GSC before changing content
,custom printed cotton bags,0,7,0%,48.86,Commercial,Medium,Secondary or unassigned,Monitor in GSC before changing content
,personalised products for business,0,7,0%,48.86,Ambiguous,Low,Secondary or unassigned,Do not optimize commercial pages for this query
,corporate gifts gurgaon,0,7,0%,51.57,Commercial,Medium,Secondary or unassigned,Monitor in GSC before changing content
,personalized business items,0,7,0%,52.57,Ambiguous,Low,Secondary or unassigned,Do not optimize commercial pages for this query
https://printkee.com/,promotional products with custom logo,0,7,0%,53.57,Commercial,High,Primary cluster,Monitor in GSC before changing content
,personalised business promotional items,0,7,0%,53.71,Commercial,Medium,Secondary or unassigned,Monitor in GSC before changing content
,branded promo products software,0,7,0%,57.29,Commercial,Medium,Secondary or unassigned,Monitor in GSC before changing content
https://printkee.com/,promotional products online,0,7,0%,61,Commercial,High,Primary cluster,Monitor in GSC before changing content
,portronics which country,0,6,0%,5.5,Navigational / informational,Low,Secondary or unassigned,Do not optimize commercial pages for this query
https://printkee.com/bags-and-travel/duffle-bags,promotional duffel bag,0,6,0%,9.67,Commercial,High,Primary cluster,Strengthen the mapped page and protect canonical ownership
https://printkee.com/bags-and-travel/backpacks,backpack with logo print,0,6,0%,10.33,Commercial,High,Primary cluster,Strengthen the mapped page and protect canonical ownership
,is portronics indian brand,0,6,0%,10.5,Navigational / informational,Low,Secondary or unassigned,Do not optimize commercial pages for this query
https://printkee.com/office-and-writing/file-and-folder,customize file folders,0,6,0%,10.67,Commercial,High,Primary cluster,Strengthen the mapped page and protect canonical ownership
https://printkee.com/office-and-writing/file-and-folder,customized file folder,0,6,0%,11,Commercial,High,Primary cluster,Strengthen the mapped page and protect canonical ownership
https://printkee.com/office-and-writing/lanyard-and-id-card,printed lanyard cards,0,6,0%,11.33,Commercial,High,Primary cluster,Strengthen the mapped page and protect canonical ownership
https://printkee.com/apparel-and-accessories/ties,customized tie,0,6,0%,13.17,Commercial,High,Primary cluster,Strengthen the mapped page and protect canonical ownership
https://printkee.com/bags-and-travel/backpacks,corporate backpacks in bulk,0,6,0%,14.67,Commercial,High,Primary cluster,Strengthen the mapped page and protect canonical ownership
https://printkee.com/apparel-and-accessories,custom corporate shirt,0,6,0%,22,Commercial,High,Primary cluster,Monitor in GSC before changing content
https://printkee.com/office-and-writing/lanyard-and-id-card,lanyard printing services in delhi,0,6,0%,27,Local commercial,High,Primary cluster,Monitor in GSC before changing content
https://printkee.com/bags-and-travel/tote-bags,promotional tote bags supplier,0,6,0%,27.67,Commercial,High,Primary cluster,Monitor in GSC before changing content
https://printkee.com/bags-and-travel/tote-bags,tote bag manufacturers,0,6,0%,33.67,Commercial,High,Primary cluster,Monitor in GSC before changing content
https://printkee.com/office-and-writing/file-and-folder,custom file,0,6,0%,33.83,Commercial,High,Primary cluster,Monitor in GSC before changing content
,promotional clocks,0,6,0%,34.5,Commercial,Medium,Secondary or unassigned,Monitor in GSC before changing content
https://printkee.com/apparel-and-accessories/aprons,customized apron,0,6,0%,35,Commercial,High,Primary cluster,Monitor in GSC before changing content
,thank you mugs bulk,0,6,0%,36.33,Commercial,Medium,Secondary or unassigned,Monitor in GSC before changing content
https://printkee.com/,branded merchandise for employees,0,6,0%,39,Commercial,High,Primary cluster,Monitor in GSC before changing content
,corporate pens with logo,0,6,0%,39.83,Commercial,Medium,Secondary or unassigned,Monitor in GSC before changing content
,custom event products,0,6,0%,39.83,Commercial,Medium,Secondary or unassigned,Monitor in GSC before changing content
,business pens,0,6,0%,43.83,Ambiguous,Low,Secondary or unassigned,Do not optimize commercial pages for this query
,logo pens,0,6,0%,45,Commercial,Medium,Secondary or unassigned,Monitor in GSC before changing content
,mugs for corporate gifts,0,6,0%,46.83,Commercial,Medium,Secondary or unassigned,Monitor in GSC before changing content
,bulk coffee mugs with logo,0,6,0%,47.17,Commercial,Medium,Secondary or unassigned,Monitor in GSC before changing content
,custom printed hats,0,6,0%,49.83,Commercial,Medium,Secondary or unassigned,Monitor in GSC before changing content
,personalized company logo items,0,6,0%,53.33,Commercial,Medium,Secondary or unassigned,Monitor in GSC before changing content
,corporate promotional items,0,6,0%,55.17,Commercial,Medium,Secondary or unassigned,Monitor in GSC before changing content
https://printkee.com/office-and-writing/lanyard-and-id-card,custom printed lanyards,0,6,0%,56.17,Commercial,High,Primary cluster,Monitor in GSC before changing content
,corporate branded clothing,0,6,0%,62.33,Commercial,Medium,Secondary or unassigned,Monitor in GSC before changing content
https://printkee.com/apparel-and-accessories/winter-wear,corporate branded jackets,0,6,0%,71.17,Commercial,High,Primary cluster,Monitor in GSC before changing content
,portronics logo official,0,5,0%,5.2,Navigational / informational,Low,Secondary or unassigned,Do not optimize commercial pages for this query
,noise brand logo,0,5,0%,7.4,Navigational / informational,Low,Secondary or unassigned,Do not optimize commercial pages for this query
https://printkee.com/office-and-writing/file-and-folder,custom file folders with logo,0,5,0%,8.6,Commercial,High,Primary cluster,Strengthen the mapped page and protect canonical ownership
https://printkee.com/bags-and-travel/duffle-bags,duffle bag custom logo,0,5,0%,8.6,Commercial,High,Primary cluster,Strengthen the mapped page and protect canonical ownership
https://printkee.com/bags-and-travel/duffle-bags,duffle bag with logo,0,5,0%,8.6,Commercial,High,Primary cluster,Strengthen the mapped page and protect canonical ownership
https://printkee.com/bags-and-travel/duffle-bags,promotional duffle bags,0,5,0%,9,Commercial,High,Primary cluster,Strengthen the mapped page and protect canonical ownership
https://printkee.com/apparel-and-accessories/ties,custom tie printing,0,5,0%,9.6,Commercial,High,Primary cluster,Strengthen the mapped page and protect canonical ownership
https://printkee.com/bags-and-travel/duffle-bags,logo duffle bag,0,5,0%,9.6,Commercial,High,Primary cluster,Strengthen the mapped page and protect canonical ownership
https://printkee.com/apparel-and-accessories/aprons,apron printing near me,0,5,0%,9.8,Local commercial,High,Primary cluster,Strengthen the mapped page and protect canonical ownership
https://printkee.com/bags-and-travel/duffle-bags,customizable duffle bag,0,5,0%,11,Commercial,High,Primary cluster,Strengthen the mapped page and protect canonical ownership
https://printkee.com/apparel-and-accessories/ties,custom embroidered ties,0,5,0%,17.6,Commercial,High,Primary cluster,Strengthen the mapped page and protect canonical ownership
https://printkee.com/bags-and-travel/backpacks,promotional backpacks for corporate,0,5,0%,17.6,Commercial,High,Primary cluster,Strengthen the mapped page and protect canonical ownership
,custom coffee,0,5,0%,18.8,Commercial,Medium,Secondary or unassigned,Strengthen the mapped page and protect canonical ownership
,portronics website,0,5,0%,22.6,Navigational / informational,Low,Secondary or unassigned,Do not optimize commercial pages for this query
https://printkee.com/apparel-and-accessories/aprons,custom kitchen apron,0,5,0%,24.4,Commercial,High,Primary cluster,Monitor in GSC before changing content
,noise brand,0,5,0%,25.4,Navigational / informational,Low,Secondary or unassigned,Do not optimize commercial pages for this query
https://printkee.com/,company branded merchandise,0,5,0%,26.8,Commercial,High,Primary cluster,Monitor in GSC before changing content
https://printkee.com/apparel-and-accessories/ties,tie printing,0,5,0%,27.4,Commercial,High,Primary cluster,Monitor in GSC before changing content
https://printkee.com/office-and-writing/lanyard-and-id-card,id card and lanyard printing near me,0,5,0%,27.8,Local commercial,High,Primary cluster,Monitor in GSC before changing content
,portronics accessories,0,5,0%,28.4,Navigational / informational,Low,Secondary or unassigned,Do not optimize commercial pages for this query
https://printkee.com/bags-and-travel/tote-bags,canvas tote bags delhi,0,5,0%,30.4,Local commercial,High,Primary cluster,Monitor in GSC before changing content
,promotional corporate,0,5,0%,31,Commercial,Medium,Secondary or unassigned,Monitor in GSC before changing content
,branded corporate items,0,5,0%,32.8,Commercial,Medium,Secondary or unassigned,Monitor in GSC before changing content
https://printkee.com/collection/welcome-kits,eco friendly welcome kit,0,5,0%,35.4,Commercial,High,Primary cluster,Monitor in GSC before changing content
https://printkee.com/office-and-writing/lanyard-and-id-card,id cards lanyards suppliers,0,5,0%,35.6,Commercial,High,Primary cluster,Monitor in GSC before changing content
,corporate logo merchandise,0,5,0%,36.6,Commercial,Medium,Secondary or unassigned,Monitor in GSC before changing content
https://printkee.com/bags-and-travel/backpacks,customised backpack,0,5,0%,37.4,Commercial,High,Primary cluster,Monitor in GSC before changing content
,custom corporate coasters,0,5,0%,39.4,Commercial,Medium,Secondary or unassigned,Monitor in GSC before changing content
,branded corporate wear,0,5,0%,43,Commercial,Medium,Secondary or unassigned,Monitor in GSC before changing content
https://printkee.com/bags-and-travel/backpacks,customized backpacks,0,5,0%,43,Commercial,High,Primary cluster,Monitor in GSC before changing content
,t shirt printing in roorkee,0,5,0%,43,Commercial,Medium,Secondary or unassigned,Monitor in GSC before changing content
,company logo coasters,0,5,0%,43.2,Commercial,Medium,Secondary or unassigned,Monitor in GSC before changing content
,custom marketing gifts,0,5,0%,43.4,Commercial,Medium,Secondary or unassigned,Monitor in GSC before changing content
https://printkee.com/bags-and-travel/tote-bags,custom tote bags,0,5,0%,44.2,Commercial,High,Primary cluster,Monitor in GSC before changing content
https://printkee.com/,corporate promotional merchandise,0,5,0%,44.6,Commercial,High,Primary cluster,Monitor in GSC before changing content
,company branded coasters,0,5,0%,46.8,Commercial,Medium,Secondary or unassigned,Monitor in GSC before changing content
,custom pens,0,5,0%,46.8,Commercial,Medium,Secondary or unassigned,Monitor in GSC before changing content
https://printkee.com/,customized corporate merchandise,0,5,0%,46.8,Commercial,High,Primary cluster,Monitor in GSC before changing content
https://printkee.com/apparel-and-accessories,custom branded apparel,0,5,0%,47.4,Commercial,High,Primary cluster,Monitor in GSC before changing content
,custom logo hats,0,5,0%,47.8,Commercial,Medium,Secondary or unassigned,Monitor in GSC before changing content
,custom advertising products,0,5,0%,50.2,Commercial,Medium,Secondary or unassigned,Monitor in GSC before changing content
https://printkee.com/,promotional products suppliers,0,5,0%,53.8,Commercial,High,Primary cluster,Monitor in GSC before changing content
https://printkee.com/,personalized business promotional products,0,5,0%,54.8,Commercial,High,Primary cluster,Monitor in GSC before changing content
,branded corporate clothing,0,5,0%,55,Commercial,Medium,Secondary or unassigned,Monitor in GSC before changing content
,custom logo items,0,5,0%,55,Commercial,Medium,Secondary or unassigned,Monitor in GSC before changing content
https://printkee.com/,custom promotional merchandise,0,5,0%,55.4,Commercial,High,Primary cluster,Monitor in GSC before changing content
,custom swag,0,5,0%,56,Commercial,Medium,Secondary or unassigned,Monitor in GSC before changing content
https://printkee.com/,cheap custom promotional products,0,5,0%,56.4,Commercial,High,Primary cluster,Monitor in GSC before changing content
https://printkee.com/apparel-and-accessories,branded corporate apparel,0,5,0%,56.6,Commercial,High,Primary cluster,Monitor in GSC before changing content
https://printkee.com/,promotional products bangalore,0,5,0%,56.6,Commercial,High,Primary cluster,Monitor in GSC before changing content
,corporate gifts delhi ncr,0,5,0%,58.4,Commercial,Medium,Secondary or unassigned,Monitor in GSC before changing content
,customisable corporate gifts,0,5,0%,58.4,Commercial,Medium,Secondary or unassigned,Monitor in GSC before changing content
https://printkee.com/,corporate gifting drinkware,0,5,0%,58.6,Commercial,High,Primary cluster,Monitor in GSC before changing content
,custom promotional materials,0,5,0%,59.6,Commercial,Medium,Secondary or unassigned,Monitor in GSC before changing content
,customizable products,0,5,0%,64,Ambiguous,Low,Secondary or unassigned,Do not optimize commercial pages for this query
,gst on memento,0,4,0%,1,Navigational / informational,Low,Secondary or unassigned,Do not optimize commercial pages for this query
https://printkee.com/collection/welcome-kits,digital welcome kit,0,4,0%,3.5,Commercial,High,Primary cluster,Monitor in GSC before changing content
https://printkee.com/office-and-writing/file-and-folder,branded file,0,4,0%,4.75,Commercial,High,Primary cluster,Monitor in GSC before changing content
https://printkee.com/apparel-and-accessories/aprons,catering aprons with logo,0,4,0%,6,Commercial,High,Primary cluster,Monitor in GSC before changing content
,yes,0,4,0%,6,Ambiguous,Low,Secondary or unassigned,Do not optimize commercial pages for this query
,portronics belongs to which country,0,4,0%,7.75,Navigational / informational,Low,Secondary or unassigned,Do not optimize commercial pages for this query
https://printkee.com/technology-accessories/wireless-charging,wireless charger custom logo,0,4,0%,7.75,Commercial,High,Primary cluster,Monitor in GSC before changing content
https://printkee.com/eco-products,cork coaster printing,0,4,0%,8,Commercial,High,Primary cluster,Monitor in GSC before changing content
,custom keychains india,0,4,0%,8.25,Commercial,Medium,Secondary or unassigned,Monitor in GSC before changing content
,portroncs,0,4,0%,8.5,Ambiguous,Low,Secondary or unassigned,Do not optimize commercial pages for this query
,portronics logo p,0,4,0%,8.5,Navigational / informational,Low,Secondary or unassigned,Do not optimize commercial pages for this query
https://printkee.com/eco-products,cork lamps,0,4,0%,8.75,Commercial,High,Primary cluster,Monitor in GSC before changing content
https://printkee.com/technology-accessories/power-banks,printed power banks,0,4,0%,8.75,Commercial,High,Primary cluster,Monitor in GSC before changing content
https://printkee.com/apparel-and-accessories/aprons,logo aprons,0,4,0%,9.25,Commercial,High,Primary cluster,Monitor in GSC before changing content
,portronics brand logo looks like p in square,0,4,0%,9.25,Navigational / informational,Low,Secondary or unassigned,Do not optimize commercial pages for this query
https://printkee.com/office-and-writing/file-and-folder,customizable file folders,0,4,0%,9.5,Commercial,High,Primary cluster,Monitor in GSC before changing content
https://printkee.com/apparel-and-accessories/aprons,logo printed aprons,0,4,0%,9.75,Commercial,High,Primary cluster,Monitor in GSC before changing content
,portronics logo svg,0,4,0%,10,Navigational / informational,Low,Secondary or unassigned,Do not optimize commercial pages for this query
,fuzo company,0,4,0%,10.25,Navigational / informational,Low,Secondary or unassigned,Do not optimize commercial pages for this query
https://printkee.com/apparel-and-accessories/aprons,apron printed with logo,0,4,0%,10.5,Commercial,High,Primary cluster,Monitor in GSC before changing content
https://printkee.com/apparel-and-accessories/aprons,aprons with logo printed,0,4,0%,10.75,Commercial,High,Primary cluster,Monitor in GSC before changing content
https://printkee.com/bags-and-travel/duffle-bags,custom duffel bags,0,4,0%,11,Commercial,High,Primary cluster,Monitor in GSC before changing content
https://printkee.com/apparel-and-accessories/ties,customized ties,0,4,0%,12.25,Commercial,High,Primary cluster,Monitor in GSC before changing content
https://printkee.com/bags-and-travel/duffle-bags,embroidered duffle bags,0,4,0%,12.75,Commercial,High,Primary cluster,Monitor in GSC before changing content
https://printkee.com/eco-products,custom cork yoga mat,0,4,0%,13.25,Commercial,High,Primary cluster,Monitor in GSC before changing content
https://printkee.com/bags-and-travel/tote-bags,tote bag quick delivery,0,4,0%,13.25,Commercial,High,Primary cluster,Monitor in GSC before changing content
https://printkee.com/eco-products,cork wallets india,0,4,0%,14,Commercial,High,Primary cluster,Monitor in GSC before changing content
https://printkee.com/bags-and-travel/backpacks,backpack printing,0,4,0%,14.5,Commercial,High,Primary cluster,Monitor in GSC before changing content
https://printkee.com/collection/welcome-kits,custom welcome kit,0,4,0%,14.5,Commercial,High,Primary cluster,Monitor in GSC before changing content
,notebook merchandise,0,4,0%,19,Ambiguous,Low,Secondary or unassigned,Do not optimize commercial pages for this query
https://printkee.com/bags-and-travel/backpacks,promotional backpacks,0,4,0%,21.25,Commercial,High,Primary cluster,Monitor in GSC before changing content
,noise official website,0,4,0%,22.75,Navigational / informational,Low,Secondary or unassigned,Do not optimize commercial pages for this query
,+bulk +pens +with +logo,0,4,0%,23.5,Commercial,Medium,Secondary or unassigned,Monitor in GSC before changing content
https://printkee.com/apparel-and-accessories/aprons,custom mens aprons,0,4,0%,26.5,Commercial,High,Primary cluster,Monitor in GSC before changing content
https://printkee.com/bags-and-travel/backpacks,backpack print on demand,0,4,0%,27.5,Commercial,High,Primary cluster,Monitor in GSC before changing content
https://printkee.com/bags-and-travel/tote-bags,custom tote bags wholesale,0,4,0%,27.5,Commercial,High,Primary cluster,Monitor in GSC before changing content
https://printkee.com/bags-and-travel/backpacks,print on demand backpacks,0,4,0%,29.5,Commercial,High,Primary cluster,Monitor in GSC before changing content
,custom branded products,0,4,0%,30.25,Commercial,Medium,Secondary or unassigned,Monitor in GSC before changing content
,portronics company origin,0,4,0%,31.25,Navigational / informational,Low,Secondary or unassigned,Do not optimize commercial pages for this query
https://printkee.com/apparel-and-accessories/aprons,custom apron,0,4,0%,32,Commercial,High,Primary cluster,Monitor in GSC before changing content
,corporate white shirt,0,4,0%,32.75,Commercial,Medium,Secondary or unassigned,Monitor in GSC before changing content
,long service award memento,0,4,0%,33,Ambiguous,Low,Secondary or unassigned,Do not optimize commercial pages for this query
,promotional gifts india,0,4,0%,33.25,Commercial,Medium,Secondary or unassigned,Monitor in GSC before changing content
https://printkee.com/office-and-writing/lanyard-and-id-card,customised id card,0,4,0%,35.5,Commercial,High,Primary cluster,Monitor in GSC before changing content
https://printkee.com/apparel-and-accessories/aprons,print on demand aprons,0,4,0%,36.25,Commercial,High,Primary cluster,Monitor in GSC before changing content
,corporate promotional pens,0,4,0%,37,Commercial,Medium,Secondary or unassigned,Monitor in GSC before changing content
,personalised corporate pens,0,4,0%,37,Commercial,Medium,Secondary or unassigned,Monitor in GSC before changing content
,personalized business giveaways,0,4,0%,37,Ambiguous,Low,Secondary or unassigned,Do not optimize commercial pages for this query
https://printkee.com/apparel-and-accessories/ties,embroidered ties,0,4,0%,41,Commercial,High,Primary cluster,Monitor in GSC before changing content
https://printkee.com/bags-and-travel/duffle-bags,personalised duffle bag,0,4,0%,41.75,Commercial,High,Primary cluster,Monitor in GSC before changing content
https://printkee.com/collection/welcome-kits,employee welcome kits india,0,4,0%,42.5,Commercial,High,Primary cluster,Monitor in GSC before changing content
https://printkee.com/office-and-writing/lanyard-and-id-card,id card ribbon printing,0,4,0%,42.75,Commercial,High,Primary cluster,Monitor in GSC before changing content
https://printkee.com/office-and-writing/lanyard-and-id-card,lanyard manufacturer in delhi,0,4,0%,44,Local commercial,High,Primary cluster,Monitor in GSC before changing content
https://printkee.com/eco-products,cork promotional products,0,4,0%,44.25,Commercial,High,Primary cluster,Monitor in GSC before changing content
,corporate clothing and gifts,0,4,0%,46,Commercial,Medium,Secondary or unassigned,Monitor in GSC before changing content
,corporate logo items,0,4,0%,46.25,Commercial,Medium,Secondary or unassigned,Monitor in GSC before changing content
,corporate products,0,4,0%,47,Commercial,Medium,Secondary or unassigned,Monitor in GSC before changing content
,custom 7800mah tork portronics power bank- orange,0,4,0%,48,Navigational / informational,Low,Secondary or unassigned,Do not optimize commercial pages for this query
,customized pens for business,0,4,0%,50,Commercial,Medium,Secondary or unassigned,Monitor in GSC before changing content
,merchandise corporate gifts,0,4,0%,51.75,Commercial,Medium,Secondary or unassigned,Monitor in GSC before changing content
https://printkee.com/office-and-writing/lanyard-and-id-card,custom print lanyards,0,4,0%,52,Commercial,High,Primary cluster,Monitor in GSC before changing content
,corporate gifts in gurgaon,0,4,0%,53.25,Commercial,Medium,Secondary or unassigned,Monitor in GSC before changing content
,corporate gifts noida,0,4,0%,54.5,Commercial,Medium,Secondary or unassigned,Monitor in GSC before changing content
,custom promo products,0,4,0%,57.75,Commercial,Medium,Secondary or unassigned,Monitor in GSC before changing content
,personalized business promotional items,0,4,0%,58.5,Commercial,Medium,Secondary or unassigned,Monitor in GSC before changing content
,personalized business swag,0,4,0%,58.5,Ambiguous,Low,Secondary or unassigned,Do not optimize commercial pages for this query
,corporate gifts in delhi,0,4,0%,59.75,Commercial,Medium,Secondary or unassigned,Monitor in GSC before changing content
,branded mugs for business,0,4,0%,62.5,Commercial,Medium,Secondary or unassigned,Monitor in GSC before changing content
,corporate mugs no minimum order,0,4,0%,69,Commercial,Medium,Secondary or unassigned,Monitor in GSC before changing content
,lanyard hsn code 18 gst rate,0,3,0%,1.67,Navigational / informational,Low,Secondary or unassigned,Do not optimize commercial pages for this query
,"where to order personalized company merchandise and souvenirs online in 
india?",0,3,0%,5.33,Commercial,Medium,Secondary or unassigned,Monitor in GSC before changing content
,id card lanyard hsn code and gst rate,0,3,0%,6,Navigational / informational,Low,Secondary or unassigned,Do not optimize commercial pages for this query
https://printkee.com/eco-products,personalised cork coasters,0,3,0%,6,Commercial,High,Primary cluster,Monitor in GSC before changing content
,portronics logo p inside square,0,3,0%,6,Navigational / informational,Low,Secondary or unassigned,Do not optimize commercial pages for this query
,lanyard hsn code and gst rate,0,3,0%,6.67,Navigational / informational,Low,Secondary or unassigned,Do not optimize commercial pages for this query
https://printkee.com/bags-and-travel/duffle-bags,custom duffle bags with logo,0,3,0%,7,Commercial,High,Primary cluster,Monitor in GSC before changing content
https://printkee.com/eco-products,customized cork coasters,0,3,0%,7,Commercial,High,Primary cluster,Monitor in GSC before changing content
https://printkee.com/apparel-and-accessories/winter-wear,custom winter jacket,0,3,0%,8,Commercial,High,Primary cluster,Monitor in GSC before changing content
,personalised wireless phone charger,0,3,0%,8,Ambiguous,Low,Secondary or unassigned,Do not optimize commercial pages for this query
https://printkee.com/bags-and-travel/duffle-bags,promotional duffle bag,0,3,0%,8,Commercial,High,Primary cluster,Monitor in GSC before changing content
,%portronics logo official p,0,3,0%,8.33,Navigational / informational,Low,Secondary or unassigned,Do not optimize commercial pages for this query
https://printkee.com/collection/welcome-kits,premium welcome kit,0,3,0%,8.33,Commercial,High,Primary cluster,Monitor in GSC before changing content
https://printkee.com/apparel-and-accessories/aprons,apron bulk order,0,3,0%,8.67,Commercial,High,Primary cluster,Monitor in GSC before changing content
https://printkee.com/eco-products,custom cork coaster,0,3,0%,8.67,Commercial,High,Primary cluster,Monitor in GSC before changing content
,custom gel pen,0,3,0%,8.67,Commercial,Medium,Secondary or unassigned,Monitor in GSC before changing content
https://printkee.com/eco-products,printed cork,0,3,0%,8.67,Commercial,High,Primary cluster,Monitor in GSC before changing content
https://printkee.com/technology-accessories/wireless-charging,logo wireless charger,0,3,0%,9,Commercial,High,Primary cluster,Monitor in GSC before changing content
,+portronics logo official p,0,3,0%,9.33,Navigational / informational,Low,Secondary or unassigned,Do not optimize commercial pages for this query
,in india,0,3,0%,9.33,Commercial,Medium,Secondary or unassigned,Monitor in GSC before changing content
https://printkee.com/bags-and-travel/duffle-bags,personalized duffle bag,0,3,0%,9.33,Commercial,High,Primary cluster,Monitor in GSC before changing content
,custom winter clothes,0,3,0%,9.67,Commercial,Medium,Secondary or unassigned,Monitor in GSC before changing content
,promotional drinkware,0,3,0%,9.67,Commercial,Medium,Secondary or unassigned,Monitor in GSC before changing content
https://printkee.com/technology-accessories/wireless-charging,wireless charger customized,0,3,0%,9.67,Commercial,High,Primary cluster,Monitor in GSC before changing content
https://printkee.com/office-and-writing/file-and-folder,custom files and folders,0,3,0%,10,Commercial,High,Primary cluster,Monitor in GSC before changing content
https://printkee.com/office-and-writing/lanyard-and-id-card,branded lanyard,0,3,0%,10.33,Commercial,High,Primary cluster,Monitor in GSC before changing content
https://printkee.com/eco-products,cork bags india,0,3,0%,10.33,Commercial,High,Primary cluster,Monitor in GSC before changing content
https://printkee.com/bags-and-travel/tote-bags,tote bags fast delivery,0,3,0%,10.33,Commercial,High,Primary cluster,Monitor in GSC before changing content
https://printkee.com/apparel-and-accessories/aprons,business apron,0,3,0%,10.67,Commercial,High,Primary cluster,Monitor in GSC before changing content
,branded drinkware,0,3,0%,12.33,Commercial,Medium,Secondary or unassigned,Monitor in GSC before changing content
https://printkee.com/bags-and-travel/duffle-bags,duffle bag manufacturer,0,3,0%,13.33,Commercial,High,Primary cluster,Monitor in GSC before changing content
,mouse pad manufacturers in delhi,0,3,0%,13.33,Commercial,Medium,Secondary or unassigned,Monitor in GSC before changing content
,portronics company country,0,3,0%,13.67,Navigational / informational,Low,Secondary or unassigned,Do not optimize commercial pages for this query
https://printkee.com/bags-and-travel/duffle-bags,custom printed duffle bags,0,3,0%,14,Commercial,High,Primary cluster,Monitor in GSC before changing content
https://printkee.com/bags-and-travel/backpacks,custom printed backpacks,0,3,0%,14.33,Commercial,High,Primary cluster,Monitor in GSC before changing content
https://printkee.com/office-and-writing/file-and-folder,customized file folders,0,3,0%,21.67,Commercial,High,Primary cluster,Monitor in GSC before changing content
,trophies mementos,0,3,0%,26.33,Ambiguous,Low,Secondary or unassigned,Do not optimize commercial pages for this query
https://printkee.com/bags-and-travel/tote-bags,tote bag manufacturers in delhi,0,3,0%,27.33,Local commercial,High,Primary cluster,Monitor in GSC before changing content
,mouse pad manufacturer in delhi,0,3,0%,27.67,Commercial,Medium,Secondary or unassigned,Monitor in GSC before changing content
https://printkee.com/office-and-writing/lanyard-and-id-card,lanyards for id cards,0,3,0%,30.67,Commercial,High,Primary cluster,Monitor in GSC before changing content
https://printkee.com/apparel-and-accessories/aprons,apron customized,0,3,0%,31.67,Commercial,High,Primary cluster,Monitor in GSC before changing content
,hat printing,0,3,0%,31.67,Commercial,Medium,Secondary or unassigned,Monitor in GSC before changing content
https://printkee.com/apparel-and-accessories/aprons,customised apron for men,0,3,0%,35.33,Commercial,High,Primary cluster,Monitor in GSC before changing content
,custom corporate pens,0,3,0%,35.67,Commercial,Medium,Secondary or unassigned,Monitor in GSC before changing content
,custom keychains in bulk,0,3,0%,35.67,Commercial,Medium,Secondary or unassigned,Monitor in GSC before changing content
,custom employee welcome boxes,0,3,0%,37.67,Commercial,Medium,Secondary or unassigned,Monitor in GSC before changing content
https://printkee.com/office-and-writing/lanyard-and-id-card,id card lanyard supplier,0,3,0%,38.33,Commercial,High,Primary cluster,Monitor in GSC before changing content
https://printkee.com/office-and-writing/lanyard-and-id-card,custom id card holder,0,3,0%,39.67,Commercial,High,Primary cluster,Monitor in GSC before changing content
https://printkee.com/office-and-writing/lanyard-and-id-card,id cards lanyard visiting card printing services,0,3,0%,40.33,Commercial,High,Primary cluster,Monitor in GSC before changing content
,promo wear,0,3,0%,42,Ambiguous,Low,Secondary or unassigned,Do not optimize commercial pages for this query
https://printkee.com/apparel-and-accessories/aprons,apron with name,0,3,0%,42.33,Commercial,High,Primary cluster,Monitor in GSC before changing content
,custom yoga mats india,0,3,0%,42.33,Commercial,Medium,Secondary or unassigned,Monitor in GSC before changing content
https://printkee.com/eco-products,cork promotional items,0,3,0%,42.67,Commercial,High,Primary cluster,Monitor in GSC before changing content
,personalised pens for business,0,3,0%,42.67,Ambiguous,Low,Secondary or unassigned,Do not optimize commercial pages for this query
,custom logo ceramic mugs,0,3,0%,43.33,Commercial,Medium,Secondary or unassigned,Monitor in GSC before changing content
,custom pens with logo,0,3,0%,43.33,Commercial,Medium,Secondary or unassigned,Monitor in GSC before changing content
,personalized ink pens for business,0,3,0%,43.67,Ambiguous,Low,Secondary or unassigned,Do not optimize commercial pages for this query
https://printkee.com/apparel-and-accessories,corporate apparel,0,3,0%,44,Commercial,High,Primary cluster,Monitor in GSC before changing content
,corporate gifts mugs,0,3,0%,44,Commercial,Medium,Secondary or unassigned,Monitor in GSC before changing content
,personalised marketing gifts,0,3,0%,46,Commercial,Medium,Secondary or unassigned,Monitor in GSC before changing content
,bamboo bottle manufacturer in india,0,3,0%,47,Commercial,Medium,Secondary or unassigned,Monitor in GSC before changing content
,best corporate pens,0,3,0%,47,Commercial,Medium,Secondary or unassigned,Monitor in GSC before changing content
,personalized bulk items,0,3,0%,47.33,Commercial,Medium,Secondary or unassigned,Monitor in GSC before changing content
,personalised yoga mat,0,3,0%,47.67,Ambiguous,Low,Secondary or unassigned,Do not optimize commercial pages for this query
,custom bucket hats,0,3,0%,49.33,Commercial,Medium,Secondary or unassigned,Monitor in GSC before changing content
,customised merchandise,0,3,0%,50.67,Commercial,Medium,Secondary or unassigned,Monitor in GSC before changing content
,personalised branded gifts,0,3,0%,50.67,Commercial,Medium,Secondary or unassigned,Monitor in GSC before changing content
,bulk promotional items,0,3,0%,51,Commercial,Medium,Secondary or unassigned,Monitor in GSC before changing content
,other headwear supplier,0,3,0%,52.67,Commercial,Medium,Secondary or unassigned,Monitor in GSC before changing content
,portronics company owner,0,3,0%,52.67,Navigational / informational,Low,Secondary or unassigned,Do not optimize commercial pages for this query
,corporate keychains,0,3,0%,56,Commercial,Medium,Secondary or unassigned,Monitor in GSC before changing content
https://printkee.com/office-and-writing/lanyard-and-id-card,bulk id card printing india,0,3,0%,56.67,Commercial,High,Primary cluster,Monitor in GSC before changing content
https://printkee.com/,custom corporate gifting,0,3,0%,58,Commercial,High,Primary cluster,Monitor in GSC before changing content
,merchandise companies,0,3,0%,59,Ambiguous,Low,Secondary or unassigned,Do not optimize commercial pages for this query
https://printkee.com/,printed business gifts,0,3,0%,60.67,Commercial,High,Primary cluster,Monitor in GSC before changing content
,customized gifts bulk,0,3,0%,61,Commercial,Medium,Secondary or unassigned,Monitor in GSC before changing content
,personalised company gifts,0,3,0%,68.67,Commercial,Medium,Secondary or unassigned,Monitor in GSC before changing content
,2021 diary with company logo,0,3,0%,76,Commercial,Medium,Secondary or unassigned,Monitor in GSC before changing content
,cotton apron hsn code and gst rate,0,2,0%,1,Navigational / informational,Low,Secondary or unassigned,Do not optimize commercial pages for this query
,premium corporate branding,0,2,0%,1.5,Commercial,Medium,Secondary or unassigned,Monitor in GSC before changing content
,promotional cap manufacturers in delhi,0,2,0%,3,Commercial,Medium,Secondary or unassigned,Monitor in GSC before changing content
https://printkee.com/eco-products,cork coasters custom,0,2,0%,5.5,Commercial,High,Primary cluster,Monitor in GSC before changing content
,portronics is from which country,0,2,0%,5.5,Navigational / informational,Low,Secondary or unassigned,Do not optimize commercial pages for this query
https://printkee.com/eco-products,cork print,0,2,0%,6,Commercial,High,Primary cluster,Monitor in GSC before changing content
,portronics packaging,0,2,0%,6,Navigational / informational,Low,Secondary or unassigned,Do not optimize commercial pages for this query
,portronics pico bluetooth speaker () reviews,0,2,0%,6,Navigational / informational,Low,Secondary or unassigned,Do not optimize commercial pages for this query
https://printkee.com/brands/noise,noise gift wrap kya hota hai,0,2,0%,6.5,Commercial,High,Primary cluster,Monitor in GSC before changing content
https://printkee.com/bags-and-travel/duffle-bags,duffle bags customized,0,2,0%,7,Commercial,High,Primary cluster,Monitor in GSC before changing content
https://printkee.com/bags-and-travel/duffle-bags,corporate duffle bag,0,2,0%,7.5,Commercial,High,Primary cluster,Monitor in GSC before changing content
https://printkee.com/apparel-and-accessories/ties,custom logo tie,0,2,0%,7.5,Commercial,High,Primary cluster,Monitor in GSC before changing content
https://printkee.com/bags-and-travel/duffle-bags,duffle bags with logo,0,2,0%,7.5,Commercial,High,Primary cluster,Monitor in GSC before changing content
,protronics logo,0,2,0%,7.5,Commercial,Medium,Secondary or unassigned,Monitor in GSC before changing content
https://printkee.com/office-and-writing/lanyard-and-id-card,bulk lanyards,0,2,0%,8,Commercial,High,Primary cluster,Monitor in GSC before changing content
https://printkee.com/eco-products,large cork coasters,0,2,0%,8,Commercial,High,Primary cluster,Monitor in GSC before changing content
https://printkee.com/bags-and-travel/backpacks,custom travel backpack,0,2,0%,8.5,Commercial,High,Primary cluster,Monitor in GSC before changing content
https://printkee.com/eco-products,customizable cork coasters,0,2,0%,8.5,Commercial,High,Primary cluster,Monitor in GSC before changing content
https://printkee.com/technology-accessories/wireless-charging,customizable wireless charger,0,2,0%,8.5,Commercial,High,Primary cluster,Monitor in GSC before changing content
https://printkee.com/bags-and-travel/backpacks,logo printed backpacks,0,2,0%,8.5,Commercial,High,Primary cluster,Monitor in GSC before changing content
https://printkee.com/apparel-and-accessories/aprons,apron customized near me,0,2,0%,9,Local commercial,High,Primary cluster,Monitor in GSC before changing content
https://printkee.com/eco-products,cork coasters wholesale,0,2,0%,9,Commercial,High,Primary cluster,Monitor in GSC before changing content
https://printkee.com/office-and-writing/file-and-folder,customized folders with logo,0,2,0%,9,Commercial,High,Primary cluster,Monitor in GSC before changing content
,hat customization near me,0,2,0%,9,Commercial,Medium,Secondary or unassigned,Monitor in GSC before changing content
https://printkee.com/apparel-and-accessories/aprons,order apron with logo,0,2,0%,9,Commercial,High,Primary cluster,Monitor in GSC before changing content
,personalised charging pad,0,2,0%,9,Ambiguous,Low,Secondary or unassigned,Do not optimize commercial pages for this query
,portronics is indian brand,0,2,0%,9,Navigational / informational,Low,Secondary or unassigned,Do not optimize commercial pages for this query
https://printkee.com/apparel-and-accessories/aprons,apron customization,0,2,0%,9.5,Commercial,High,Primary cluster,Monitor in GSC before changing content
https://printkee.com/office-and-writing/file-and-folder,branded file folders,0,2,0%,9.5,Commercial,High,Primary cluster,Monitor in GSC before changing content
,custom mugs near me,0,2,0%,9.5,Commercial,Medium,Secondary or unassigned,Monitor in GSC before changing content
,custom weekender bag,0,2,0%,9.5,Commercial,Medium,Secondary or unassigned,Monitor in GSC before changing content
https://printkee.com/bags-and-travel/duffle-bags,engraved duffle bag,0,2,0%,9.5,Commercial,High,Primary cluster,Monitor in GSC before changing content
https://printkee.com/office-and-writing/lanyard-and-id-card,lanyard and id card printing,0,2,0%,9.5,Commercial,High,Primary cluster,Monitor in GSC before changing content
https://printkee.com/technology-accessories/wireless-charging,wireless charging pad with logo,0,2,0%,9.5,Commercial,High,Primary cluster,Monitor in GSC before changing content
https://printkee.com/bags-and-travel/backpacks,custom backpack,0,2,0%,10,Commercial,High,Primary cluster,Monitor in GSC before changing content
,portronics is a indian brand,0,2,0%,10,Navigational / informational,Low,Secondary or unassigned,Do not optimize commercial pages for this query
https://printkee.com/apparel-and-accessories/aprons,promotional aprons,0,2,0%,10,Commercial,High,Primary cluster,Monitor in GSC before changing content
,%portronics logo official p logo,0,2,0%,10.5,Navigational / informational,Low,Secondary or unassigned,Do not optimize commercial pages for this query
https://printkee.com/bags-and-travel/duffle-bags,custom embroidered duffle bags,0,2,0%,10.5,Commercial,High,Primary cluster,Monitor in GSC before changing content
https://printkee.com/office-and-writing/file-and-folder,custom printed files,0,2,0%,10.5,Commercial,High,Primary cluster,Monitor in GSC before changing content
,customized gel pens,0,2,0%,10.5,Commercial,Medium,Secondary or unassigned,Monitor in GSC before changing content
https://printkee.com/bags-and-travel/duffle-bags,duffle bag personalized,0,2,0%,10.5,Commercial,High,Primary cluster,Monitor in GSC before changing content
,portronics logo p square,0,2,0%,10.5,Navigational / informational,Low,Secondary or unassigned,Do not optimize commercial pages for this query
https://printkee.com/bags-and-travel/duffle-bags,printed duffle bag,0,2,0%,10.5,Commercial,High,Primary cluster,Monitor in GSC before changing content
https://printkee.com/apparel-and-accessories/aprons,aprons customized with logo,0,2,0%,11,Commercial,High,Primary cluster,Monitor in GSC before changing content
https://printkee.com/apparel-and-accessories/ties,custom made ties,0,2,0%,11,Commercial,High,Primary cluster,Monitor in GSC before changing content
https://printkee.com/bags-and-travel/duffle-bags,duffle bag manufacturers,0,2,0%,12,Commercial,High,Primary cluster,Monitor in GSC before changing content
,portronics is an indian company,0,2,0%,12,Navigational / informational,Low,Secondary or unassigned,Do not optimize commercial pages for this query
https://printkee.com/apparel-and-accessories,polo shirts embroidery near me,0,2,0%,12.5,Local commercial,High,Primary cluster,Monitor in GSC before changing content
,custom mouse pad near me,0,2,0%,13,Commercial,Medium,Secondary or unassigned,Monitor in GSC before changing content
https://printkee.com/apparel-and-accessories/ties,custom ties with logo,0,2,0%,13,Commercial,High,Primary cluster,Monitor in GSC before changing content
https://printkee.com/bags-and-travel/duffle-bags,printed duffle bags,0,2,0%,13,Commercial,High,Primary cluster,Monitor in GSC before changing content
https://printkee.com/bags-and-travel/tote-bags,tote bag manufacturers delhi,0,2,0%,13,Local commercial,High,Primary cluster,Monitor in GSC before changing content
,protonics logo,0,2,0%,13.5,Commercial,Medium,Secondary or unassigned,Monitor in GSC before changing content
https://printkee.com/bags-and-travel/duffle-bags,sublimated duffle bags suppliers,0,2,0%,13.5,Commercial,High,Primary cluster,Monitor in GSC before changing content
https://printkee.com/office-and-writing/lanyard-and-id-card,lanyard printing in delhi,0,2,0%,14,Local commercial,High,Primary cluster,Monitor in GSC before changing content
,custom hats near me,0,2,0%,14.5,Commercial,Medium,Secondary or unassigned,Monitor in GSC before changing content
,portronics electronics,0,2,0%,14.5,Navigational / informational,Low,Secondary or unassigned,Do not optimize commercial pages for this query
https://printkee.com/technology-accessories/wireless-charging,custom wireless charger manufacturer,0,2,0%,15,Commercial,High,Primary cluster,Monitor in GSC before changing content
,portronics product,0,2,0%,15.5,Navigational / informational,Low,Secondary or unassigned,Do not optimize commercial pages for this query
,monkkee diary,0,2,0%,16,Ambiguous,Low,Secondary or unassigned,Do not optimize commercial pages for this query
https://printkee.com/apparel-and-accessories/aprons,print logo on apron,0,2,0%,16,Commercial,High,Primary cluster,Monitor in GSC before changing content
,boat headphones logo,0,2,0%,16.5,Navigational / informational,Low,Secondary or unassigned,Do not optimize commercial pages for this query
https://printkee.com/apparel-and-accessories/ties,ties with logos,0,2,0%,17,Commercial,High,Primary cluster,Monitor in GSC before changing content
,boat earphones logo,0,2,0%,18,Navigational / informational,Low,Secondary or unassigned,Do not optimize commercial pages for this query
,mouse pad manufacturers near me,0,2,0%,19,Commercial,Medium,Secondary or unassigned,Monitor in GSC before changing content
https://printkee.com/office-and-writing/file-and-folder,personalized file folders,0,2,0%,19,Commercial,High,Primary cluster,Monitor in GSC before changing content
,custom gel pens,0,2,0%,19.5,Commercial,Medium,Secondary or unassigned,Monitor in GSC before changing content
https://printkee.com/apparel-and-accessories/aprons,customize apron,0,2,0%,19.5,Commercial,High,Primary cluster,Monitor in GSC before changing content
https://printkee.com/bags-and-travel/tote-bags,travel tote bag manufacturers,0,2,0%,19.5,Commercial,High,Primary cluster,Monitor in GSC before changing content
https://printkee.com/apparel-and-accessories/ties,customised ties,0,2,0%,20.5,Commercial,High,Primary cluster,Monitor in GSC before changing content
,portronics meaning,0,2,0%,21,Navigational / informational,Low,Secondary or unassigned,Do not optimize commercial pages for this query
https://printkee.com/apparel-and-accessories/ties,tie with logo,0,2,0%,21,Commercial,High,Primary cluster,Monitor in GSC before changing content
https://printkee.com/bags-and-travel/backpacks,custom logo backpacks,0,2,0%,21.5,Commercial,High,Primary cluster,Monitor in GSC before changing content
,custom trophies,0,2,0%,21.5,Commercial,Medium,Secondary or unassigned,Monitor in GSC before changing content
https://printkee.com/technology-accessories/wireless-charging,wireless charger with logo,0,2,0%,22.5,Commercial,High,Primary cluster,Monitor in GSC before changing content
https://printkee.com/,corporate merchandise store,0,2,0%,25,Commercial,High,Primary cluster,Monitor in GSC before changing content
https://printkee.com/apparel-and-accessories/aprons,apron customised,0,2,0%,25.5,Commercial,High,Primary cluster,Monitor in GSC before changing content
https://printkee.com/eco-products,cork coasters,0,2,0%,26,Commercial,High,Primary cluster,Monitor in GSC before changing content
https://printkee.com/bags-and-travel/duffle-bags,custom baseball duffle bags,0,2,0%,26,Commercial,High,Primary cluster,Monitor in GSC before changing content
https://printkee.com/office-and-writing/lanyard-and-id-card,id card less printing,0,2,0%,26,Commercial,High,Primary cluster,Monitor in GSC before changing content
,portronics wikipedia,0,2,0%,26,Navigational / informational,Low,Secondary or unassigned,Do not optimize commercial pages for this query
https://printkee.com/office-and-writing/lanyard-and-id-card,lanyards bulk,0,2,0%,26.5,Commercial,High,Primary cluster,Monitor in GSC before changing content
,boat myshopify,0,2,0%,27,Navigational / informational,Low,Secondary or unassigned,Do not optimize commercial pages for this query
https://printkee.com/office-and-writing/lanyard-and-id-card,bulk custom lanyards,0,2,0%,27,Commercial,High,Primary cluster,Monitor in GSC before changing content
,portronics country,0,2,0%,27,Navigational / informational,Low,Secondary or unassigned,Do not optimize commercial pages for this query
https://printkee.com/,branded merchandise company,0,2,0%,27.5,Commercial,High,Primary cluster,Monitor in GSC before changing content
,cheap pens with logo in bulk,0,2,0%,27.5,Commercial,Medium,Secondary or unassigned,Monitor in GSC before changing content
,portronics all products,0,2,0%,28.5,Navigational / informational,Low,Secondary or unassigned,Do not optimize commercial pages for this query
,portronics support,0,2,0%,28.5,Navigational / informational,Low,Secondary or unassigned,Do not optimize commercial pages for this query
,customized momentos,0,2,0%,29,Commercial,Medium,Secondary or unassigned,Monitor in GSC before changing content
,trophies and mementos,0,2,0%,29.5,Ambiguous,Low,Secondary or unassigned,Do not optimize commercial pages for this query
https://printkee.com/apparel-and-accessories/aprons,chef aprons with logo,0,2,0%,30,Commercial,High,Primary cluster,Monitor in GSC before changing content
,noise sponsorship,0,2,0%,30,Navigational / informational,Low,Secondary or unassigned,Do not optimize commercial pages for this query
,porronics,0,2,0%,31,Ambiguous,Low,Secondary or unassigned,Do not optimize commercial pages for this query
https://printkee.com/office-and-writing/lanyard-and-id-card,customize id card holder,0,2,0%,31.5,Commercial,High,Primary cluster,Monitor in GSC before changing content
,custom mousepad printing,0,2,0%,32,Commercial,Medium,Secondary or unassigned,Monitor in GSC before changing content
https://printkee.com/eco-products,cork planters,0,2,0%,32.5,Commercial,High,Primary cluster,Monitor in GSC before changing content
,shop portronics products online,0,2,0%,33,Navigational / informational,Low,Secondary or unassigned,Do not optimize commercial pages for this query
,custom business notebooks,0,2,0%,35.5,Commercial,Medium,Secondary or unassigned,Monitor in GSC before changing content
https://printkee.com/apparel-and-accessories/aprons,customised apron for women,0,2,0%,36.5,Commercial,High,Primary cluster,Monitor in GSC before changing content
https://printkee.com/eco-products,cork lined serving tray,0,2,0%,37,Commercial,High,Primary cluster,Monitor in GSC before changing content
,portronics headquarters,0,2,0%,37,Navigational / informational,Low,Secondary or unassigned,Do not optimize commercial pages for this query
,company pens with logo,0,2,0%,38.5,Commercial,Medium,Secondary or unassigned,Monitor in GSC before changing content
https://printkee.com/eco-products,print on cork,0,2,0%,38.5,Commercial,High,Primary cluster,Monitor in GSC before changing content
,wholesale custom hats,0,2,0%,38.5,Commercial,Medium,Secondary or unassigned,Monitor in GSC before changing content
https://printkee.com/office-and-writing/lanyard-and-id-card,customized id card holder,0,2,0%,39,Commercial,High,Primary cluster,Monitor in GSC before changing content
https://printkee.com/apparel-and-accessories/ties,embroidered tie,0,2,0%,39.5,Commercial,High,Primary cluster,Monitor in GSC before changing content
https://printkee.com/office-and-writing/file-and-folder,custom printed folders,0,2,0%,40,Commercial,High,Primary cluster,Monitor in GSC before changing content
,ink pens with logo,0,2,0%,40.5,Commercial,Medium,Secondary or unassigned,Monitor in GSC before changing content
,personalized giveaways for business,0,2,0%,40.5,Ambiguous,Low,Secondary or unassigned,Do not optimize commercial pages for this query
,personalised company pens,0,2,0%,41.5,Commercial,Medium,Secondary or unassigned,Monitor in GSC before changing content
,corporate notebooks,0,2,0%,42,Commercial,Medium,Secondary or unassigned,Monitor in GSC before changing content
https://printkee.com/office-and-writing/lanyard-and-id-card,custom lanyards printing,0,2,0%,42,Commercial,High,Primary cluster,Monitor in GSC before changing content
https://printkee.com/apparel-and-accessories/ties,custom tie manufacturers,0,2,0%,42,Commercial,High,Primary cluster,Monitor in GSC before changing content
,portronics order tracking,0,2,0%,42,Navigational / informational,Low,Secondary or unassigned,Do not optimize commercial pages for this query
https://printkee.com/apparel-and-accessories/ties,logo tie,0,2,0%,42.5,Commercial,High,Primary cluster,Monitor in GSC before changing content
,customize hats,0,2,0%,43.5,Ambiguous,Low,Secondary or unassigned,Do not optimize commercial pages for this query
https://printkee.com/,branded merchandise suppliers,0,2,0%,44,Commercial,High,Primary cluster,Monitor in GSC before changing content
,mouse pad printing,0,2,0%,44.5,Commercial,Medium,Secondary or unassigned,Monitor in GSC before changing content
https://printkee.com/eco-products,cork tray,0,2,0%,45,Commercial,High,Primary cluster,Monitor in GSC before changing content
https://printkee.com/office-and-writing/lanyard-and-id-card,pvc cards and lanyard,0,2,0%,45,Commercial,High,Primary cluster,Monitor in GSC before changing content
https://printkee.com/collection/welcome-kits,welcome kits,0,2,0%,45.5,Commercial,High,Primary cluster,Monitor in GSC before changing content
https://printkee.com/,pens for business gifts,0,2,0%,46,Commercial,High,Primary cluster,Monitor in GSC before changing content
,customized corporate giveaways,0,2,0%,46.5,Commercial,Medium,Secondary or unassigned,Monitor in GSC before changing content
https://printkee.com/brands/noise,noise gift card,0,2,0%,46.5,Commercial,High,Primary cluster,Monitor in GSC before changing content
,customized hats,0,2,0%,47,Commercial,Medium,Secondary or unassigned,Monitor in GSC before changing content
https://printkee.com/office-and-writing/lanyard-and-id-card,id card tag printing,0,2,0%,47,Commercial,High,Primary cluster,Monitor in GSC before changing content
,personalized pens for businesses,0,2,0%,47,Ambiguous,Low,Secondary or unassigned,Do not optimize commercial pages for this query
,corporate promotional materials,0,2,0%,47.5,Commercial,Medium,Secondary or unassigned,Monitor in GSC before changing content
https://printkee.com/,corporate promotional products,0,2,0%,47.5,Commercial,High,Primary cluster,Monitor in GSC before changing content
,personalized bulk,0,2,0%,47.5,Commercial,Medium,Secondary or unassigned,Monitor in GSC before changing content
,personalized company logo gifts,0,2,0%,48,Commercial,Medium,Secondary or unassigned,Monitor in GSC before changing content
,+order +custom +pens +online,0,2,0%,48.5,Commercial,Medium,Secondary or unassigned,Monitor in GSC before changing content
,custom bulk gifts,0,2,0%,49,Commercial,Medium,Secondary or unassigned,Monitor in GSC before changing content
,customized items corporation,0,2,0%,49,Commercial,Medium,Secondary or unassigned,Monitor in GSC before changing content
,personalized company pens,0,2,0%,49,Commercial,Medium,Secondary or unassigned,Monitor in GSC before changing content
,corporate promo items,0,2,0%,49.5,Commercial,Medium,Secondary or unassigned,Monitor in GSC before changing content
https://printkee.com/office-and-writing/file-and-folder,branded folders,0,2,0%,50,Commercial,High,Primary cluster,Monitor in GSC before changing content
,custom branded corporate gifts,0,2,0%,50.5,Commercial,Medium,Secondary or unassigned,Monitor in GSC before changing content
,custom made corporate gifts,0,2,0%,51,Commercial,Medium,Secondary or unassigned,Monitor in GSC before changing content
,headwear manufacturers,0,2,0%,51,Ambiguous,Low,Secondary or unassigned,Do not optimize commercial pages for this query
,promotional keychain printing,0,2,0%,51,Commercial,Medium,Secondary or unassigned,Monitor in GSC before changing content
https://printkee.com/,promotional products india,0,2,0%,51,Commercial,High,Primary cluster,Monitor in GSC before changing content
,custom company gifts,0,2,0%,52,Commercial,Medium,Secondary or unassigned,Monitor in GSC before changing content
https://printkee.com/,corporate gifting in noida,0,2,0%,52.5,Local commercial,High,Primary cluster,Monitor in GSC before changing content
,bulk custom gifts,0,2,0%,53,Commercial,Medium,Secondary or unassigned,Monitor in GSC before changing content
,custom corporate,0,2,0%,53,Commercial,Medium,Secondary or unassigned,Monitor in GSC before changing content
https://printkee.com/collection/welcome-kits,custom employee welcome kit,0,2,0%,53,Commercial,High,Primary cluster,Monitor in GSC before changing content
https://printkee.com/bags-and-travel/tote-bags,promotional products tote bags,0,2,0%,53,Commercial,High,Primary cluster,Monitor in GSC before changing content
https://printkee.com/,custom printing promotional products,0,2,0%,53.5,Commercial,High,Primary cluster,Monitor in GSC before changing content
https://printkee.com/,global corporate merchandise,0,2,0%,53.5,Commercial,High,Primary cluster,Monitor in GSC before changing content
,portronics digital pvt ltd,0,2,0%,53.5,Navigational / informational,Low,Secondary or unassigned,Do not optimize commercial pages for this query
,potronics,0,2,0%,54,Ambiguous,Low,Secondary or unassigned,Do not optimize commercial pages for this query
https://printkee.com/,promotional corporate merchandise,0,2,0%,54,Commercial,High,Primary cluster,Monitor in GSC before changing content
https://printkee.com/,customized promotional product,0,2,0%,55.5,Commercial,High,Primary cluster,Monitor in GSC before changing content
,order company merch,0,2,0%,56,Commercial,Medium,Secondary or unassigned,Monitor in GSC before changing content
https://printkee.com/office-and-writing/lanyard-and-id-card,lanyards printing,0,2,0%,56.5,Commercial,High,Primary cluster,Monitor in GSC before changing content
,portronics digital pvt. ltd,0,2,0%,56.5,Navigational / informational,Low,Secondary or unassigned,Do not optimize commercial pages for this query
,employee merchandise store,0,2,0%,57,Ambiguous,Low,Secondary or unassigned,Do not optimize commercial pages for this query
,corporate printed gifts,0,2,0%,57.5,Commercial,Medium,Secondary or unassigned,Monitor in GSC before changing content
https://printkee.com/office-and-writing/lanyard-and-id-card,custom printed lanyard,0,2,0%,57.5,Commercial,High,Primary cluster,Monitor in GSC before changing content
,custom swag kits,0,2,0%,58,Commercial,Medium,Secondary or unassigned,Monitor in GSC before changing content
https://printkee.com/bags-and-travel/tote-bags,cotton tote bag manufacturers in india,0,2,0%,58.5,Commercial,High,Primary cluster,Monitor in GSC before changing content
,branded merch,0,2,0%,59,Commercial,Medium,Secondary or unassigned,Monitor in GSC before changing content
,bulk customized gifts,0,2,0%,61,Commercial,Medium,Secondary or unassigned,Monitor in GSC before changing content
https://printkee.com/office-and-writing/lanyard-and-id-card,multicolour lanyard printing,0,2,0%,61,Commercial,High,Primary cluster,Monitor in GSC before changing content
,branded promotional clothing,0,2,0%,61.5,Commercial,Medium,Secondary or unassigned,Monitor in GSC before changing content
,printed promotional items,0,2,0%,65,Commercial,Medium,Secondary or unassigned,Monitor in GSC before changing content
,printed corporate gifts,0,2,0%,67.5,Commercial,Medium,Secondary or unassigned,Monitor in GSC before changing content
https://printkee.com/eco-products,cork mat,0,2,0%,70,Commercial,High,Primary cluster,Monitor in GSC before changing content
https://printkee.com/eco-products,cork garden,0,2,0%,71.5,Commercial,High,Primary cluster,Monitor in GSC before changing content
https://printkee.com/apparel-and-accessories/winter-wear,corporate jackets,0,2,0%,75.5,Commercial,High,Primary cluster,Monitor in GSC before changing content
,premium desk accessories manufacturer,0,2,0%,76.5,Commercial,Medium,Secondary or unassigned,Monitor in GSC before changing content
https://printkee.com/office-and-writing/file-and-folder,cdr file maker near me,0,1,0%,1,Local commercial,High,Primary cluster,Monitor in GSC before changing content
,coaster hsn code and gst rate,0,1,0%,1,Navigational / informational,Low,Secondary or unassigned,Do not optimize commercial pages for this query
,lanyard hsn code,0,1,0%,1,Navigational / informational,Low,Secondary or unassigned,Do not optimize commercial pages for this query
,lanyard printing hsn code and gst rate,0,1,0%,1,Navigational / informational,Low,Secondary or unassigned,Do not optimize commercial pages for this query
,magic mug printing near me,0,1,0%,1,Commercial,Medium,Secondary or unassigned,Monitor in GSC before changing content
,medal gst rate,0,1,0%,1,Navigational / informational,Low,Secondary or unassigned,Do not optimize commercial pages for this query
,polaroid photo print shop near me,0,1,0%,1,Commercial,Medium,Secondary or unassigned,Monitor in GSC before changing content
,portronics brand country,0,1,0%,1,Navigational / informational,Low,Secondary or unassigned,Do not optimize commercial pages for this query
,portronics company which country,0,1,0%,1,Navigational / informational,Low,Secondary or unassigned,Do not optimize commercial pages for this query
,portronics means,0,1,0%,1,Navigational / informational,Low,Secondary or unassigned,Do not optimize commercial pages for this query
,show some pictures,0,1,0%,1,Ambiguous,Low,Secondary or unassigned,Do not optimize commercial pages for this query
,sublimation photo mug,0,1,0%,1,Ambiguous,Low,Secondary or unassigned,Do not optimize commercial pages for this query
,what is portronics,0,1,0%,1,Navigational / informational,Low,Secondary or unassigned,Do not optimize commercial pages for this query
https://printkee.com/technology-accessories/wireless-charging,which wireless chargers are best for logo printing?,0,1,0%,1,Commercial,High,Primary cluster,Monitor in GSC before changing content
,branded computer accessories for employees,0,1,0%,2,Commercial,Medium,Secondary or unassigned,Monitor in GSC before changing content
https://printkee.com/bags-and-travel/duffle-bags,duffle bags custom,0,1,0%,2,Commercial,High,Primary cluster,Monitor in GSC before changing content
,give me more name,0,1,0%,2,Ambiguous,Low,Secondary or unassigned,Do not optimize commercial pages for this query
,image,0,1,0%,2,Ambiguous,Low,Secondary or unassigned,Do not optimize commercial pages for this query
,numbers,0,1,0%,2,Ambiguous,Low,Secondary or unassigned,Do not optimize commercial pages for this query
,photronics stock,0,1,0%,2,Ambiguous,Low,Secondary or unassigned,Do not optimize commercial pages for this query
,portronics brand origin,0,1,0%,2,Navigational / informational,Low,Secondary or unassigned,Do not optimize commercial pages for this query
,which company is this,0,1,0%,2,Commercial,Medium,Secondary or unassigned,Monitor in GSC before changing content
https://printkee.com/apparel-and-accessories/aprons,apron,0,1,0%,3,Commercial,High,Primary cluster,Monitor in GSC before changing content
https://printkee.com/diwali-special,beste luxus-geschenkideen zu diwali,0,1,0%,3,Commercial,High,Primary cluster,Monitor in GSC before changing content
,bulk,0,1,0%,3,Commercial,Medium,Secondary or unassigned,Monitor in GSC before changing content
,business,0,1,0%,3,Ambiguous,Low,Secondary or unassigned,Do not optimize commercial pages for this query
,business logo coffee mugs,0,1,0%,3,Commercial,Medium,Secondary or unassigned,Monitor in GSC before changing content
,custom notebook printing india,0,1,0%,3,Commercial,Medium,Secondary or unassigned,Monitor in GSC before changing content
,corporate,0,1,0%,4,Commercial,Medium,Secondary or unassigned,Monitor in GSC before changing content
https://printkee.com/technology-accessories/wireless-charging,corporate gift wireless charger,0,1,0%,4,Commercial,High,Primary cluster,Monitor in GSC before changing content
,lanyard gst rate,0,1,0%,4,Navigational / informational,Low,Secondary or unassigned,Do not optimize commercial pages for this query
https://printkee.com/technology-accessories/power-banks,power bank printing,0,1,0%,4,Commercial,High,Primary cluster,Monitor in GSC before changing content
,ya kya ha,0,1,0%,4,Ambiguous,Low,Secondary or unassigned,Do not optimize commercial pages for this query
,yes please,0,1,0%,4,Ambiguous,Low,Secondary or unassigned,Do not optimize commercial pages for this query
,বিস্তারিত জানা,0,1,0%,4,Ambiguous,Low,Secondary or unassigned,Do not optimize commercial pages for this query
https://printkee.com/bags-and-travel/backpacks,custom backpack with logo,0,1,0%,5,Commercial,High,Primary cluster,Monitor in GSC before changing content
,custom bags,0,1,0%,5,Commercial,Medium,Secondary or unassigned,Monitor in GSC before changing content
,custom branded equipment,0,1,0%,5,Commercial,Medium,Secondary or unassigned,Monitor in GSC before changing content
,custom hat maker near me,0,1,0%,5,Commercial,Medium,Secondary or unassigned,Monitor in GSC before changing content
https://printkee.com/bags-and-travel/backpacks,customized backpack india,0,1,0%,5,Commercial,High,Primary cluster,Monitor in GSC before changing content
https://printkee.com/bags-and-travel/duffle-bags,duffle bag print,0,1,0%,5,Commercial,High,Primary cluster,Monitor in GSC before changing content
,noise india logo,0,1,0%,5,Navigational / informational,Low,Secondary or unassigned,Do not optimize commercial pages for this query
https://printkee.com/technology-accessories/wireless-charging,personalized wireless chargers,0,1,0%,5,Commercial,High,Primary cluster,Monitor in GSC before changing content
,portronics india,0,1,0%,5,Navigational / informational,Low,Secondary or unassigned,Do not optimize commercial pages for this query
,print on mug,0,1,0%,5,Ambiguous,Low,Secondary or unassigned,Do not optimize commercial pages for this query
,branded mousepads,0,1,0%,6,Commercial,Medium,Secondary or unassigned,Monitor in GSC before changing content
https://printkee.com/apparel-and-accessories/aprons,custom aprons bulk,0,1,0%,6,Commercial,High,Primary cluster,Monitor in GSC before changing content
https://printkee.com/office-and-writing/file-and-folder,custom business folders,0,1,0%,6,Commercial,High,Primary cluster,Monitor in GSC before changing content
https://printkee.com/apparel-and-accessories/ties,custom company ties,0,1,0%,6,Commercial,High,Primary cluster,Monitor in GSC before changing content
https://printkee.com/bags-and-travel/duffle-bags,custom duffel bag,0,1,0%,6,Commercial,High,Primary cluster,Monitor in GSC before changing content
,laptop wrap near me,0,1,0%,6,Commercial,Medium,Secondary or unassigned,Monitor in GSC before changing content
,merchandise for companies,0,1,0%,6,Ambiguous,Low,Secondary or unassigned,Do not optimize commercial pages for this query
,portonics logo,0,1,0%,6,Commercial,Medium,Secondary or unassigned,Monitor in GSC before changing content
,portronics apollo 30 () reviews,0,1,0%,6,Navigational / informational,Low,Secondary or unassigned,Do not optimize commercial pages for this query
,portronics apollo one 20w bluetooth speaker () reviews,0,1,0%,6,Navigational / informational,Low,Secondary or unassigned,Do not optimize commercial pages for this query
,portronics beem 200+ mini wireless led projector () reviews,0,1,0%,6,Navigational / informational,Low,Secondary or unassigned,Do not optimize commercial pages for this query
,portronics beem 480 smart led projector () reviews,0,1,0%,6,Navigational / informational,Low,Secondary or unassigned,Do not optimize commercial pages for this query
,portronics freedom fold foldable wireless charger () reviews,0,1,0%,6,Navigational / informational,Low,Secondary or unassigned,Do not optimize commercial pages for this query
,portronics key11 combo rechargeable wireless keyboard & mouse () reviews,0,1,0%,6,Navigational / informational,Low,Secondary or unassigned,Do not optimize commercial pages for this query
,portronics key2 wireless keyboard & mouse combo () reviews,0,1,0%,6,Navigational / informational,Low,Secondary or unassigned,Do not optimize commercial pages for this query
,portronics key5 combo wireless keyboard & mouse () reviews,0,1,0%,6,Navigational / informational,Low,Secondary or unassigned,Do not optimize commercial pages for this query
,portronics konnect recoil 100w charging cable () reviews,0,1,0%,6,Navigational / informational,Low,Secondary or unassigned,Do not optimize commercial pages for this query
,portronics logo p in square,0,1,0%,6,Navigational / informational,Low,Secondary or unassigned,Do not optimize commercial pages for this query
,portronics luxcell wireless mini 20k () reviews,0,1,0%,6,Navigational / informational,Low,Secondary or unassigned,Do not optimize commercial pages for this query
,portronics my buddy k9 adjustable laptop stand () reviews,0,1,0%,6,Navigational / informational,Low,Secondary or unassigned,Do not optimize commercial pages for this query
,portronics ruffpad 16 lite lcd writing pad () reviews,0,1,0%,6,Navigational / informational,Low,Secondary or unassigned,Do not optimize commercial pages for this query
,portronics talk three wearable bluetooth speaker () reviews,0,1,0%,6,Navigational / informational,Low,Secondary or unassigned,Do not optimize commercial pages for this query
,portronics toad one bluetooth mouse () reviews,0,1,0%,6,Navigational / informational,Low,Secondary or unassigned,Do not optimize commercial pages for this query
,portronics uniconnect usb extension cable () reviews,0,1,0%,6,Navigational / informational,Low,Secondary or unassigned,Do not optimize commercial pages for this query
,portronics vader pro wireless mouse () reviews,0,1,0%,6,Navigational / informational,Low,Secondary or unassigned,Do not optimize commercial pages for this query
,portronics vayu 5.0 lite corded tyre inflator () reviews,0,1,0%,6,Navigational / informational,Low,Secondary or unassigned,Do not optimize commercial pages for this query
,portronics vlogmate 3 dual wireless collar lapel microphone () reviews,0,1,0%,6,Navigational / informational,Low,Secondary or unassigned,Do not optimize commercial pages for this query
,portronics voltclock wireless charger () reviews,0,1,0%,6,Navigational / informational,Low,Secondary or unassigned,Do not optimize commercial pages for this query
https://printkee.com/apparel-and-accessories/aprons,print on apron,0,1,0%,6,Commercial,High,Primary cluster,Monitor in GSC before changing content
,كيف,0,1,0%,6,Ambiguous,Low,Secondary or unassigned,Do not optimize commercial pages for this query
,"""momento shield"" sellers india",0,1,0%,7,Commercial,Medium,Secondary or unassigned,Monitor in GSC before changing content
https://printkee.com/apparel-and-accessories,business apparel near me,0,1,0%,7,Local commercial,High,Primary cluster,Monitor in GSC before changing content
,company branded notebooks,0,1,0%,7,Commercial,Medium,Secondary or unassigned,Monitor in GSC before changing content
https://printkee.com/apparel-and-accessories/aprons,custom aprons for business,0,1,0%,7,Commercial,High,Primary cluster,Monitor in GSC before changing content
,custom hat shaping near me,0,1,0%,7,Commercial,Medium,Secondary or unassigned,Monitor in GSC before changing content
https://printkee.com/bags-and-travel/duffle-bags,custom made duffle bags,0,1,0%,7,Commercial,High,Primary cluster,Monitor in GSC before changing content
,custom notebook india,0,1,0%,7,Commercial,Medium,Secondary or unassigned,Monitor in GSC before changing content
https://printkee.com/bags-and-travel/duffle-bags,custom size duffle bags,0,1,0%,7,Commercial,High,Primary cluster,Monitor in GSC before changing content
https://printkee.com/bags-and-travel/tote-bags,custom tote bag manufacturer,0,1,0%,7,Commercial,High,Primary cluster,Monitor in GSC before changing content
,customised coffee,0,1,0%,7,Commercial,Medium,Secondary or unassigned,Monitor in GSC before changing content
https://printkee.com/bags-and-travel/duffle-bags,customized duffel bags,0,1,0%,7,Commercial,High,Primary cluster,Monitor in GSC before changing content
https://printkee.com/bags-and-travel/duffle-bags,duffle bag with name embroidered,0,1,0%,7,Commercial,High,Primary cluster,Monitor in GSC before changing content
,full color,0,1,0%,7,Ambiguous,Low,Secondary or unassigned,Do not optimize commercial pages for this query
https://printkee.com/office-and-writing/lanyard-and-id-card,id card strap printing,0,1,0%,7,Commercial,High,Primary cluster,Monitor in GSC before changing content
https://printkee.com/bags-and-travel/backpacks,20 backpacks,0,1,0%,8,Commercial,High,Primary cluster,Monitor in GSC before changing content
https://printkee.com/apparel-and-accessories/aprons,bulk aprons with logo,0,1,0%,8,Commercial,High,Primary cluster,Monitor in GSC before changing content
https://printkee.com/bags-and-travel/backpacks,bulk backpacks with logo,0,1,0%,8,Commercial,High,Primary cluster,Monitor in GSC before changing content
https://printkee.com/eco-products,cork boxes,0,1,0%,8,Commercial,High,Primary cluster,Monitor in GSC before changing content
https://printkee.com/bags-and-travel/backpacks,custom backpack embroidery,0,1,0%,8,Commercial,High,Primary cluster,Monitor in GSC before changing content
,custom ceramic mugs bulk,0,1,0%,8,Commercial,Medium,Secondary or unassigned,Monitor in GSC before changing content
,custom foldable bag,0,1,0%,8,Commercial,Medium,Secondary or unassigned,Monitor in GSC before changing content
,custom foldable bags,0,1,0%,8,Commercial,Medium,Secondary or unassigned,Monitor in GSC before changing content
https://printkee.com/bags-and-travel/backpacks,custom promotional backpacks,0,1,0%,8,Commercial,High,Primary cluster,Monitor in GSC before changing content
https://printkee.com/technology-accessories/wireless-charging,custom wireless chargers,0,1,0%,8,Commercial,High,Primary cluster,Monitor in GSC before changing content
https://printkee.com/technology-accessories/wireless-charging,designer wireless charger,0,1,0%,8,Commercial,High,Primary cluster,Monitor in GSC before changing content
,drinkware company,0,1,0%,8,Commercial,Medium,Secondary or unassigned,Monitor in GSC before changing content
https://printkee.com/collection/welcome-kits,event welcome kit,0,1,0%,8,Commercial,High,Primary cluster,Monitor in GSC before changing content
,for a corporate event,0,1,0%,8,Commercial,Medium,Secondary or unassigned,Monitor in GSC before changing content
,mousepad printing near me,0,1,0%,8,Commercial,Medium,Secondary or unassigned,Monitor in GSC before changing content
https://printkee.com/apparel-and-accessories/aprons,order aprons with logo,0,1,0%,8,Commercial,High,Primary cluster,Monitor in GSC before changing content
https://printkee.com/office-and-writing/file-and-folder,personalised folders for business,0,1,0%,8,Commercial,High,Primary cluster,Monitor in GSC before changing content
,portronics p logo on products,0,1,0%,8,Navigational / informational,Low,Secondary or unassigned,Do not optimize commercial pages for this query
https://printkee.com/eco-products,printing on cork,0,1,0%,8,Commercial,High,Primary cluster,Monitor in GSC before changing content
https://printkee.com/bags-and-travel/duffle-bags,promotional duffel bags,0,1,0%,8,Commercial,High,Primary cluster,Monitor in GSC before changing content
https://printkee.com/bags-and-travel/tote-bags,tote bags bulk custom,0,1,0%,8,Commercial,High,Primary cluster,Monitor in GSC before changing content
https://printkee.com/technology-accessories/wireless-charging,wireless charger corporate gift,0,1,0%,8,Commercial,High,Primary cluster,Monitor in GSC before changing content
https://printkee.com/technology-accessories/wireless-charging,wireless chargers with logo,0,1,0%,8,Commercial,High,Primary cluster,Monitor in GSC before changing content
https://printkee.com/apparel-and-accessories/aprons,apron with custom logo,0,1,0%,9,Commercial,High,Primary cluster,Monitor in GSC before changing content
,branded mousepad,0,1,0%,9,Commercial,Medium,Secondary or unassigned,Monitor in GSC before changing content
,custom bagpack,0,1,0%,9,Commercial,Medium,Secondary or unassigned,Monitor in GSC before changing content
https://printkee.com/bags-and-travel/backpacks,custom branded backpack,0,1,0%,9,Commercial,High,Primary cluster,Monitor in GSC before changing content
https://printkee.com/bags-and-travel/backpacks,custom print backpack,0,1,0%,9,Commercial,High,Primary cluster,Monitor in GSC before changing content
,embroidery cap near me,0,1,0%,9,Commercial,Medium,Secondary or unassigned,Monitor in GSC before changing content
https://printkee.com/office-and-writing/lanyard-and-id-card,id lanyard printing,0,1,0%,9,Commercial,High,Primary cluster,Monitor in GSC before changing content
,is portronics an indian brand,0,1,0%,9,Navigational / informational,Low,Secondary or unassigned,Do not optimize commercial pages for this query
,por gifts,0,1,0%,9,Commercial,Medium,Secondary or unassigned,Monitor in GSC before changing content
,portronics 'p' logo on products,0,1,0%,9,Navigational / informational,Low,Secondary or unassigned,Do not optimize commercial pages for this query
,portronics desk gadgets,0,1,0%,9,Navigational / informational,Low,Secondary or unassigned,Do not optimize commercial pages for this query
,portronics indian company,0,1,0%,9,Navigational / informational,Low,Secondary or unassigned,Do not optimize commercial pages for this query
,portronics symbol,0,1,0%,9,Navigational / informational,Low,Secondary or unassigned,Do not optimize commercial pages for this query
https://printkee.com/technology-accessories/power-banks,power bank bulk order,0,1,0%,9,Commercial,High,Primary cluster,Monitor in GSC before changing content
https://printkee.com/bags-and-travel/duffle-bags,printed duffel bag,0,1,0%,9,Commercial,High,Primary cluster,Monitor in GSC before changing content
https://printkee.com/bags-and-travel/duffle-bags,promotional duffel bags with logo,0,1,0%,9,Commercial,High,Primary cluster,Monitor in GSC before changing content
https://printkee.com/apparel-and-accessories/ties,tie customisation,0,1,0%,9,Commercial,High,Primary cluster,Monitor in GSC before changing content
https://printkee.com/bags-and-travel/tote-bags,tote bags for marketing,0,1,0%,9,Commercial,High,Primary cluster,Monitor in GSC before changing content
,tìm hình ảnh này,0,1,0%,9,Ambiguous,Low,Secondary or unassigned,Do not optimize commercial pages for this query
https://printkee.com/technology-accessories/wireless-charging,wireless charger with company logo,0,1,0%,9,Commercial,High,Primary cluster,Monitor in GSC before changing content
https://printkee.com/technology-accessories/wireless-charging,wireless charging pad with company logo,0,1,0%,9,Commercial,High,Primary cluster,Monitor in GSC before changing content
,%portronics logo official stylized p,0,1,0%,10,Navigational / informational,Low,Secondary or unassigned,Do not optimize commercial pages for this query
,custom branded drinkware,0,1,0%,10,Commercial,Medium,Secondary or unassigned,Monitor in GSC before changing content
https://printkee.com/eco-products,custom cork,0,1,0%,10,Commercial,High,Primary cluster,Monitor in GSC before changing content
https://printkee.com/bags-and-travel/duffle-bags,custom made duffle bag,0,1,0%,10,Commercial,High,Primary cluster,Monitor in GSC before changing content
https://printkee.com/office-and-writing/file-and-folder,custom office folders,0,1,0%,10,Commercial,High,Primary cluster,Monitor in GSC before changing content
,custom winter coat,0,1,0%,10,Commercial,Medium,Secondary or unassigned,Monitor in GSC before changing content
https://printkee.com/apparel-and-accessories/aprons,customized apron near me,0,1,0%,10,Local commercial,High,Primary cluster,Monitor in GSC before changing content
,momento and trophy difference,0,1,0%,10,Informational,Medium,Secondary or unassigned,Monitor in GSC before changing content
,portronics brand logo png,0,1,0%,10,Navigational / informational,Low,Secondary or unassigned,Do not optimize commercial pages for this query
,portronics from which country,0,1,0%,10,Navigational / informational,Low,Secondary or unassigned,Do not optimize commercial pages for this query
,portronics monogram p logo,0,1,0%,10,Navigational / informational,Low,Secondary or unassigned,Do not optimize commercial pages for this query
,portronics official logo p,0,1,0%,10,Navigational / informational,Low,Secondary or unassigned,Do not optimize commercial pages for this query
,premium acrylic trophy,0,1,0%,10,Ambiguous,Low,Secondary or unassigned,Do not optimize commercial pages for this query
https://printkee.com/office-and-writing/lanyard-and-id-card,premium lanyard printing,0,1,0%,10,Commercial,High,Primary cluster,Monitor in GSC before changing content
,product name?,0,1,0%,10,Ambiguous,Low,Secondary or unassigned,Do not optimize commercial pages for this query
https://printkee.com/apparel-and-accessories/aprons,promotional apron,0,1,0%,10,Commercial,High,Primary cluster,Monitor in GSC before changing content
https://printkee.com/technology-accessories/wireless-charging,promotional wireless charger,0,1,0%,10,Commercial,High,Primary cluster,Monitor in GSC before changing content
https://printkee.com/bags-and-travel/duffle-bags,team duffle bags,0,1,0%,10,Commercial,High,Primary cluster,Monitor in GSC before changing content
https://printkee.com/apparel-and-accessories/ties,ties with logo,0,1,0%,10,Commercial,High,Primary cluster,Monitor in GSC before changing content
https://printkee.com/apparel-and-accessories/aprons,apron catering,0,1,0%,11,Commercial,High,Primary cluster,Monitor in GSC before changing content
https://printkee.com/apparel-and-accessories/aprons,apron for company,0,1,0%,11,Commercial,High,Primary cluster,Monitor in GSC before changing content
https://printkee.com/bags-and-travel/backpacks,backpack with company logo,0,1,0%,11,Commercial,High,Primary cluster,Monitor in GSC before changing content
https://printkee.com/,branded merchandise quick delivery,0,1,0%,11,Commercial,High,Primary cluster,Monitor in GSC before changing content
,cooperate gifting,0,1,0%,11,Ambiguous,Low,Secondary or unassigned,Do not optimize commercial pages for this query
https://printkee.com/apparel-and-accessories/aprons,custom apron with logo,0,1,0%,11,Commercial,High,Primary cluster,Monitor in GSC before changing content
https://printkee.com/technology-accessories/wireless-charging,custom branded wireless charger,0,1,0%,11,Commercial,High,Primary cluster,Monitor in GSC before changing content
https://printkee.com/eco-products,custom cork mat,0,1,0%,11,Commercial,High,Primary cluster,Monitor in GSC before changing content
https://printkee.com/bags-and-travel/duffle-bags,custom duffle bag with logo,0,1,0%,11,Commercial,High,Primary cluster,Monitor in GSC before changing content
https://printkee.com/apparel-and-accessories,custom hats and apparel,0,1,0%,11,Commercial,High,Primary cluster,Monitor in GSC before changing content
https://printkee.com/office-and-writing/lanyard-and-id-card,custom lanyard with id holder,0,1,0%,11,Commercial,High,Primary cluster,Monitor in GSC before changing content
https://printkee.com/bags-and-travel/backpacks,custom print backpacks,0,1,0%,11,Commercial,High,Primary cluster,Monitor in GSC before changing content
https://printkee.com/apparel-and-accessories/aprons,customised apron near me,0,1,0%,11,Local commercial,High,Primary cluster,Monitor in GSC before changing content
https://printkee.com/apparel-and-accessories/winter-wear,customize winter jacket,0,1,0%,11,Commercial,High,Primary cluster,Monitor in GSC before changing content
,customized mouse pad near me,0,1,0%,11,Commercial,Medium,Secondary or unassigned,Monitor in GSC before changing content
,difference between momento and trophy,0,1,0%,11,Informational,Medium,Secondary or unassigned,Monitor in GSC before changing content
https://printkee.com/bags-and-travel/duffle-bags,duffle bags personalized,0,1,0%,11,Commercial,High,Primary cluster,Monitor in GSC before changing content
,personalised merchandise,0,1,0%,11,Ambiguous,Low,Secondary or unassigned,Do not optimize commercial pages for this query
,personalized overnight bags,0,1,0%,11,Ambiguous,Low,Secondary or unassigned,Do not optimize commercial pages for this query
,portronics logo icon,0,1,0%,11,Navigational / informational,Low,Secondary or unassigned,Do not optimize commercial pages for this query
,portronics logo p in a square,0,1,0%,11,Navigational / informational,Low,Secondary or unassigned,Do not optimize commercial pages for this query
,portronics logo p symbol,0,1,0%,11,Navigational / informational,Low,Secondary or unassigned,Do not optimize commercial pages for this query
,potronics logo,0,1,0%,11,Commercial,Medium,Secondary or unassigned,Monitor in GSC before changing content
,printed drinkware,0,1,0%,11,Commercial,Medium,Secondary or unassigned,Monitor in GSC before changing content
,where can i get custom embroidered sports team hats near me?,0,1,0%,11,Commercial,Medium,Secondary or unassigned,Monitor in GSC before changing content
,acrylic momento hsn code,0,1,0%,12,Navigational / informational,Low,Secondary or unassigned,Do not optimize commercial pages for this query
https://printkee.com/apparel-and-accessories/aprons,apron branded,0,1,0%,12,Commercial,High,Primary cluster,Monitor in GSC before changing content
,cap manufacturer in gurgaon,0,1,0%,12,Commercial,Medium,Secondary or unassigned,Monitor in GSC before changing content
https://printkee.com/bags-and-travel/duffle-bags,customize duffle bags,0,1,0%,12,Commercial,High,Primary cluster,Monitor in GSC before changing content
https://printkee.com/apparel-and-accessories/ties,customize tie,0,1,0%,12,Commercial,High,Primary cluster,Monitor in GSC before changing content
,customized charger,0,1,0%,12,Commercial,Medium,Secondary or unassigned,Monitor in GSC before changing content
https://printkee.com/office-and-writing/file-and-folder,customized file cover,0,1,0%,12,Commercial,High,Primary cluster,Monitor in GSC before changing content
https://printkee.com/office-and-writing/lanyard-and-id-card,id card lace printing,0,1,0%,12,Commercial,High,Primary cluster,Monitor in GSC before changing content
https://printkee.com/apparel-and-accessories/aprons,logo apron,0,1,0%,12,Commercial,High,Primary cluster,Monitor in GSC before changing content
https://printkee.com/apparel-and-accessories,personalized apparel accessories,0,1,0%,12,Commercial,High,Primary cluster,Monitor in GSC before changing content
,personalized gel pens,0,1,0%,12,Ambiguous,Low,Secondary or unassigned,Do not optimize commercial pages for this query
,personalized wireless phone charger,0,1,0%,12,Ambiguous,Low,Secondary or unassigned,Do not optimize commercial pages for this query
,portronics manufacturing plant in india,0,1,0%,12,Navigational / informational,Low,Secondary or unassigned,Do not optimize commercial pages for this query
,printed mugs near me,0,1,0%,12,Commercial,Medium,Secondary or unassigned,Monitor in GSC before changing content
https://printkee.com/,branded merchandise solutions,0,1,0%,13,Commercial,High,Primary cluster,Monitor in GSC before changing content
https://printkee.com/,bulk business gifts,0,1,0%,13,Commercial,High,Primary cluster,Monitor in GSC before changing content
https://printkee.com/apparel-and-accessories/aprons,business aprons with logo,0,1,0%,13,Commercial,High,Primary cluster,Monitor in GSC before changing content
https://printkee.com/bags-and-travel/backpacks,company backpacks with logo,0,1,0%,13,Commercial,High,Primary cluster,Monitor in GSC before changing content
https://printkee.com/apparel-and-accessories/ties,company branded ties,0,1,0%,13,Commercial,High,Primary cluster,Monitor in GSC before changing content
https://printkee.com/apparel-and-accessories/ties,custom printed tie,0,1,0%,13,Commercial,High,Primary cluster,Monitor in GSC before changing content
https://printkee.com/office-and-writing/lanyard-and-id-card,customized lanyard for id card,0,1,0%,13,Commercial,High,Primary cluster,Monitor in GSC before changing content
https://printkee.com/brands/fuzo,fuzo corporate gifts,0,1,0%,13,Commercial,High,Primary cluster,Monitor in GSC before changing content
https://printkee.com/office-and-writing/lanyard-and-id-card,id card strap customized,0,1,0%,13,Commercial,High,Primary cluster,Monitor in GSC before changing content
https://printkee.com/office-and-writing/file-and-folder,printed file folders,0,1,0%,13,Commercial,High,Primary cluster,Monitor in GSC before changing content
,bulk custom notebooks,0,1,0%,14,Commercial,Medium,Secondary or unassigned,Monitor in GSC before changing content
,custom welcome box,0,1,0%,14,Commercial,Medium,Secondary or unassigned,Monitor in GSC before changing content
https://printkee.com/office-and-writing/lanyard-and-id-card,lanyard id card printing,0,1,0%,14,Commercial,High,Primary cluster,Monitor in GSC before changing content
,monogrammed sports bags,0,1,0%,14,Ambiguous,Low,Secondary or unassigned,Do not optimize commercial pages for this query
https://printkee.com/bags-and-travel/duffle-bags,personalized duffle bags for women,0,1,0%,14,Commercial,High,Primary cluster,Monitor in GSC before changing content
,portronics wholesale,0,1,0%,14,Navigational / informational,Low,Secondary or unassigned,Do not optimize commercial pages for this query
,branded mouse pads,0,1,0%,15,Commercial,Medium,Secondary or unassigned,Monitor in GSC before changing content
,boat airdopes logo,0,1,0%,16,Navigational / informational,Low,Secondary or unassigned,Do not optimize commercial pages for this query
,branded keychains bulk,0,1,0%,16,Commercial,Medium,Secondary or unassigned,Monitor in GSC before changing content
https://printkee.com/,corporate merchandise company,0,1,0%,16,Commercial,High,Primary cluster,Monitor in GSC before changing content
,premium trophy,0,1,0%,16,Ambiguous,Low,Secondary or unassigned,Do not optimize commercial pages for this query
https://printkee.com/eco-products,custom coasters cork,0,1,0%,17,Commercial,High,Primary cluster,Monitor in GSC before changing content
https://printkee.com/bags-and-travel/backpacks,custom computer backpacks,0,1,0%,17,Commercial,High,Primary cluster,Monitor in GSC before changing content
https://printkee.com/,employee gifting solutions,0,1,0%,17,Commercial,High,Primary cluster,Monitor in GSC before changing content
,boat earbuds logo,0,1,0%,18,Navigational / informational,Low,Secondary or unassigned,Do not optimize commercial pages for this query
https://printkee.com/apparel-and-accessories,corporate apparel near me,0,1,0%,18,Local commercial,High,Primary cluster,Monitor in GSC before changing content
,custom brand merchandise,0,1,0%,18,Commercial,Medium,Secondary or unassigned,Monitor in GSC before changing content
https://printkee.com/,promotional products near me,0,1,0%,18,Local commercial,High,Primary cluster,Monitor in GSC before changing content
,custom hats with logo near me,0,1,0%,19,Commercial,Medium,Secondary or unassigned,Monitor in GSC before changing content
https://printkee.com/collection/welcome-kits,employee welcome kit india,0,1,0%,19,Commercial,High,Primary cluster,Monitor in GSC before changing content
,make hats near me,0,1,0%,19,Commercial,Medium,Secondary or unassigned,Monitor in GSC before changing content
,momento customize,0,1,0%,19,Ambiguous,Low,Secondary or unassigned,Do not optimize commercial pages for this query
https://printkee.com/office-and-writing/file-and-folder,customize file cover,0,1,0%,20,Commercial,High,Primary cluster,Monitor in GSC before changing content
,merchandise notebooks,0,1,0%,20,Ambiguous,Low,Secondary or unassigned,Do not optimize commercial pages for this query
https://printkee.com/bags-and-travel/backpacks,personalized backpacks wholesale,0,1,0%,20,Commercial,High,Primary cluster,Monitor in GSC before changing content
,portronics meaning in english,0,1,0%,20,Navigational / informational,Low,Secondary or unassigned,Do not optimize commercial pages for this query
https://printkee.com/bags-and-travel/backpacks,print your own backpack,0,1,0%,20,Commercial,High,Primary cluster,Monitor in GSC before changing content
,about portronics,0,1,0%,21,Navigational / informational,Low,Secondary or unassigned,Do not optimize commercial pages for this query
,custom branding products,0,1,0%,21,Commercial,Medium,Secondary or unassigned,Monitor in GSC before changing content
,portronics items,0,1,0%,21,Navigational / informational,Low,Secondary or unassigned,Do not optimize commercial pages for this query
https://printkee.com/technology-accessories/power-banks,power bank bulk purchase,0,1,0%,21,Commercial,High,Primary cluster,Monitor in GSC before changing content
,protonixs,0,1,0%,21,Ambiguous,Low,Secondary or unassigned,Do not optimize commercial pages for this query
https://printkee.com/office-and-writing/lanyard-and-id-card,silver id card,0,1,0%,21,Commercial,High,Primary cluster,Monitor in GSC before changing content
https://printkee.com/bags-and-travel/backpacks,backpacks with logo,0,1,0%,22,Commercial,High,Primary cluster,Monitor in GSC before changing content
,boat company products,0,1,0%,22,Navigational / informational,Low,Secondary or unassigned,Do not optimize commercial pages for this query
,contact us make it yours custom tech accessories,0,1,0%,22,Commercial,Medium,Secondary or unassigned,Monitor in GSC before changing content
https://printkee.com/diwali-special,corporate diwali gifts for employees,0,1,0%,22,Commercial,High,Primary cluster,Monitor in GSC before changing content
,mouse pad printing near me,0,1,0%,22,Commercial,Medium,Secondary or unassigned,Monitor in GSC before changing content
https://printkee.com/bags-and-travel/backpacks,corporate backpacks bulk supplier,0,1,0%,23,Commercial,High,Primary cluster,Monitor in GSC before changing content
,porteonics,0,1,0%,23,Ambiguous,Low,Secondary or unassigned,Do not optimize commercial pages for this query
,portronics company wikipedia,0,1,0%,23,Navigational / informational,Low,Secondary or unassigned,Do not optimize commercial pages for this query
,boat company logo,0,1,0%,24,Navigational / informational,Low,Secondary or unassigned,Do not optimize commercial pages for this query
https://printkee.com/eco-products,cork desk,0,1,0%,24,Commercial,High,Primary cluster,Monitor in GSC before changing content
https://printkee.com/,corporate merchandise solutions,0,1,0%,24,Commercial,High,Primary cluster,Monitor in GSC before changing content
,noice logo,0,1,0%,24,Commercial,Medium,Secondary or unassigned,Monitor in GSC before changing content
,personalized sports bag,0,1,0%,24,Ambiguous,Low,Secondary or unassigned,Do not optimize commercial pages for this query
,portronics com,0,1,0%,24,Navigational / informational,Low,Secondary or unassigned,Do not optimize commercial pages for this query
,portronics made in which country,0,1,0%,24,Navigational / informational,Low,Secondary or unassigned,Do not optimize commercial pages for this query
,boat original logo,0,1,0%,25,Navigational / informational,Low,Secondary or unassigned,Do not optimize commercial pages for this query
https://printkee.com/apparel-and-accessories/aprons,cleaning apron with logo,0,1,0%,25,Commercial,High,Primary cluster,Monitor in GSC before changing content
https://printkee.com/office-and-writing/file-and-folder,document folder printing,0,1,0%,25,Commercial,High,Primary cluster,Monitor in GSC before changing content
,potromics,0,1,0%,25,Ambiguous,Low,Secondary or unassigned,Do not optimize commercial pages for this query
https://printkee.com/apparel-and-accessories/aprons,aprons with company logo,0,1,0%,26,Commercial,High,Primary cluster,Monitor in GSC before changing content
,customised momentos,0,1,0%,26,Commercial,Medium,Secondary or unassigned,Monitor in GSC before changing content
https://printkee.com/apparel-and-accessories/aprons,customized aprons,0,1,0%,26,Commercial,High,Primary cluster,Monitor in GSC before changing content
,monogrammed gym bag,0,1,0%,26,Ambiguous,Low,Secondary or unassigned,Do not optimize commercial pages for this query
https://printkee.com/office-and-writing/lanyard-and-id-card,promotional lanyards,0,1,0%,26,Commercial,High,Primary cluster,Monitor in GSC before changing content
https://printkee.com/apparel-and-accessories/aprons,apron prints,0,1,0%,27,Commercial,High,Primary cluster,Monitor in GSC before changing content
https://printkee.com/apparel-and-accessories/aprons,black aprons with logo,0,1,0%,27,Commercial,High,Primary cluster,Monitor in GSC before changing content
https://printkee.com/apparel-and-accessories,corporate shirt printing,0,1,0%,27,Commercial,High,Primary cluster,Monitor in GSC before changing content
https://printkee.com/apparel-and-accessories/aprons,custom branded aprons,0,1,0%,27,Commercial,High,Primary cluster,Monitor in GSC before changing content
https://printkee.com/technology-accessories/wireless-charging,custom branded wireless chargers,0,1,0%,27,Commercial,High,Primary cluster,Monitor in GSC before changing content
https://printkee.com/office-and-writing/file-and-folder,customised folder,0,1,0%,27,Commercial,High,Primary cluster,Monitor in GSC before changing content
https://printkee.com/apparel-and-accessories/aprons,customizable apron,0,1,0%,27,Commercial,High,Primary cluster,Monitor in GSC before changing content
,hats and shirts for business,0,1,0%,27,Ambiguous,Low,Secondary or unassigned,Do not optimize commercial pages for this query
https://printkee.com/office-and-writing/lanyard-and-id-card,lanyards wholesale,0,1,0%,27,Commercial,High,Primary cluster,Monitor in GSC before changing content
,mouse pad with logo,0,1,0%,27,Commercial,Medium,Secondary or unassigned,Monitor in GSC before changing content
https://printkee.com/technology-accessories/wireless-charging,personalised wireless charging pad,0,1,0%,27,Commercial,High,Primary cluster,Monitor in GSC before changing content
,promotional coasters,0,1,0%,27,Commercial,Medium,Secondary or unassigned,Monitor in GSC before changing content
https://printkee.com/apparel-and-accessories/aprons,apron with print,0,1,0%,28,Commercial,High,Primary cluster,Monitor in GSC before changing content
,branding accessories,0,1,0%,28,Ambiguous,Low,Secondary or unassigned,Do not optimize commercial pages for this query
https://printkee.com/apparel-and-accessories/aprons,custom printed apron,0,1,0%,28,Commercial,High,Primary cluster,Monitor in GSC before changing content
https://printkee.com/apparel-and-accessories/aprons,custom printed aprons,0,1,0%,28,Commercial,High,Primary cluster,Monitor in GSC before changing content
,kee creation,0,1,0%,28,Ambiguous,Low,Secondary or unassigned,Do not optimize commercial pages for this query
,portronics warrenty claim,0,1,0%,28,Navigational / informational,Low,Secondary or unassigned,Do not optimize commercial pages for this query
https://printkee.com/apparel-and-accessories/aprons,apron logo,0,1,0%,29,Commercial,High,Primary cluster,Monitor in GSC before changing content
https://printkee.com/office-and-writing/lanyard-and-id-card,custom lanyards with card holder,0,1,0%,29,Commercial,High,Primary cluster,Monitor in GSC before changing content
https://printkee.com/apparel-and-accessories/aprons,imprinted aprons,0,1,0%,29,Commercial,High,Primary cluster,Monitor in GSC before changing content
,portronics products online,0,1,0%,29,Navigational / informational,Low,Secondary or unassigned,Do not optimize commercial pages for this query
https://printkee.com/eco-products,sustainable onboarding gift ideas,0,1,0%,29,Commercial,High,Primary cluster,Monitor in GSC before changing content
,want to buy,0,1,0%,29,Commercial,Medium,Secondary or unassigned,Monitor in GSC before changing content
https://printkee.com/office-and-writing/lanyard-and-id-card,company lanyard,0,1,0%,30,Commercial,High,Primary cluster,Monitor in GSC before changing content
https://printkee.com/bags-and-travel/duffle-bags,custom duffle bags with names,0,1,0%,30,Commercial,High,Primary cluster,Monitor in GSC before changing content
https://printkee.com/office-and-writing/lanyard-and-id-card,custom lanyards wholesale,0,1,0%,30,Commercial,High,Primary cluster,Monitor in GSC before changing content
,custom pens bulk,0,1,0%,30,Commercial,Medium,Secondary or unassigned,Monitor in GSC before changing content
,custom recognition awards,0,1,0%,30,Commercial,Medium,Secondary or unassigned,Monitor in GSC before changing content
,monogrammed hats,0,1,0%,30,Ambiguous,Low,Secondary or unassigned,Do not optimize commercial pages for this query
https://printkee.com/office-and-writing/lanyard-and-id-card,name tag lanyards near me,0,1,0%,30,Local commercial,High,Primary cluster,Monitor in GSC before changing content
https://printkee.com/apparel-and-accessories,one off apparel,0,1,0%,30,Commercial,High,Primary cluster,Monitor in GSC before changing content
https://printkee.com/bags-and-travel/backpacks,printing on backpacks,0,1,0%,30,Commercial,High,Primary cluster,Monitor in GSC before changing content
,what is product name with por,0,1,0%,30,Informational,Medium,Secondary or unassigned,Monitor in GSC before changing content
,+bulk +order +personalized +pens,0,1,0%,31,Commercial,Medium,Secondary or unassigned,Monitor in GSC before changing content
,banks power sticker,0,1,0%,31,Ambiguous,Low,Secondary or unassigned,Do not optimize commercial pages for this query
https://printkee.com/office-and-writing/lanyard-and-id-card,corporate lanyards wholesale,0,1,0%,31,Commercial,High,Primary cluster,Monitor in GSC before changing content
,custom hats and t shirts,0,1,0%,31,Commercial,Medium,Secondary or unassigned,Monitor in GSC before changing content
,customique,0,1,0%,32,Ambiguous,Low,Secondary or unassigned,Do not optimize commercial pages for this query
,boat product portfolio,0,1,0%,33,Navigational / informational,Low,Secondary or unassigned,Do not optimize commercial pages for this query
https://printkee.com/office-and-writing/lanyard-and-id-card,bulk personalized lanyards,0,1,0%,33,Commercial,High,Primary cluster,Monitor in GSC before changing content
,custom notebook premium,0,1,0%,33,Commercial,Medium,Secondary or unassigned,Monitor in GSC before changing content
https://printkee.com/office-and-writing/lanyard-and-id-card,customized lanyards bulk,0,1,0%,33,Commercial,High,Primary cluster,Monitor in GSC before changing content
,portronics digital,0,1,0%,33,Navigational / informational,Low,Secondary or unassigned,Do not optimize commercial pages for this query
,bulk keychains personalized,0,1,0%,34,Commercial,Medium,Secondary or unassigned,Monitor in GSC before changing content
,custom caps near me,0,1,0%,34,Commercial,Medium,Secondary or unassigned,Monitor in GSC before changing content
https://printkee.com/bags-and-travel/duffle-bags,custom football duffel bags,0,1,0%,34,Commercial,High,Primary cluster,Monitor in GSC before changing content
,custom toque,0,1,0%,34,Commercial,Medium,Secondary or unassigned,Monitor in GSC before changing content
https://printkee.com/apparel-and-accessories/aprons,embroidered aprons,0,1,0%,34,Commercial,High,Primary cluster,Monitor in GSC before changing content
,noise company logo,0,1,0%,34,Navigational / informational,Low,Secondary or unassigned,Do not optimize commercial pages for this query
,promo pens with logo,0,1,0%,34,Commercial,Medium,Secondary or unassigned,Monitor in GSC before changing content
,cap manufacturers in rohini,0,1,0%,35,Ambiguous,Low,Secondary or unassigned,Do not optimize commercial pages for this query
,corkyogis,0,1,0%,35,Ambiguous,Low,Secondary or unassigned,Do not optimize commercial pages for this query
,custom bucket hats fast delivery,0,1,0%,35,Commercial,Medium,Secondary or unassigned,Monitor in GSC before changing content
https://printkee.com/apparel-and-accessories/ties,custom tie down,0,1,0%,35,Commercial,High,Primary cluster,Monitor in GSC before changing content
https://printkee.com/office-and-writing/file-and-folder,customized folders,0,1,0%,35,Commercial,High,Primary cluster,Monitor in GSC before changing content
https://printkee.com/diwali-special,diwali 2026 gifts,0,1,0%,35,Commercial,High,Primary cluster,Monitor in GSC before changing content
https://printkee.com/apparel-and-accessories/ties,logo ties,0,1,0%,35,Commercial,High,Primary cluster,Monitor in GSC before changing content
https://printkee.com/bags-and-travel/duffle-bags,sublimation duffle bag suppliers,0,1,0%,35,Commercial,High,Primary cluster,Monitor in GSC before changing content
,where to order custom hats,0,1,0%,35,Commercial,Medium,Secondary or unassigned,Monitor in GSC before changing content
,www.portronics.com,0,1,0%,35,Navigational / informational,Low,Secondary or unassigned,Do not optimize commercial pages for this query
https://printkee.com/collection/welcome-kits,branded onboarding kits wholesale,0,1,0%,36,Commercial,High,Primary cluster,Monitor in GSC before changing content
,bulk hats custom,0,1,0%,36,Commercial,Medium,Secondary or unassigned,Monitor in GSC before changing content
,company logo notebooks,0,1,0%,36,Commercial,Medium,Secondary or unassigned,Monitor in GSC before changing content
https://printkee.com/eco-products,cork organizer,0,1,0%,36,Commercial,High,Primary cluster,Monitor in GSC before changing content
https://printkee.com/office-and-writing/file-and-folder,custom logo folders,0,1,0%,36,Commercial,High,Primary cluster,Monitor in GSC before changing content
https://printkee.com/apparel-and-accessories/aprons,customised apron,0,1,0%,36,Commercial,High,Primary cluster,Monitor in GSC before changing content
,customizable hats in bulk,0,1,0%,36,Commercial,Medium,Secondary or unassigned,Monitor in GSC before changing content
,portronics electric kettle,0,1,0%,36,Navigational / informational,Low,Secondary or unassigned,Do not optimize commercial pages for this query
https://printkee.com/brands/portronics,portronics gift card,0,1,0%,36,Commercial,High,Primary cluster,Monitor in GSC before changing content
https://printkee.com/eco-products,round cork tray,0,1,0%,36,Commercial,High,Primary cluster,Monitor in GSC before changing content
,support portronics,0,1,0%,36,Navigational / informational,Low,Secondary or unassigned,Do not optimize commercial pages for this query
https://printkee.com/apparel-and-accessories/aprons,apron printed,0,1,0%,37,Commercial,High,Primary cluster,Monitor in GSC before changing content
,custom pen set,0,1,0%,37,Commercial,Medium,Secondary or unassigned,Monitor in GSC before changing content
https://printkee.com/office-and-writing/lanyard-and-id-card,lanyard and card,0,1,0%,37,Commercial,High,Primary cluster,Monitor in GSC before changing content
,personalized key chains bulk,0,1,0%,37,Commercial,Medium,Secondary or unassigned,Monitor in GSC before changing content
https://printkee.com/eco-products,cork box,0,1,0%,38,Commercial,High,Primary cluster,Monitor in GSC before changing content
,portronics.com,0,1,0%,38,Navigational / informational,Low,Secondary or unassigned,Do not optimize commercial pages for this query
,custom hats for restaurants,0,1,0%,39,Commercial,Medium,Secondary or unassigned,Monitor in GSC before changing content
,custom printed drinkware,0,1,0%,39,Commercial,Medium,Secondary or unassigned,Monitor in GSC before changing content
,customized drinkware pens bags,0,1,0%,39,Commercial,Medium,Secondary or unassigned,Monitor in GSC before changing content
https://printkee.com/office-and-writing/lanyard-and-id-card,id card and lanyard,0,1,0%,39,Commercial,High,Primary cluster,Monitor in GSC before changing content
,order branded items,0,1,0%,39,Commercial,Medium,Secondary or unassigned,Monitor in GSC before changing content
https://printkee.com/office-and-writing/lanyard-and-id-card,promotional printed lanyards,0,1,0%,39,Commercial,High,Primary cluster,Monitor in GSC before changing content
https://printkee.com/bags-and-travel/backpacks,promotional travel bags with logo,0,1,0%,39,Commercial,High,Primary cluster,Monitor in GSC before changing content
https://printkee.com/bags-and-travel/tote-bags,tote bag maker,0,1,0%,39,Commercial,High,Primary cluster,Monitor in GSC before changing content
https://printkee.com/apparel-and-accessories/aprons,chef apron with logo,0,1,0%,40,Commercial,High,Primary cluster,Monitor in GSC before changing content
https://printkee.com/office-and-writing/file-and-folder,custom folders with logo,0,1,0%,40,Commercial,High,Primary cluster,Monitor in GSC before changing content
,customized corporate gifts india,0,1,0%,40,Commercial,Medium,Secondary or unassigned,Monitor in GSC before changing content
https://printkee.com/office-and-writing/file-and-folder,personalized business folders,0,1,0%,40,Commercial,High,Primary cluster,Monitor in GSC before changing content
,personalized corporate gifts india,0,1,0%,40,Commercial,Medium,Secondary or unassigned,Monitor in GSC before changing content
https://printkee.com/apparel-and-accessories/ties,print ties,0,1,0%,40,Commercial,High,Primary cluster,Monitor in GSC before changing content
https://printkee.com/apparel-and-accessories/ties,ties logo,0,1,0%,40,Commercial,High,Primary cluster,Monitor in GSC before changing content
,ceramic mug logo,0,1,0%,42,Commercial,Medium,Secondary or unassigned,Monitor in GSC before changing content
https://printkee.com/office-and-writing/lanyard-and-id-card,company lanyards,0,1,0%,42,Commercial,High,Primary cluster,Monitor in GSC before changing content
,merchandise branding company,0,1,0%,42,Commercial,Medium,Secondary or unassigned,Monitor in GSC before changing content
,promotional keychains with logo,0,1,0%,42,Commercial,Medium,Secondary or unassigned,Monitor in GSC before changing content
,company branded gear,0,1,0%,43,Commercial,Medium,Secondary or unassigned,Monitor in GSC before changing content
,custom giveaways,0,1,0%,43,Commercial,Medium,Secondary or unassigned,Monitor in GSC before changing content
,customized yoga mat,0,1,0%,43,Commercial,Medium,Secondary or unassigned,Monitor in GSC before changing content
https://printkee.com/office-and-writing/lanyard-and-id-card,id card rope printing,0,1,0%,43,Commercial,High,Primary cluster,Monitor in GSC before changing content
https://printkee.com/,outdoor & travel accessories for corporate gifting,0,1,0%,43,Commercial,High,Primary cluster,Monitor in GSC before changing content
https://printkee.com/bags-and-travel/tote-bags,promotional tote bags,0,1,0%,43,Commercial,High,Primary cluster,Monitor in GSC before changing content
https://printkee.com/office-and-writing/lanyard-and-id-card,business lanyards,0,1,0%,44,Commercial,High,Primary cluster,Monitor in GSC before changing content
,ceramic mugs with logo,0,1,0%,44,Commercial,Medium,Secondary or unassigned,Monitor in GSC before changing content
,company merchandise,0,1,0%,44,Commercial,Medium,Secondary or unassigned,Monitor in GSC before changing content
https://printkee.com/office-and-writing/file-and-folder,corporate folders,0,1,0%,44,Commercial,High,Primary cluster,Monitor in GSC before changing content
https://printkee.com/office-and-writing/lanyard-and-id-card,corporate lanyards,0,1,0%,44,Commercial,High,Primary cluster,Monitor in GSC before changing content
,custom bulk keychains,0,1,0%,44,Commercial,Medium,Secondary or unassigned,Monitor in GSC before changing content
,customised corporate gifts india,0,1,0%,44,Commercial,Medium,Secondary or unassigned,Monitor in GSC before changing content
