Original Keyword,Normalized Keyword,Previous URL,Mapped URL,Family,Intent,Keyword Disposition,Disposition Reason
client onboarding swag kits,client onboarding swag kits,/collection,/welcome-kits,welcome-kits,custom,MERGED INTO EXISTING CLUSTER,"A close spelling, modifier, audience or location variant shares the canonical intent of the recommended page."
employee welcome kits,employee welcome kits,/collection/welcome-kits,/welcome-kits/corporate-welcome-kits,welcome-kits,corporate,ASSIGNED TO EXISTING URL,The existing canonical page is the strongest supported owner for this search intent.
tech gifts,tech gifts,/technology-accessories,/tech-gifts,tech-gifts,custom,MERGED INTO EXISTING CLUSTER,"A close spelling, modifier, audience or location variant shares the canonical intent of the recommended page."
custom hoodies,custom hoodies,/apparel-and-accessories/winter-wear,/winter-wear,winter-wear,custom,MERGED INTO EXISTING CLUSTER,"A close spelling, modifier, audience or location variant shares the canonical intent of the recommended page."
promotional hoodies,promotional hoodies,/apparel-and-accessories/winter-wear,/winter-wear/promotional-winter-wear,winter-wear,promotional,MERGED INTO EXISTING CLUSTER,"A close spelling, modifier, audience or location variant shares the canonical intent of the recommended page."
corporate hoodies,corporate hoodies,/apparel-and-accessories/winter-wear,/winter-wear/corporate-winter-wear,winter-wear,corporate,MERGED INTO EXISTING CLUSTER,"A close spelling, modifier, audience or location variant shares the canonical intent of the recommended page."
corporate uniforms,corporate uniforms,/apparel-and-accessories/corporate-shirts,/shirts/corporate-shirts,shirts,corporate,MERGED INTO EXISTING CLUSTER,"A close spelling, modifier, audience or location variant shares the canonical intent of the recommended page."
promotional rain suits,promotional rain suits,/,/winter-wear/promotional-winter-wear,winter-wear,promotional,MERGED INTO EXISTING CLUSTER,"A close spelling, modifier, audience or location variant shares the canonical intent of the recommended page."
mug printing,mug printing,/drink-ware/coffee-mug,/mugs/logo-printed-mugs,mugs,logo,MERGED INTO EXISTING CLUSTER,"A close spelling, modifier, audience or location variant shares the canonical intent of the recommended page."
corporate mug printing,corporate mug printing,/drink-ware/coffee-mug,/mugs/corporate-mugs,mugs,corporate,MERGED INTO EXISTING CLUSTER,"A close spelling, modifier, audience or location variant shares the canonical intent of the recommended page."
custom mug printing,custom mug printing,/drink-ware/coffee-mug,/mugs/logo-printed-mugs,mugs,logo,MERGED INTO EXISTING CLUSTER,"A close spelling, modifier, audience or location variant shares the canonical intent of the recommended page."
cap printing,cap printing,/apparel-and-accessories/caps,/caps/logo-printed-caps,caps,logo,MERGED INTO EXISTING CLUSTER,"A close spelling, modifier, audience or location variant shares the canonical intent of the recommended page."
custom notebook printing,custom notebook printing,/office-and-writing/notebooks-and-diary-sets,/notebooks-diaries/logo-printed-notebooks-diaries,notebooks-diaries,logo,MERGED INTO EXISTING CLUSTER,"A close spelling, modifier, audience or location variant shares the canonical intent of the recommended page."
spiral notebook printing,spiral notebook printing,/office-and-writing/notebooks-and-diary-sets,/notebooks-diaries/logo-printed-notebooks-diaries,notebooks-diaries,logo,MERGED INTO EXISTING CLUSTER,"A close spelling, modifier, audience or location variant shares the canonical intent of the recommended page."
diary printing,diary printing,/office-and-writing/notebooks-and-diary-sets,/notebooks-diaries/logo-printed-notebooks-diaries,notebooks-diaries,logo,MERGED INTO EXISTING CLUSTER,"A close spelling, modifier, audience or location variant shares the canonical intent of the recommended page."
promotional keychain printing,promotional keychain printing,/collection/keychains,/keychains/promotional-keychains,keychains,promotional,MERGED INTO EXISTING CLUSTER,"A close spelling, modifier, audience or location variant shares the canonical intent of the recommended page."
mouse pad printing,mouse pad printing,/technology-accessories/computer-accessories,/tech-gifts/logo-printed-tech-gifts,tech-gifts,logo,MERGED INTO EXISTING CLUSTER,"A close spelling, modifier, audience or location variant shares the canonical intent of the recommended page."
sipper bottle printing,sipper bottle printing,/drink-ware/sipper,/bottles/logo-printed-bottles,bottles,logo,MERGED INTO EXISTING CLUSTER,"A close spelling, modifier, audience or location variant shares the canonical intent of the recommended page."
laptop bag printing,laptop bag printing,/bags-and-travel/backpacks,/bags/logo-printed-bags,bags,logo,MERGED INTO EXISTING CLUSTER,"A close spelling, modifier, audience or location variant shares the canonical intent of the recommended page."
custom tote bag printing,custom tote bag printing,/bags-and-travel/tote-bags,/bags/logo-printed-bags,bags,logo,MERGED INTO EXISTING CLUSTER,"A close spelling, modifier, audience or location variant shares the canonical intent of the recommended page."
branded laptop backpacks,branded laptop backpacks,/bags-and-travel/backpacks,/bags/logo-printed-bags,bags,logo,MERGED INTO EXISTING CLUSTER,"A close spelling, modifier, audience or location variant shares the canonical intent of the recommended page."
custom travel mugs,custom travel mugs,/bags-and-travel,/mugs,mugs,custom,MERGED INTO EXISTING CLUSTER,"A close spelling, modifier, audience or location variant shares the canonical intent of the recommended page."
notepad printing,notepad printing,/contact,/notebooks-diaries/logo-printed-notebooks-diaries,notebooks-diaries,logo,EXPANSION OPPORTUNITY,"The keyword is retained, but the referenced product/service is not verified in the current Printkee catalog."
id card printing,id card printing,/office-and-writing/lanyard-and-id-card,/office-stationery/logo-printed-office-stationery,office-stationery,logo,MERGED INTO EXISTING CLUSTER,"A close spelling, modifier, audience or location variant shares the canonical intent of the recommended page."
lanyard printing,lanyard printing,/office-and-writing/lanyard-and-id-card,/office-stationery/logo-printed-office-stationery,office-stationery,logo,MERGED INTO EXISTING CLUSTER,"A close spelling, modifier, audience or location variant shares the canonical intent of the recommended page."
business stationery printing,business stationery printing,/contact,/office-stationery/corporate-office-stationery,office-stationery,corporate,EXPANSION OPPORTUNITY,"The keyword is retained, but the referenced product/service is not verified in the current Printkee catalog."
office stationery printing,office stationery printing,/contact,/office-stationery/corporate-office-stationery,office-stationery,corporate,EXPANSION OPPORTUNITY,"The keyword is retained, but the referenced product/service is not verified in the current Printkee catalog."
pen printing,pen printing,/office-and-writing/pen-and-writing-set,/pens/logo-printed-pens,pens,logo,MERGED INTO EXISTING CLUSTER,"A close spelling, modifier, audience or location variant shares the canonical intent of the recommended page."
printed tote bags,printed tote bags,/bags-and-travel/tote-bags,/bags/logo-printed-bags,bags,logo,MERGED INTO EXISTING CLUSTER,"A close spelling, modifier, audience or location variant shares the canonical intent of the recommended page."
cotton carry bag printing,cotton carry bag printing,/bags-and-travel,/bags/logo-printed-bags,bags,logo,MERGED INTO EXISTING CLUSTER,"A close spelling, modifier, audience or location variant shares the canonical intent of the recommended page."
photo mug printing,photo mug printing,/drink-ware/coffee-mug,/mugs/personalized-mugs,mugs,personalized,MERGED INTO EXISTING CLUSTER,"A close spelling, modifier, audience or location variant shares the canonical intent of the recommended page."
custom mugs,custom mugs,/drink-ware/coffee-mug,/mugs,mugs,custom,MERGED INTO EXISTING CLUSTER,"A close spelling, modifier, audience or location variant shares the canonical intent of the recommended page."
custom keychains,custom keychains,/collection/keychains,/keychains,keychains,custom,MERGED INTO EXISTING CLUSTER,"A close spelling, modifier, audience or location variant shares the canonical intent of the recommended page."
custom notebooks,custom notebooks,/office-and-writing/notebooks-and-diary-sets,/notebooks-diaries,notebooks-diaries,custom,MERGED INTO EXISTING CLUSTER,"A close spelling, modifier, audience or location variant shares the canonical intent of the recommended page."
branded pens,branded pens,/office-and-writing/pen-and-writing-set,/pens/logo-printed-pens,pens,logo,MERGED INTO EXISTING CLUSTER,"A close spelling, modifier, audience or location variant shares the canonical intent of the recommended page."
custom caps,custom caps,/apparel-and-accessories/caps,/caps,caps,custom,MERGED INTO EXISTING CLUSTER,"A close spelling, modifier, audience or location variant shares the canonical intent of the recommended page."
custom backpacks,custom backpacks,/bags-and-travel/backpacks,/bags,bags,custom,MERGED INTO EXISTING CLUSTER,"A close spelling, modifier, audience or location variant shares the canonical intent of the recommended page."
sipper bottles,sipper bottles,/drink-ware/sipper,/bottles,bottles,custom,MERGED INTO EXISTING CLUSTER,"A close spelling, modifier, audience or location variant shares the canonical intent of the recommended page."
employee joining kits,employee joining kits,/collection/welcome-kits,/welcome-kits/corporate-welcome-kits,welcome-kits,corporate,MERGED INTO EXISTING CLUSTER,"A close spelling, modifier, audience or location variant shares the canonical intent of the recommended page."
employee onboarding kits,employee onboarding kits,/collection/welcome-kits,/welcome-kits/corporate-welcome-kits,welcome-kits,corporate,MERGED INTO EXISTING CLUSTER,"A close spelling, modifier, audience or location variant shares the canonical intent of the recommended page."
corporate gifting kits,corporate gifting kits,/,/welcome-kits/corporate-welcome-kits,welcome-kits,corporate,MERGED INTO EXISTING CLUSTER,"A close spelling, modifier, audience or location variant shares the canonical intent of the recommended page."
awards and trophies,awards and trophies,/trophy-and-momento,/awards-trophies,awards-trophies,custom,MERGED INTO EXISTING CLUSTER,"A close spelling, modifier, audience or location variant shares the canonical intent of the recommended page."
custom medals,custom medals,/,/awards-trophies,awards-trophies,custom,MERGED INTO EXISTING CLUSTER,"A close spelling, modifier, audience or location variant shares the canonical intent of the recommended page."
client onboarding swag kits india,client onboarding swag kits india,/collection,/welcome-kits,welcome-kits,custom,MERGED INTO EXISTING CLUSTER,"A close spelling, modifier, audience or location variant shares the canonical intent of the recommended page."
client onboarding swag kits online,client onboarding swag kits online,/collection,/welcome-kits,welcome-kits,custom,MERGED INTO EXISTING CLUSTER,"A close spelling, modifier, audience or location variant shares the canonical intent of the recommended page."
client onboarding swag kits wholesale,client onboarding swag kits wholesale,/collection,/welcome-kits/bulk-welcome-kits,welcome-kits,bulk,MERGED INTO EXISTING CLUSTER,Mapped to the relevant product/category intent; 'wholesale' is not adopted as a Printkee business claim without evidence.
client onboarding swag kits bulk order,client onboarding swag kits bulk order,/collection,/welcome-kits/bulk-welcome-kits,welcome-kits,bulk,MERGED INTO EXISTING CLUSTER,"A close spelling, modifier, audience or location variant shares the canonical intent of the recommended page."
client onboarding swag kits supplier,client onboarding swag kits supplier,/collection,/welcome-kits,welcome-kits,custom,MERGED INTO EXISTING CLUSTER,"A close spelling, modifier, audience or location variant shares the canonical intent of the recommended page."
client onboarding swag kits manufacturer,client onboarding swag kits manufacturer,/collection,/welcome-kits,welcome-kits,custom,MERGED INTO EXISTING CLUSTER,Mapped to the relevant product/category intent; 'manufacturer' is not adopted as a Printkee business claim without evidence.
client onboarding swag kits price,client onboarding swag kits price,/collection,/welcome-kits,welcome-kits,custom,MERGED INTO EXISTING CLUSTER,"A close spelling, modifier, audience or location variant shares the canonical intent of the recommended page."
client onboarding swag kits with logo,client onboarding swag kits with logo,/collection,/welcome-kits/logo-printed-welcome-kits,welcome-kits,logo,MERGED INTO EXISTING CLUSTER,"A close spelling, modifier, audience or location variant shares the canonical intent of the recommended page."
employee welcome kits india,employee welcome kits india,/collection/welcome-kits,/welcome-kits/corporate-welcome-kits,welcome-kits,corporate,MERGED INTO EXISTING CLUSTER,"A close spelling, modifier, audience or location variant shares the canonical intent of the recommended page."
employee welcome kits online,employee welcome kits online,/collection/welcome-kits,/welcome-kits/corporate-welcome-kits,welcome-kits,corporate,MERGED INTO EXISTING CLUSTER,"A close spelling, modifier, audience or location variant shares the canonical intent of the recommended page."
employee welcome kits wholesale,employee welcome kits wholesale,/collection/welcome-kits,/welcome-kits/corporate-welcome-kits,welcome-kits,corporate,MERGED INTO EXISTING CLUSTER,Mapped to the relevant product/category intent; 'wholesale' is not adopted as a Printkee business claim without evidence.
employee welcome kits bulk order,employee welcome kits bulk order,/collection/welcome-kits,/welcome-kits/corporate-welcome-kits,welcome-kits,corporate,MERGED INTO EXISTING CLUSTER,"A close spelling, modifier, audience or location variant shares the canonical intent of the recommended page."
employee welcome kits supplier,employee welcome kits supplier,/collection/welcome-kits,/welcome-kits/corporate-welcome-kits,welcome-kits,corporate,MERGED INTO EXISTING CLUSTER,"A close spelling, modifier, audience or location variant shares the canonical intent of the recommended page."
employee welcome kits manufacturer,employee welcome kits manufacturer,/collection/welcome-kits,/welcome-kits/corporate-welcome-kits,welcome-kits,corporate,MERGED INTO EXISTING CLUSTER,Mapped to the relevant product/category intent; 'manufacturer' is not adopted as a Printkee business claim without evidence.
employee welcome kits price,employee welcome kits price,/collection/welcome-kits,/welcome-kits/corporate-welcome-kits,welcome-kits,corporate,MERGED INTO EXISTING CLUSTER,"A close spelling, modifier, audience or location variant shares the canonical intent of the recommended page."
employee welcome kits with logo,employee welcome kits with logo,/collection/welcome-kits,/welcome-kits/corporate-welcome-kits,welcome-kits,corporate,MERGED INTO EXISTING CLUSTER,"A close spelling, modifier, audience or location variant shares the canonical intent of the recommended page."
tech gifts india,tech gifts india,/technology-accessories,/tech-gifts,tech-gifts,custom,MERGED INTO EXISTING CLUSTER,"A close spelling, modifier, audience or location variant shares the canonical intent of the recommended page."
tech gifts online,tech gifts online,/technology-accessories,/tech-gifts,tech-gifts,custom,MERGED INTO EXISTING CLUSTER,"A close spelling, modifier, audience or location variant shares the canonical intent of the recommended page."
tech gifts wholesale,tech gifts wholesale,/technology-accessories,/tech-gifts/bulk-tech-gifts,tech-gifts,bulk,MERGED INTO EXISTING CLUSTER,Mapped to the relevant product/category intent; 'wholesale' is not adopted as a Printkee business claim without evidence.
tech gifts bulk order,tech gifts bulk order,/technology-accessories,/tech-gifts/bulk-tech-gifts,tech-gifts,bulk,MERGED INTO EXISTING CLUSTER,"A close spelling, modifier, audience or location variant shares the canonical intent of the recommended page."
tech gifts supplier,tech gifts supplier,/technology-accessories,/tech-gifts,tech-gifts,custom,MERGED INTO EXISTING CLUSTER,"A close spelling, modifier, audience or location variant shares the canonical intent of the recommended page."
tech gifts manufacturer,tech gifts manufacturer,/technology-accessories,/tech-gifts,tech-gifts,custom,MERGED INTO EXISTING CLUSTER,Mapped to the relevant product/category intent; 'manufacturer' is not adopted as a Printkee business claim without evidence.
tech gifts price,tech gifts price,/technology-accessories,/tech-gifts,tech-gifts,custom,MERGED INTO EXISTING CLUSTER,"A close spelling, modifier, audience or location variant shares the canonical intent of the recommended page."
tech gifts with logo,tech gifts with logo,/technology-accessories,/tech-gifts/logo-printed-tech-gifts,tech-gifts,logo,MERGED INTO EXISTING CLUSTER,"A close spelling, modifier, audience or location variant shares the canonical intent of the recommended page."
custom hoodies india,custom hoodies india,/apparel-and-accessories/winter-wear,/winter-wear,winter-wear,custom,MERGED INTO EXISTING CLUSTER,"A close spelling, modifier, audience or location variant shares the canonical intent of the recommended page."
custom hoodies online,custom hoodies online,/apparel-and-accessories/winter-wear,/winter-wear,winter-wear,custom,MERGED INTO EXISTING CLUSTER,"A close spelling, modifier, audience or location variant shares the canonical intent of the recommended page."
custom hoodies wholesale,custom hoodies wholesale,/apparel-and-accessories/winter-wear,/winter-wear/bulk-winter-wear,winter-wear,bulk,MERGED INTO EXISTING CLUSTER,Mapped to the relevant product/category intent; 'wholesale' is not adopted as a Printkee business claim without evidence.
custom hoodies bulk order,custom hoodies bulk order,/apparel-and-accessories/winter-wear,/winter-wear/bulk-winter-wear,winter-wear,bulk,MERGED INTO EXISTING CLUSTER,"A close spelling, modifier, audience or location variant shares the canonical intent of the recommended page."
custom hoodies supplier,custom hoodies supplier,/apparel-and-accessories/winter-wear,/winter-wear,winter-wear,custom,MERGED INTO EXISTING CLUSTER,"A close spelling, modifier, audience or location variant shares the canonical intent of the recommended page."
custom hoodies manufacturer,custom hoodies manufacturer,/apparel-and-accessories/winter-wear,/winter-wear,winter-wear,custom,MERGED INTO EXISTING CLUSTER,Mapped to the relevant product/category intent; 'manufacturer' is not adopted as a Printkee business claim without evidence.
custom hoodies price,custom hoodies price,/apparel-and-accessories/winter-wear,/winter-wear,winter-wear,custom,MERGED INTO EXISTING CLUSTER,"A close spelling, modifier, audience or location variant shares the canonical intent of the recommended page."
custom hoodies with logo,custom hoodies with logo,/apparel-and-accessories/winter-wear,/winter-wear/logo-printed-winter-wear,winter-wear,logo,MERGED INTO EXISTING CLUSTER,"A close spelling, modifier, audience or location variant shares the canonical intent of the recommended page."
promotional hoodies india,promotional hoodies india,/apparel-and-accessories/winter-wear,/winter-wear/promotional-winter-wear,winter-wear,promotional,MERGED INTO EXISTING CLUSTER,"A close spelling, modifier, audience or location variant shares the canonical intent of the recommended page."
promotional hoodies online,promotional hoodies online,/apparel-and-accessories/winter-wear,/winter-wear/promotional-winter-wear,winter-wear,promotional,MERGED INTO EXISTING CLUSTER,"A close spelling, modifier, audience or location variant shares the canonical intent of the recommended page."
promotional hoodies wholesale,promotional hoodies wholesale,/apparel-and-accessories/winter-wear,/winter-wear/promotional-winter-wear,winter-wear,promotional,MERGED INTO EXISTING CLUSTER,Mapped to the relevant product/category intent; 'wholesale' is not adopted as a Printkee business claim without evidence.
promotional hoodies bulk order,promotional hoodies bulk order,/apparel-and-accessories/winter-wear,/winter-wear/promotional-winter-wear,winter-wear,promotional,MERGED INTO EXISTING CLUSTER,"A close spelling, modifier, audience or location variant shares the canonical intent of the recommended page."
promotional hoodies supplier,promotional hoodies supplier,/apparel-and-accessories/winter-wear,/winter-wear/promotional-winter-wear,winter-wear,promotional,MERGED INTO EXISTING CLUSTER,"A close spelling, modifier, audience or location variant shares the canonical intent of the recommended page."
promotional hoodies manufacturer,promotional hoodies manufacturer,/apparel-and-accessories/winter-wear,/winter-wear/promotional-winter-wear,winter-wear,promotional,MERGED INTO EXISTING CLUSTER,Mapped to the relevant product/category intent; 'manufacturer' is not adopted as a Printkee business claim without evidence.
promotional hoodies price,promotional hoodies price,/apparel-and-accessories/winter-wear,/winter-wear/promotional-winter-wear,winter-wear,promotional,MERGED INTO EXISTING CLUSTER,"A close spelling, modifier, audience or location variant shares the canonical intent of the recommended page."
promotional hoodies with logo,promotional hoodies with logo,/apparel-and-accessories/winter-wear,/winter-wear/promotional-winter-wear,winter-wear,promotional,MERGED INTO EXISTING CLUSTER,"A close spelling, modifier, audience or location variant shares the canonical intent of the recommended page."
corporate hoodies india,corporate hoodies india,/apparel-and-accessories/winter-wear,/winter-wear/corporate-winter-wear,winter-wear,corporate,MERGED INTO EXISTING CLUSTER,"A close spelling, modifier, audience or location variant shares the canonical intent of the recommended page."
corporate hoodies online,corporate hoodies online,/apparel-and-accessories/winter-wear,/winter-wear/corporate-winter-wear,winter-wear,corporate,MERGED INTO EXISTING CLUSTER,"A close spelling, modifier, audience or location variant shares the canonical intent of the recommended page."
corporate hoodies wholesale,corporate hoodies wholesale,/apparel-and-accessories/winter-wear,/winter-wear/corporate-winter-wear,winter-wear,corporate,MERGED INTO EXISTING CLUSTER,Mapped to the relevant product/category intent; 'wholesale' is not adopted as a Printkee business claim without evidence.
corporate hoodies bulk order,corporate hoodies bulk order,/apparel-and-accessories/winter-wear,/winter-wear/corporate-winter-wear,winter-wear,corporate,MERGED INTO EXISTING CLUSTER,"A close spelling, modifier, audience or location variant shares the canonical intent of the recommended page."
corporate hoodies supplier,corporate hoodies supplier,/apparel-and-accessories/winter-wear,/winter-wear/corporate-winter-wear,winter-wear,corporate,MERGED INTO EXISTING CLUSTER,"A close spelling, modifier, audience or location variant shares the canonical intent of the recommended page."
corporate hoodies manufacturer,corporate hoodies manufacturer,/apparel-and-accessories/winter-wear,/winter-wear/corporate-winter-wear,winter-wear,corporate,MERGED INTO EXISTING CLUSTER,Mapped to the relevant product/category intent; 'manufacturer' is not adopted as a Printkee business claim without evidence.
corporate hoodies price,corporate hoodies price,/apparel-and-accessories/winter-wear,/winter-wear/corporate-winter-wear,winter-wear,corporate,MERGED INTO EXISTING CLUSTER,"A close spelling, modifier, audience or location variant shares the canonical intent of the recommended page."
corporate hoodies with logo,corporate hoodies with logo,/apparel-and-accessories/winter-wear,/winter-wear/corporate-winter-wear,winter-wear,corporate,MERGED INTO EXISTING CLUSTER,"A close spelling, modifier, audience or location variant shares the canonical intent of the recommended page."
corporate uniforms india,corporate uniforms india,/apparel-and-accessories/corporate-shirts,/shirts/corporate-shirts,shirts,corporate,MERGED INTO EXISTING CLUSTER,"A close spelling, modifier, audience or location variant shares the canonical intent of the recommended page."
corporate uniforms online,corporate uniforms online,/apparel-and-accessories/corporate-shirts,/shirts/corporate-shirts,shirts,corporate,MERGED INTO EXISTING CLUSTER,"A close spelling, modifier, audience or location variant shares the canonical intent of the recommended page."
corporate uniforms wholesale,corporate uniforms wholesale,/apparel-and-accessories/corporate-shirts,/shirts/corporate-shirts,shirts,corporate,MERGED INTO EXISTING CLUSTER,Mapped to the relevant product/category intent; 'wholesale' is not adopted as a Printkee business claim without evidence.
corporate uniforms bulk order,corporate uniforms bulk order,/apparel-and-accessories/corporate-shirts,/shirts/corporate-shirts,shirts,corporate,MERGED INTO EXISTING CLUSTER,"A close spelling, modifier, audience or location variant shares the canonical intent of the recommended page."
corporate uniforms supplier,corporate uniforms supplier,/apparel-and-accessories/corporate-shirts,/shirts/corporate-shirts,shirts,corporate,MERGED INTO EXISTING CLUSTER,"A close spelling, modifier, audience or location variant shares the canonical intent of the recommended page."
corporate uniforms manufacturer,corporate uniforms manufacturer,/apparel-and-accessories/corporate-shirts,/shirts/corporate-shirts,shirts,corporate,MERGED INTO EXISTING CLUSTER,Mapped to the relevant product/category intent; 'manufacturer' is not adopted as a Printkee business claim without evidence.
corporate uniforms price,corporate uniforms price,/apparel-and-accessories/corporate-shirts,/shirts/corporate-shirts,shirts,corporate,MERGED INTO EXISTING CLUSTER,"A close spelling, modifier, audience or location variant shares the canonical intent of the recommended page."
corporate uniforms with logo,corporate uniforms with logo,/apparel-and-accessories/corporate-shirts,/shirts/corporate-shirts,shirts,corporate,MERGED INTO EXISTING CLUSTER,"A close spelling, modifier, audience or location variant shares the canonical intent of the recommended page."
promotional rain suits india,promotional rain suits india,/,/winter-wear/promotional-winter-wear,winter-wear,promotional,MERGED INTO EXISTING CLUSTER,"A close spelling, modifier, audience or location variant shares the canonical intent of the recommended page."
promotional rain suits online,promotional rain suits online,/,/winter-wear/promotional-winter-wear,winter-wear,promotional,MERGED INTO EXISTING CLUSTER,"A close spelling, modifier, audience or location variant shares the canonical intent of the recommended page."
promotional rain suits wholesale,promotional rain suits wholesale,/,/winter-wear/promotional-winter-wear,winter-wear,promotional,MERGED INTO EXISTING CLUSTER,Mapped to the relevant product/category intent; 'wholesale' is not adopted as a Printkee business claim without evidence.
promotional rain suits bulk order,promotional rain suits bulk order,/,/winter-wear/promotional-winter-wear,winter-wear,promotional,MERGED INTO EXISTING CLUSTER,"A close spelling, modifier, audience or location variant shares the canonical intent of the recommended page."
promotional rain suits supplier,promotional rain suits supplier,/,/winter-wear/promotional-winter-wear,winter-wear,promotional,MERGED INTO EXISTING CLUSTER,"A close spelling, modifier, audience or location variant shares the canonical intent of the recommended page."
promotional rain suits manufacturer,promotional rain suits manufacturer,/,/winter-wear/promotional-winter-wear,winter-wear,promotional,MERGED INTO EXISTING CLUSTER,Mapped to the relevant product/category intent; 'manufacturer' is not adopted as a Printkee business claim without evidence.
promotional rain suits price,promotional rain suits price,/,/winter-wear/promotional-winter-wear,winter-wear,promotional,MERGED INTO EXISTING CLUSTER,"A close spelling, modifier, audience or location variant shares the canonical intent of the recommended page."
promotional rain suits with logo,promotional rain suits with logo,/,/winter-wear/promotional-winter-wear,winter-wear,promotional,MERGED INTO EXISTING CLUSTER,"A close spelling, modifier, audience or location variant shares the canonical intent of the recommended page."
mug printing india,mug printing india,/drink-ware/coffee-mug,/mugs/logo-printed-mugs,mugs,logo,MERGED INTO EXISTING CLUSTER,"A close spelling, modifier, audience or location variant shares the canonical intent of the recommended page."
mug printing online,mug printing online,/drink-ware/coffee-mug,/mugs/logo-printed-mugs,mugs,logo,MERGED INTO EXISTING CLUSTER,"A close spelling, modifier, audience or location variant shares the canonical intent of the recommended page."
mug printing wholesale,mug printing wholesale,/drink-ware/coffee-mug,/mugs/bulk-mugs,mugs,bulk,MERGED INTO EXISTING CLUSTER,Mapped to the relevant product/category intent; 'wholesale' is not adopted as a Printkee business claim without evidence.
mug printing bulk order,mug printing bulk order,/drink-ware/coffee-mug,/mugs/bulk-mugs,mugs,bulk,MERGED INTO EXISTING CLUSTER,"A close spelling, modifier, audience or location variant shares the canonical intent of the recommended page."
mug printing supplier,mug printing supplier,/drink-ware/coffee-mug,/mugs/logo-printed-mugs,mugs,logo,MERGED INTO EXISTING CLUSTER,"A close spelling, modifier, audience or location variant shares the canonical intent of the recommended page."
mug printing price,mug printing price,/drink-ware/coffee-mug,/mugs/logo-printed-mugs,mugs,logo,MERGED INTO EXISTING CLUSTER,"A close spelling, modifier, audience or location variant shares the canonical intent of the recommended page."
mug printing with logo,mug printing with logo,/drink-ware/coffee-mug,/mugs/logo-printed-mugs,mugs,logo,MERGED INTO EXISTING CLUSTER,"A close spelling, modifier, audience or location variant shares the canonical intent of the recommended page."
corporate mug printing india,corporate mug printing india,/drink-ware/coffee-mug,/mugs/corporate-mugs,mugs,corporate,MERGED INTO EXISTING CLUSTER,"A close spelling, modifier, audience or location variant shares the canonical intent of the recommended page."
corporate mug printing online,corporate mug printing online,/drink-ware/coffee-mug,/mugs/corporate-mugs,mugs,corporate,MERGED INTO EXISTING CLUSTER,"A close spelling, modifier, audience or location variant shares the canonical intent of the recommended page."
corporate mug printing wholesale,corporate mug printing wholesale,/drink-ware/coffee-mug,/mugs/corporate-mugs,mugs,corporate,MERGED INTO EXISTING CLUSTER,Mapped to the relevant product/category intent; 'wholesale' is not adopted as a Printkee business claim without evidence.
corporate mug printing bulk order,corporate mug printing bulk order,/drink-ware/coffee-mug,/mugs/corporate-mugs,mugs,corporate,MERGED INTO EXISTING CLUSTER,"A close spelling, modifier, audience or location variant shares the canonical intent of the recommended page."
corporate mug printing supplier,corporate mug printing supplier,/drink-ware/coffee-mug,/mugs/corporate-mugs,mugs,corporate,MERGED INTO EXISTING CLUSTER,"A close spelling, modifier, audience or location variant shares the canonical intent of the recommended page."
corporate mug printing price,corporate mug printing price,/drink-ware/coffee-mug,/mugs/corporate-mugs,mugs,corporate,MERGED INTO EXISTING CLUSTER,"A close spelling, modifier, audience or location variant shares the canonical intent of the recommended page."
corporate mug printing with logo,corporate mug printing with logo,/drink-ware/coffee-mug,/mugs/corporate-mugs,mugs,corporate,MERGED INTO EXISTING CLUSTER,"A close spelling, modifier, audience or location variant shares the canonical intent of the recommended page."
custom mug printing india,custom mug printing india,/drink-ware/coffee-mug,/mugs/logo-printed-mugs,mugs,logo,MERGED INTO EXISTING CLUSTER,"A close spelling, modifier, audience or location variant shares the canonical intent of the recommended page."
custom mug printing online,custom mug printing online,/drink-ware/coffee-mug,/mugs/logo-printed-mugs,mugs,logo,MERGED INTO EXISTING CLUSTER,"A close spelling, modifier, audience or location variant shares the canonical intent of the recommended page."
custom mug printing wholesale,custom mug printing wholesale,/drink-ware/coffee-mug,/mugs/bulk-mugs,mugs,bulk,MERGED INTO EXISTING CLUSTER,Mapped to the relevant product/category intent; 'wholesale' is not adopted as a Printkee business claim without evidence.
custom mug printing bulk order,custom mug printing bulk order,/drink-ware/coffee-mug,/mugs/bulk-mugs,mugs,bulk,MERGED INTO EXISTING CLUSTER,"A close spelling, modifier, audience or location variant shares the canonical intent of the recommended page."
custom mug printing supplier,custom mug printing supplier,/drink-ware/coffee-mug,/mugs/logo-printed-mugs,mugs,logo,MERGED INTO EXISTING CLUSTER,"A close spelling, modifier, audience or location variant shares the canonical intent of the recommended page."
custom mug printing price,custom mug printing price,/drink-ware/coffee-mug,/mugs/logo-printed-mugs,mugs,logo,MERGED INTO EXISTING CLUSTER,"A close spelling, modifier, audience or location variant shares the canonical intent of the recommended page."
custom mug printing with logo,custom mug printing with logo,/drink-ware/coffee-mug,/mugs/logo-printed-mugs,mugs,logo,MERGED INTO EXISTING CLUSTER,"A close spelling, modifier, audience or location variant shares the canonical intent of the recommended page."
cap printing india,cap printing india,/apparel-and-accessories/caps,/caps/logo-printed-caps,caps,logo,MERGED INTO EXISTING CLUSTER,"A close spelling, modifier, audience or location variant shares the canonical intent of the recommended page."
cap printing online,cap printing online,/apparel-and-accessories/caps,/caps/logo-printed-caps,caps,logo,MERGED INTO EXISTING CLUSTER,"A close spelling, modifier, audience or location variant shares the canonical intent of the recommended page."
cap printing wholesale,cap printing wholesale,/apparel-and-accessories/caps,/caps/bulk-caps,caps,bulk,MERGED INTO EXISTING CLUSTER,Mapped to the relevant product/category intent; 'wholesale' is not adopted as a Printkee business claim without evidence.
cap printing bulk order,cap printing bulk order,/apparel-and-accessories/caps,/caps/bulk-caps,caps,bulk,MERGED INTO EXISTING CLUSTER,"A close spelling, modifier, audience or location variant shares the canonical intent of the recommended page."
cap printing supplier,cap printing supplier,/apparel-and-accessories/caps,/caps/logo-printed-caps,caps,logo,MERGED INTO EXISTING CLUSTER,"A close spelling, modifier, audience or location variant shares the canonical intent of the recommended page."
cap printing price,cap printing price,/apparel-and-accessories/caps,/caps/logo-printed-caps,caps,logo,MERGED INTO EXISTING CLUSTER,"A close spelling, modifier, audience or location variant shares the canonical intent of the recommended page."
cap printing with logo,cap printing with logo,/apparel-and-accessories/caps,/caps/logo-printed-caps,caps,logo,MERGED INTO EXISTING CLUSTER,"A close spelling, modifier, audience or location variant shares the canonical intent of the recommended page."
custom notebook printing india,custom notebook printing india,/office-and-writing/notebooks-and-diary-sets,/notebooks-diaries/logo-printed-notebooks-diaries,notebooks-diaries,logo,MERGED INTO EXISTING CLUSTER,"A close spelling, modifier, audience or location variant shares the canonical intent of the recommended page."
custom notebook printing online,custom notebook printing online,/office-and-writing/notebooks-and-diary-sets,/notebooks-diaries/logo-printed-notebooks-diaries,notebooks-diaries,logo,MERGED INTO EXISTING CLUSTER,"A close spelling, modifier, audience or location variant shares the canonical intent of the recommended page."
custom notebook printing wholesale,custom notebook printing wholesale,/office-and-writing/notebooks-and-diary-sets,/notebooks-diaries/bulk-notebooks-diaries,notebooks-diaries,bulk,MERGED INTO EXISTING CLUSTER,Mapped to the relevant product/category intent; 'wholesale' is not adopted as a Printkee business claim without evidence.
custom notebook printing bulk order,custom notebook printing bulk order,/office-and-writing/notebooks-and-diary-sets,/notebooks-diaries/bulk-notebooks-diaries,notebooks-diaries,bulk,MERGED INTO EXISTING CLUSTER,"A close spelling, modifier, audience or location variant shares the canonical intent of the recommended page."
custom notebook printing supplier,custom notebook printing supplier,/office-and-writing/notebooks-and-diary-sets,/notebooks-diaries/logo-printed-notebooks-diaries,notebooks-diaries,logo,MERGED INTO EXISTING CLUSTER,"A close spelling, modifier, audience or location variant shares the canonical intent of the recommended page."
custom notebook printing price,custom notebook printing price,/office-and-writing/notebooks-and-diary-sets,/notebooks-diaries/logo-printed-notebooks-diaries,notebooks-diaries,logo,MERGED INTO EXISTING CLUSTER,"A close spelling, modifier, audience or location variant shares the canonical intent of the recommended page."
custom notebook printing with logo,custom notebook printing with logo,/office-and-writing/notebooks-and-diary-sets,/notebooks-diaries/logo-printed-notebooks-diaries,notebooks-diaries,logo,MERGED INTO EXISTING CLUSTER,"A close spelling, modifier, audience or location variant shares the canonical intent of the recommended page."
spiral notebook printing india,spiral notebook printing india,/office-and-writing/notebooks-and-diary-sets,/notebooks-diaries/logo-printed-notebooks-diaries,notebooks-diaries,logo,MERGED INTO EXISTING CLUSTER,"A close spelling, modifier, audience or location variant shares the canonical intent of the recommended page."
spiral notebook printing online,spiral notebook printing online,/office-and-writing/notebooks-and-diary-sets,/notebooks-diaries/logo-printed-notebooks-diaries,notebooks-diaries,logo,MERGED INTO EXISTING CLUSTER,"A close spelling, modifier, audience or location variant shares the canonical intent of the recommended page."
spiral notebook printing wholesale,spiral notebook printing wholesale,/office-and-writing/notebooks-and-diary-sets,/notebooks-diaries/bulk-notebooks-diaries,notebooks-diaries,bulk,MERGED INTO EXISTING CLUSTER,Mapped to the relevant product/category intent; 'wholesale' is not adopted as a Printkee business claim without evidence.
spiral notebook printing bulk order,spiral notebook printing bulk order,/office-and-writing/notebooks-and-diary-sets,/notebooks-diaries/bulk-notebooks-diaries,notebooks-diaries,bulk,MERGED INTO EXISTING CLUSTER,"A close spelling, modifier, audience or location variant shares the canonical intent of the recommended page."
spiral notebook printing supplier,spiral notebook printing supplier,/office-and-writing/notebooks-and-diary-sets,/notebooks-diaries/logo-printed-notebooks-diaries,notebooks-diaries,logo,MERGED INTO EXISTING CLUSTER,"A close spelling, modifier, audience or location variant shares the canonical intent of the recommended page."
spiral notebook printing price,spiral notebook printing price,/office-and-writing/notebooks-and-diary-sets,/notebooks-diaries/logo-printed-notebooks-diaries,notebooks-diaries,logo,MERGED INTO EXISTING CLUSTER,"A close spelling, modifier, audience or location variant shares the canonical intent of the recommended page."
spiral notebook printing with logo,spiral notebook printing with logo,/office-and-writing/notebooks-and-diary-sets,/notebooks-diaries/logo-printed-notebooks-diaries,notebooks-diaries,logo,MERGED INTO EXISTING CLUSTER,"A close spelling, modifier, audience or location variant shares the canonical intent of the recommended page."
diary printing india,diary printing india,/office-and-writing/notebooks-and-diary-sets,/notebooks-diaries/logo-printed-notebooks-diaries,notebooks-diaries,logo,MERGED INTO EXISTING CLUSTER,"A close spelling, modifier, audience or location variant shares the canonical intent of the recommended page."
diary printing online,diary printing online,/office-and-writing/notebooks-and-diary-sets,/notebooks-diaries/logo-printed-notebooks-diaries,notebooks-diaries,logo,MERGED INTO EXISTING CLUSTER,"A close spelling, modifier, audience or location variant shares the canonical intent of the recommended page."
diary printing wholesale,diary printing wholesale,/office-and-writing/notebooks-and-diary-sets,/notebooks-diaries/bulk-notebooks-diaries,notebooks-diaries,bulk,MERGED INTO EXISTING CLUSTER,Mapped to the relevant product/category intent; 'wholesale' is not adopted as a Printkee business claim without evidence.
diary printing bulk order,diary printing bulk order,/office-and-writing/notebooks-and-diary-sets,/notebooks-diaries/bulk-notebooks-diaries,notebooks-diaries,bulk,MERGED INTO EXISTING CLUSTER,"A close spelling, modifier, audience or location variant shares the canonical intent of the recommended page."
diary printing supplier,diary printing supplier,/office-and-writing/notebooks-and-diary-sets,/notebooks-diaries/logo-printed-notebooks-diaries,notebooks-diaries,logo,MERGED INTO EXISTING CLUSTER,"A close spelling, modifier, audience or location variant shares the canonical intent of the recommended page."
diary printing price,diary printing price,/office-and-writing/notebooks-and-diary-sets,/notebooks-diaries/logo-printed-notebooks-diaries,notebooks-diaries,logo,MERGED INTO EXISTING CLUSTER,"A close spelling, modifier, audience or location variant shares the canonical intent of the recommended page."
diary printing with logo,diary printing with logo,/office-and-writing/notebooks-and-diary-sets,/notebooks-diaries/logo-printed-notebooks-diaries,notebooks-diaries,logo,MERGED INTO EXISTING CLUSTER,"A close spelling, modifier, audience or location variant shares the canonical intent of the recommended page."
promotional keychain printing india,promotional keychain printing india,/collection/keychains,/keychains/promotional-keychains,keychains,promotional,MERGED INTO EXISTING CLUSTER,"A close spelling, modifier, audience or location variant shares the canonical intent of the recommended page."
promotional keychain printing online,promotional keychain printing online,/collection/keychains,/keychains/promotional-keychains,keychains,promotional,MERGED INTO EXISTING CLUSTER,"A close spelling, modifier, audience or location variant shares the canonical intent of the recommended page."
promotional keychain printing wholesale,promotional keychain printing wholesale,/collection/keychains,/keychains/promotional-keychains,keychains,promotional,MERGED INTO EXISTING CLUSTER,Mapped to the relevant product/category intent; 'wholesale' is not adopted as a Printkee business claim without evidence.
promotional keychain printing bulk order,promotional keychain printing bulk order,/collection/keychains,/keychains/promotional-keychains,keychains,promotional,MERGED INTO EXISTING CLUSTER,"A close spelling, modifier, audience or location variant shares the canonical intent of the recommended page."
promotional keychain printing supplier,promotional keychain printing supplier,/collection/keychains,/keychains/promotional-keychains,keychains,promotional,MERGED INTO EXISTING CLUSTER,"A close spelling, modifier, audience or location variant shares the canonical intent of the recommended page."
promotional keychain printing price,promotional keychain printing price,/collection/keychains,/keychains/promotional-keychains,keychains,promotional,MERGED INTO EXISTING CLUSTER,"A close spelling, modifier, audience or location variant shares the canonical intent of the recommended page."
promotional keychain printing with logo,promotional keychain printing with logo,/collection/keychains,/keychains/promotional-keychains,keychains,promotional,MERGED INTO EXISTING CLUSTER,"A close spelling, modifier, audience or location variant shares the canonical intent of the recommended page."
mouse pad printing india,mouse pad printing india,/technology-accessories/computer-accessories,/tech-gifts/logo-printed-tech-gifts,tech-gifts,logo,MERGED INTO EXISTING CLUSTER,"A close spelling, modifier, audience or location variant shares the canonical intent of the recommended page."
mouse pad printing online,mouse pad printing online,/technology-accessories/computer-accessories,/tech-gifts/logo-printed-tech-gifts,tech-gifts,logo,MERGED INTO EXISTING CLUSTER,"A close spelling, modifier, audience or location variant shares the canonical intent of the recommended page."
mouse pad printing wholesale,mouse pad printing wholesale,/technology-accessories/computer-accessories,/tech-gifts/bulk-tech-gifts,tech-gifts,bulk,MERGED INTO EXISTING CLUSTER,Mapped to the relevant product/category intent; 'wholesale' is not adopted as a Printkee business claim without evidence.
mouse pad printing bulk order,mouse pad printing bulk order,/technology-accessories/computer-accessories,/tech-gifts/bulk-tech-gifts,tech-gifts,bulk,MERGED INTO EXISTING CLUSTER,"A close spelling, modifier, audience or location variant shares the canonical intent of the recommended page."
mouse pad printing supplier,mouse pad printing supplier,/technology-accessories/computer-accessories,/tech-gifts/logo-printed-tech-gifts,tech-gifts,logo,MERGED INTO EXISTING CLUSTER,"A close spelling, modifier, audience or location variant shares the canonical intent of the recommended page."
mouse pad printing price,mouse pad printing price,/technology-accessories/computer-accessories,/tech-gifts/logo-printed-tech-gifts,tech-gifts,logo,MERGED INTO EXISTING CLUSTER,"A close spelling, modifier, audience or location variant shares the canonical intent of the recommended page."
mouse pad printing with logo,mouse pad printing with logo,/technology-accessories/computer-accessories,/tech-gifts/logo-printed-tech-gifts,tech-gifts,logo,MERGED INTO EXISTING CLUSTER,"A close spelling, modifier, audience or location variant shares the canonical intent of the recommended page."
sipper bottle printing india,sipper bottle printing india,/drink-ware/sipper,/bottles/logo-printed-bottles,bottles,logo,MERGED INTO EXISTING CLUSTER,"A close spelling, modifier, audience or location variant shares the canonical intent of the recommended page."
sipper bottle printing online,sipper bottle printing online,/drink-ware/sipper,/bottles/logo-printed-bottles,bottles,logo,MERGED INTO EXISTING CLUSTER,"A close spelling, modifier, audience or location variant shares the canonical intent of the recommended page."
sipper bottle printing wholesale,sipper bottle printing wholesale,/drink-ware/sipper,/bottles/bulk-bottles,bottles,bulk,MERGED INTO EXISTING CLUSTER,Mapped to the relevant product/category intent; 'wholesale' is not adopted as a Printkee business claim without evidence.
sipper bottle printing bulk order,sipper bottle printing bulk order,/drink-ware/sipper,/bottles/bulk-bottles,bottles,bulk,MERGED INTO EXISTING CLUSTER,"A close spelling, modifier, audience or location variant shares the canonical intent of the recommended page."
sipper bottle printing supplier,sipper bottle printing supplier,/drink-ware/sipper,/bottles/logo-printed-bottles,bottles,logo,MERGED INTO EXISTING CLUSTER,"A close spelling, modifier, audience or location variant shares the canonical intent of the recommended page."
sipper bottle printing price,sipper bottle printing price,/drink-ware/sipper,/bottles/logo-printed-bottles,bottles,logo,MERGED INTO EXISTING CLUSTER,"A close spelling, modifier, audience or location variant shares the canonical intent of the recommended page."
sipper bottle printing with logo,sipper bottle printing with logo,/drink-ware/sipper,/bottles/logo-printed-bottles,bottles,logo,MERGED INTO EXISTING CLUSTER,"A close spelling, modifier, audience or location variant shares the canonical intent of the recommended page."
laptop bag printing india,laptop bag printing india,/bags-and-travel/backpacks,/bags/logo-printed-bags,bags,logo,MERGED INTO EXISTING CLUSTER,"A close spelling, modifier, audience or location variant shares the canonical intent of the recommended page."
laptop bag printing online,laptop bag printing online,/bags-and-travel/backpacks,/bags/logo-printed-bags,bags,logo,MERGED INTO EXISTING CLUSTER,"A close spelling, modifier, audience or location variant shares the canonical intent of the recommended page."
laptop bag printing wholesale,laptop bag printing wholesale,/bags-and-travel/backpacks,/bags/bulk-bags,bags,bulk,MERGED INTO EXISTING CLUSTER,Mapped to the relevant product/category intent; 'wholesale' is not adopted as a Printkee business claim without evidence.
laptop bag printing bulk order,laptop bag printing bulk order,/bags-and-travel/backpacks,/bags/bulk-bags,bags,bulk,MERGED INTO EXISTING CLUSTER,"A close spelling, modifier, audience or location variant shares the canonical intent of the recommended page."
laptop bag printing supplier,laptop bag printing supplier,/bags-and-travel/backpacks,/bags/logo-printed-bags,bags,logo,MERGED INTO EXISTING CLUSTER,"A close spelling, modifier, audience or location variant shares the canonical intent of the recommended page."
laptop bag printing price,laptop bag printing price,/bags-and-travel/backpacks,/bags/logo-printed-bags,bags,logo,MERGED INTO EXISTING CLUSTER,"A close spelling, modifier, audience or location variant shares the canonical intent of the recommended page."
laptop bag printing with logo,laptop bag printing with logo,/bags-and-travel/backpacks,/bags/logo-printed-bags,bags,logo,MERGED INTO EXISTING CLUSTER,"A close spelling, modifier, audience or location variant shares the canonical intent of the recommended page."
custom tote bag printing india,custom tote bag printing india,/bags-and-travel/tote-bags,/bags/logo-printed-bags,bags,logo,MERGED INTO EXISTING CLUSTER,"A close spelling, modifier, audience or location variant shares the canonical intent of the recommended page."
custom tote bag printing online,custom tote bag printing online,/bags-and-travel/tote-bags,/bags/logo-printed-bags,bags,logo,MERGED INTO EXISTING CLUSTER,"A close spelling, modifier, audience or location variant shares the canonical intent of the recommended page."
custom tote bag printing wholesale,custom tote bag printing wholesale,/bags-and-travel/tote-bags,/bags/bulk-bags,bags,bulk,MERGED INTO EXISTING CLUSTER,Mapped to the relevant product/category intent; 'wholesale' is not adopted as a Printkee business claim without evidence.
custom tote bag printing bulk order,custom tote bag printing bulk order,/bags-and-travel/tote-bags,/bags/bulk-bags,bags,bulk,MERGED INTO EXISTING CLUSTER,"A close spelling, modifier, audience or location variant shares the canonical intent of the recommended page."
custom tote bag printing supplier,custom tote bag printing supplier,/bags-and-travel/tote-bags,/bags/logo-printed-bags,bags,logo,MERGED INTO EXISTING CLUSTER,"A close spelling, modifier, audience or location variant shares the canonical intent of the recommended page."
custom tote bag printing price,custom tote bag printing price,/bags-and-travel/tote-bags,/bags/logo-printed-bags,bags,logo,MERGED INTO EXISTING CLUSTER,"A close spelling, modifier, audience or location variant shares the canonical intent of the recommended page."
custom tote bag printing with logo,custom tote bag printing with logo,/bags-and-travel/tote-bags,/bags/logo-printed-bags,bags,logo,MERGED INTO EXISTING CLUSTER,"A close spelling, modifier, audience or location variant shares the canonical intent of the recommended page."
branded laptop backpacks india,branded laptop backpacks india,/bags-and-travel/backpacks,/bags/logo-printed-bags,bags,logo,MERGED INTO EXISTING CLUSTER,"A close spelling, modifier, audience or location variant shares the canonical intent of the recommended page."
branded laptop backpacks online,branded laptop backpacks online,/bags-and-travel/backpacks,/bags/logo-printed-bags,bags,logo,MERGED INTO EXISTING CLUSTER,"A close spelling, modifier, audience or location variant shares the canonical intent of the recommended page."
branded laptop backpacks wholesale,branded laptop backpacks wholesale,/bags-and-travel/backpacks,/bags/bulk-bags,bags,bulk,MERGED INTO EXISTING CLUSTER,Mapped to the relevant product/category intent; 'wholesale' is not adopted as a Printkee business claim without evidence.
branded laptop backpacks bulk order,branded laptop backpacks bulk order,/bags-and-travel/backpacks,/bags/bulk-bags,bags,bulk,MERGED INTO EXISTING CLUSTER,"A close spelling, modifier, audience or location variant shares the canonical intent of the recommended page."
branded laptop backpacks supplier,branded laptop backpacks supplier,/bags-and-travel/backpacks,/bags/logo-printed-bags,bags,logo,MERGED INTO EXISTING CLUSTER,"A close spelling, modifier, audience or location variant shares the canonical intent of the recommended page."
branded laptop backpacks manufacturer,branded laptop backpacks manufacturer,/bags-and-travel/backpacks,/bags/logo-printed-bags,bags,logo,MERGED INTO EXISTING CLUSTER,Mapped to the relevant product/category intent; 'manufacturer' is not adopted as a Printkee business claim without evidence.
branded laptop backpacks price,branded laptop backpacks price,/bags-and-travel/backpacks,/bags/logo-printed-bags,bags,logo,MERGED INTO EXISTING CLUSTER,"A close spelling, modifier, audience or location variant shares the canonical intent of the recommended page."
branded laptop backpacks with logo,branded laptop backpacks with logo,/bags-and-travel/backpacks,/bags/logo-printed-bags,bags,logo,MERGED INTO EXISTING CLUSTER,"A close spelling, modifier, audience or location variant shares the canonical intent of the recommended page."
custom travel mugs india,custom travel mugs india,/bags-and-travel,/mugs,mugs,custom,MERGED INTO EXISTING CLUSTER,"A close spelling, modifier, audience or location variant shares the canonical intent of the recommended page."
custom travel mugs online,custom travel mugs online,/bags-and-travel,/mugs,mugs,custom,MERGED INTO EXISTING CLUSTER,"A close spelling, modifier, audience or location variant shares the canonical intent of the recommended page."
custom travel mugs wholesale,custom travel mugs wholesale,/bags-and-travel,/mugs/bulk-mugs,mugs,bulk,MERGED INTO EXISTING CLUSTER,Mapped to the relevant product/category intent; 'wholesale' is not adopted as a Printkee business claim without evidence.
custom travel mugs bulk order,custom travel mugs bulk order,/bags-and-travel,/mugs/bulk-mugs,mugs,bulk,MERGED INTO EXISTING CLUSTER,"A close spelling, modifier, audience or location variant shares the canonical intent of the recommended page."
custom travel mugs supplier,custom travel mugs supplier,/bags-and-travel,/mugs,mugs,custom,MERGED INTO EXISTING CLUSTER,"A close spelling, modifier, audience or location variant shares the canonical intent of the recommended page."
custom travel mugs manufacturer,custom travel mugs manufacturer,/bags-and-travel,/mugs,mugs,custom,MERGED INTO EXISTING CLUSTER,Mapped to the relevant product/category intent; 'manufacturer' is not adopted as a Printkee business claim without evidence.
custom travel mugs price,custom travel mugs price,/bags-and-travel,/mugs,mugs,custom,MERGED INTO EXISTING CLUSTER,"A close spelling, modifier, audience or location variant shares the canonical intent of the recommended page."
custom travel mugs with logo,custom travel mugs with logo,/bags-and-travel,/mugs/logo-printed-mugs,mugs,logo,MERGED INTO EXISTING CLUSTER,"A close spelling, modifier, audience or location variant shares the canonical intent of the recommended page."
notepad printing india,notepad printing india,/contact,/notebooks-diaries/logo-printed-notebooks-diaries,notebooks-diaries,logo,EXPANSION OPPORTUNITY,"The keyword is retained, but the referenced product/service is not verified in the current Printkee catalog."
notepad printing online,notepad printing online,/contact,/notebooks-diaries/logo-printed-notebooks-diaries,notebooks-diaries,logo,EXPANSION OPPORTUNITY,"The keyword is retained, but the referenced product/service is not verified in the current Printkee catalog."
notepad printing wholesale,notepad printing wholesale,/contact,/notebooks-diaries/bulk-notebooks-diaries,notebooks-diaries,bulk,EXPANSION OPPORTUNITY,"The keyword is retained, but the referenced product/service is not verified in the current Printkee catalog."
notepad printing bulk order,notepad printing bulk order,/contact,/notebooks-diaries/bulk-notebooks-diaries,notebooks-diaries,bulk,EXPANSION OPPORTUNITY,"The keyword is retained, but the referenced product/service is not verified in the current Printkee catalog."
notepad printing supplier,notepad printing supplier,/contact,/notebooks-diaries/logo-printed-notebooks-diaries,notebooks-diaries,logo,EXPANSION OPPORTUNITY,"The keyword is retained, but the referenced product/service is not verified in the current Printkee catalog."
notepad printing price,notepad printing price,/contact,/notebooks-diaries/logo-printed-notebooks-diaries,notebooks-diaries,logo,EXPANSION OPPORTUNITY,"The keyword is retained, but the referenced product/service is not verified in the current Printkee catalog."
notepad printing with logo,notepad printing with logo,/contact,/notebooks-diaries/logo-printed-notebooks-diaries,notebooks-diaries,logo,EXPANSION OPPORTUNITY,"The keyword is retained, but the referenced product/service is not verified in the current Printkee catalog."
id card printing india,id card printing india,/office-and-writing/lanyard-and-id-card,/office-stationery/logo-printed-office-stationery,office-stationery,logo,MERGED INTO EXISTING CLUSTER,"A close spelling, modifier, audience or location variant shares the canonical intent of the recommended page."
id card printing online,id card printing online,/office-and-writing/lanyard-and-id-card,/office-stationery/logo-printed-office-stationery,office-stationery,logo,MERGED INTO EXISTING CLUSTER,"A close spelling, modifier, audience or location variant shares the canonical intent of the recommended page."
id card printing wholesale,id card printing wholesale,/office-and-writing/lanyard-and-id-card,/office-stationery/bulk-office-stationery,office-stationery,bulk,MERGED INTO EXISTING CLUSTER,Mapped to the relevant product/category intent; 'wholesale' is not adopted as a Printkee business claim without evidence.
id card printing bulk order,id card printing bulk order,/office-and-writing/lanyard-and-id-card,/office-stationery/bulk-office-stationery,office-stationery,bulk,MERGED INTO EXISTING CLUSTER,"A close spelling, modifier, audience or location variant shares the canonical intent of the recommended page."
id card printing supplier,id card printing supplier,/office-and-writing/lanyard-and-id-card,/office-stationery/logo-printed-office-stationery,office-stationery,logo,MERGED INTO EXISTING CLUSTER,"A close spelling, modifier, audience or location variant shares the canonical intent of the recommended page."
id card printing price,id card printing price,/office-and-writing/lanyard-and-id-card,/office-stationery/logo-printed-office-stationery,office-stationery,logo,MERGED INTO EXISTING CLUSTER,"A close spelling, modifier, audience or location variant shares the canonical intent of the recommended page."
id card printing with logo,id card printing with logo,/office-and-writing/lanyard-and-id-card,/office-stationery/logo-printed-office-stationery,office-stationery,logo,MERGED INTO EXISTING CLUSTER,"A close spelling, modifier, audience or location variant shares the canonical intent of the recommended page."
lanyard printing india,lanyard printing india,/office-and-writing/lanyard-and-id-card,/office-stationery/logo-printed-office-stationery,office-stationery,logo,MERGED INTO EXISTING CLUSTER,"A close spelling, modifier, audience or location variant shares the canonical intent of the recommended page."
lanyard printing online,lanyard printing online,/office-and-writing/lanyard-and-id-card,/office-stationery/logo-printed-office-stationery,office-stationery,logo,MERGED INTO EXISTING CLUSTER,"A close spelling, modifier, audience or location variant shares the canonical intent of the recommended page."
lanyard printing wholesale,lanyard printing wholesale,/office-and-writing/lanyard-and-id-card,/office-stationery/bulk-office-stationery,office-stationery,bulk,MERGED INTO EXISTING CLUSTER,Mapped to the relevant product/category intent; 'wholesale' is not adopted as a Printkee business claim without evidence.
lanyard printing bulk order,lanyard printing bulk order,/office-and-writing/lanyard-and-id-card,/office-stationery/bulk-office-stationery,office-stationery,bulk,MERGED INTO EXISTING CLUSTER,"A close spelling, modifier, audience or location variant shares the canonical intent of the recommended page."
lanyard printing supplier,lanyard printing supplier,/office-and-writing/lanyard-and-id-card,/office-stationery/logo-printed-office-stationery,office-stationery,logo,MERGED INTO EXISTING CLUSTER,"A close spelling, modifier, audience or location variant shares the canonical intent of the recommended page."
lanyard printing price,lanyard printing price,/office-and-writing/lanyard-and-id-card,/office-stationery/logo-printed-office-stationery,office-stationery,logo,MERGED INTO EXISTING CLUSTER,"A close spelling, modifier, audience or location variant shares the canonical intent of the recommended page."
lanyard printing with logo,lanyard printing with logo,/office-and-writing/lanyard-and-id-card,/office-stationery/logo-printed-office-stationery,office-stationery,logo,MERGED INTO EXISTING CLUSTER,"A close spelling, modifier, audience or location variant shares the canonical intent of the recommended page."
business stationery printing india,business stationery printing india,/contact,/office-stationery/corporate-office-stationery,office-stationery,corporate,EXPANSION OPPORTUNITY,"The keyword is retained, but the referenced product/service is not verified in the current Printkee catalog."
business stationery printing online,business stationery printing online,/contact,/office-stationery/corporate-office-stationery,office-stationery,corporate,EXPANSION OPPORTUNITY,"The keyword is retained, but the referenced product/service is not verified in the current Printkee catalog."
business stationery printing wholesale,business stationery printing wholesale,/contact,/office-stationery/corporate-office-stationery,office-stationery,corporate,EXPANSION OPPORTUNITY,"The keyword is retained, but the referenced product/service is not verified in the current Printkee catalog."
business stationery printing bulk order,business stationery printing bulk order,/contact,/office-stationery/corporate-office-stationery,office-stationery,corporate,EXPANSION OPPORTUNITY,"The keyword is retained, but the referenced product/service is not verified in the current Printkee catalog."
business stationery printing supplier,business stationery printing supplier,/contact,/office-stationery/corporate-office-stationery,office-stationery,corporate,EXPANSION OPPORTUNITY,"The keyword is retained, but the referenced product/service is not verified in the current Printkee catalog."
business stationery printing price,business stationery printing price,/contact,/office-stationery/corporate-office-stationery,office-stationery,corporate,EXPANSION OPPORTUNITY,"The keyword is retained, but the referenced product/service is not verified in the current Printkee catalog."
business stationery printing with logo,business stationery printing with logo,/contact,/office-stationery/corporate-office-stationery,office-stationery,corporate,EXPANSION OPPORTUNITY,"The keyword is retained, but the referenced product/service is not verified in the current Printkee catalog."
office stationery printing india,office stationery printing india,/contact,/office-stationery/corporate-office-stationery,office-stationery,corporate,EXPANSION OPPORTUNITY,"The keyword is retained, but the referenced product/service is not verified in the current Printkee catalog."
office stationery printing online,office stationery printing online,/contact,/office-stationery/corporate-office-stationery,office-stationery,corporate,EXPANSION OPPORTUNITY,"The keyword is retained, but the referenced product/service is not verified in the current Printkee catalog."
office stationery printing wholesale,office stationery printing wholesale,/contact,/office-stationery/corporate-office-stationery,office-stationery,corporate,EXPANSION OPPORTUNITY,"The keyword is retained, but the referenced product/service is not verified in the current Printkee catalog."
office stationery printing bulk order,office stationery printing bulk order,/contact,/office-stationery/corporate-office-stationery,office-stationery,corporate,EXPANSION OPPORTUNITY,"The keyword is retained, but the referenced product/service is not verified in the current Printkee catalog."
office stationery printing supplier,office stationery printing supplier,/contact,/office-stationery/corporate-office-stationery,office-stationery,corporate,EXPANSION OPPORTUNITY,"The keyword is retained, but the referenced product/service is not verified in the current Printkee catalog."
office stationery printing price,office stationery printing price,/contact,/office-stationery/corporate-office-stationery,office-stationery,corporate,EXPANSION OPPORTUNITY,"The keyword is retained, but the referenced product/service is not verified in the current Printkee catalog."
office stationery printing with logo,office stationery printing with logo,/contact,/office-stationery/corporate-office-stationery,office-stationery,corporate,EXPANSION OPPORTUNITY,"The keyword is retained, but the referenced product/service is not verified in the current Printkee catalog."
pen printing india,pen printing india,/office-and-writing/pen-and-writing-set,/pens/logo-printed-pens,pens,logo,MERGED INTO EXISTING CLUSTER,"A close spelling, modifier, audience or location variant shares the canonical intent of the recommended page."
pen printing online,pen printing online,/office-and-writing/pen-and-writing-set,/pens/logo-printed-pens,pens,logo,MERGED INTO EXISTING CLUSTER,"A close spelling, modifier, audience or location variant shares the canonical intent of the recommended page."
pen printing wholesale,pen printing wholesale,/office-and-writing/pen-and-writing-set,/pens/bulk-pens,pens,bulk,MERGED INTO EXISTING CLUSTER,Mapped to the relevant product/category intent; 'wholesale' is not adopted as a Printkee business claim without evidence.
pen printing bulk order,pen printing bulk order,/office-and-writing/pen-and-writing-set,/pens/bulk-pens,pens,bulk,MERGED INTO EXISTING CLUSTER,"A close spelling, modifier, audience or location variant shares the canonical intent of the recommended page."
pen printing supplier,pen printing supplier,/office-and-writing/pen-and-writing-set,/pens/logo-printed-pens,pens,logo,MERGED INTO EXISTING CLUSTER,"A close spelling, modifier, audience or location variant shares the canonical intent of the recommended page."
pen printing price,pen printing price,/office-and-writing/pen-and-writing-set,/pens/logo-printed-pens,pens,logo,MERGED INTO EXISTING CLUSTER,"A close spelling, modifier, audience or location variant shares the canonical intent of the recommended page."
pen printing with logo,pen printing with logo,/office-and-writing/pen-and-writing-set,/pens/logo-printed-pens,pens,logo,MERGED INTO EXISTING CLUSTER,"A close spelling, modifier, audience or location variant shares the canonical intent of the recommended page."
printed tote bags india,printed tote bags india,/bags-and-travel/tote-bags,/bags/logo-printed-bags,bags,logo,MERGED INTO EXISTING CLUSTER,"A close spelling, modifier, audience or location variant shares the canonical intent of the recommended page."
printed tote bags online,printed tote bags online,/bags-and-travel/tote-bags,/bags/logo-printed-bags,bags,logo,MERGED INTO EXISTING CLUSTER,"A close spelling, modifier, audience or location variant shares the canonical intent of the recommended page."
printed tote bags wholesale,printed tote bags wholesale,/bags-and-travel/tote-bags,/bags/bulk-bags,bags,bulk,MERGED INTO EXISTING CLUSTER,Mapped to the relevant product/category intent; 'wholesale' is not adopted as a Printkee business claim without evidence.
printed tote bags bulk order,printed tote bags bulk order,/bags-and-travel/tote-bags,/bags/bulk-bags,bags,bulk,MERGED INTO EXISTING CLUSTER,"A close spelling, modifier, audience or location variant shares the canonical intent of the recommended page."
printed tote bags supplier,printed tote bags supplier,/bags-and-travel/tote-bags,/bags/logo-printed-bags,bags,logo,MERGED INTO EXISTING CLUSTER,"A close spelling, modifier, audience or location variant shares the canonical intent of the recommended page."
printed tote bags manufacturer,printed tote bags manufacturer,/bags-and-travel/tote-bags,/bags/logo-printed-bags,bags,logo,MERGED INTO EXISTING CLUSTER,Mapped to the relevant product/category intent; 'manufacturer' is not adopted as a Printkee business claim without evidence.
printed tote bags price,printed tote bags price,/bags-and-travel/tote-bags,/bags/logo-printed-bags,bags,logo,MERGED INTO EXISTING CLUSTER,"A close spelling, modifier, audience or location variant shares the canonical intent of the recommended page."
printed tote bags with logo,printed tote bags with logo,/bags-and-travel/tote-bags,/bags/logo-printed-bags,bags,logo,MERGED INTO EXISTING CLUSTER,"A close spelling, modifier, audience or location variant shares the canonical intent of the recommended page."
cotton carry bag printing india,cotton carry bag printing india,/bags-and-travel,/bags/logo-printed-bags,bags,logo,MERGED INTO EXISTING CLUSTER,"A close spelling, modifier, audience or location variant shares the canonical intent of the recommended page."
cotton carry bag printing online,cotton carry bag printing online,/bags-and-travel,/bags/logo-printed-bags,bags,logo,MERGED INTO EXISTING CLUSTER,"A close spelling, modifier, audience or location variant shares the canonical intent of the recommended page."
cotton carry bag printing wholesale,cotton carry bag printing wholesale,/bags-and-travel,/bags/bulk-bags,bags,bulk,MERGED INTO EXISTING CLUSTER,Mapped to the relevant product/category intent; 'wholesale' is not adopted as a Printkee business claim without evidence.
cotton carry bag printing bulk order,cotton carry bag printing bulk order,/bags-and-travel,/bags/bulk-bags,bags,bulk,MERGED INTO EXISTING CLUSTER,"A close spelling, modifier, audience or location variant shares the canonical intent of the recommended page."
cotton carry bag printing supplier,cotton carry bag printing supplier,/bags-and-travel,/bags/logo-printed-bags,bags,logo,MERGED INTO EXISTING CLUSTER,"A close spelling, modifier, audience or location variant shares the canonical intent of the recommended page."
cotton carry bag printing price,cotton carry bag printing price,/bags-and-travel,/bags/logo-printed-bags,bags,logo,MERGED INTO EXISTING CLUSTER,"A close spelling, modifier, audience or location variant shares the canonical intent of the recommended page."
cotton carry bag printing with logo,cotton carry bag printing with logo,/bags-and-travel,/bags/logo-printed-bags,bags,logo,MERGED INTO EXISTING CLUSTER,"A close spelling, modifier, audience or location variant shares the canonical intent of the recommended page."
photo mug printing india,photo mug printing india,/drink-ware/coffee-mug,/mugs/personalized-mugs,mugs,personalized,MERGED INTO EXISTING CLUSTER,"A close spelling, modifier, audience or location variant shares the canonical intent of the recommended page."
photo mug printing online,photo mug printing online,/drink-ware/coffee-mug,/mugs/personalized-mugs,mugs,personalized,MERGED INTO EXISTING CLUSTER,"A close spelling, modifier, audience or location variant shares the canonical intent of the recommended page."
photo mug printing wholesale,photo mug printing wholesale,/drink-ware/coffee-mug,/mugs/personalized-mugs,mugs,personalized,MERGED INTO EXISTING CLUSTER,Mapped to the relevant product/category intent; 'wholesale' is not adopted as a Printkee business claim without evidence.
photo mug printing bulk order,photo mug printing bulk order,/drink-ware/coffee-mug,/mugs/personalized-mugs,mugs,personalized,MERGED INTO EXISTING CLUSTER,"A close spelling, modifier, audience or location variant shares the canonical intent of the recommended page."
photo mug printing supplier,photo mug printing supplier,/drink-ware/coffee-mug,/mugs/personalized-mugs,mugs,personalized,MERGED INTO EXISTING CLUSTER,"A close spelling, modifier, audience or location variant shares the canonical intent of the recommended page."
photo mug printing price,photo mug printing price,/drink-ware/coffee-mug,/mugs/personalized-mugs,mugs,personalized,MERGED INTO EXISTING CLUSTER,"A close spelling, modifier, audience or location variant shares the canonical intent of the recommended page."
photo mug printing with logo,photo mug printing with logo,/drink-ware/coffee-mug,/mugs/personalized-mugs,mugs,personalized,MERGED INTO EXISTING CLUSTER,"A close spelling, modifier, audience or location variant shares the canonical intent of the recommended page."
custom mugs india,custom mugs india,/drink-ware/coffee-mug,/mugs,mugs,custom,MERGED INTO EXISTING CLUSTER,"A close spelling, modifier, audience or location variant shares the canonical intent of the recommended page."
custom mugs online,custom mugs online,/drink-ware/coffee-mug,/mugs,mugs,custom,MERGED INTO EXISTING CLUSTER,"A close spelling, modifier, audience or location variant shares the canonical intent of the recommended page."
custom mugs wholesale,custom mugs wholesale,/drink-ware/coffee-mug,/mugs/bulk-mugs,mugs,bulk,MERGED INTO EXISTING CLUSTER,Mapped to the relevant product/category intent; 'wholesale' is not adopted as a Printkee business claim without evidence.
custom mugs bulk order,custom mugs bulk order,/drink-ware/coffee-mug,/mugs/bulk-mugs,mugs,bulk,MERGED INTO EXISTING CLUSTER,"A close spelling, modifier, audience or location variant shares the canonical intent of the recommended page."
custom mugs supplier,custom mugs supplier,/drink-ware/coffee-mug,/mugs,mugs,custom,MERGED INTO EXISTING CLUSTER,"A close spelling, modifier, audience or location variant shares the canonical intent of the recommended page."
custom mugs manufacturer,custom mugs manufacturer,/drink-ware/coffee-mug,/mugs,mugs,custom,MERGED INTO EXISTING CLUSTER,Mapped to the relevant product/category intent; 'manufacturer' is not adopted as a Printkee business claim without evidence.
custom mugs price,custom mugs price,/drink-ware/coffee-mug,/mugs,mugs,custom,MERGED INTO EXISTING CLUSTER,"A close spelling, modifier, audience or location variant shares the canonical intent of the recommended page."
custom mugs with logo,custom mugs with logo,/drink-ware/coffee-mug,/mugs/logo-printed-mugs,mugs,logo,MERGED INTO EXISTING CLUSTER,"A close spelling, modifier, audience or location variant shares the canonical intent of the recommended page."
custom keychains india,custom keychains india,/collection/keychains,/keychains,keychains,custom,MERGED INTO EXISTING CLUSTER,"A close spelling, modifier, audience or location variant shares the canonical intent of the recommended page."
custom keychains online,custom keychains online,/collection/keychains,/keychains,keychains,custom,MERGED INTO EXISTING CLUSTER,"A close spelling, modifier, audience or location variant shares the canonical intent of the recommended page."
custom keychains wholesale,custom keychains wholesale,/collection/keychains,/keychains/bulk-keychains,keychains,bulk,MERGED INTO EXISTING CLUSTER,Mapped to the relevant product/category intent; 'wholesale' is not adopted as a Printkee business claim without evidence.
custom keychains bulk order,custom keychains bulk order,/collection/keychains,/keychains/bulk-keychains,keychains,bulk,MERGED INTO EXISTING CLUSTER,"A close spelling, modifier, audience or location variant shares the canonical intent of the recommended page."
custom keychains supplier,custom keychains supplier,/collection/keychains,/keychains,keychains,custom,MERGED INTO EXISTING CLUSTER,"A close spelling, modifier, audience or location variant shares the canonical intent of the recommended page."
custom keychains manufacturer,custom keychains manufacturer,/collection/keychains,/keychains,keychains,custom,MERGED INTO EXISTING CLUSTER,Mapped to the relevant product/category intent; 'manufacturer' is not adopted as a Printkee business claim without evidence.
custom keychains price,custom keychains price,/collection/keychains,/keychains,keychains,custom,MERGED INTO EXISTING CLUSTER,"A close spelling, modifier, audience or location variant shares the canonical intent of the recommended page."
custom keychains with logo,custom keychains with logo,/collection/keychains,/keychains/logo-printed-keychains,keychains,logo,MERGED INTO EXISTING CLUSTER,"A close spelling, modifier, audience or location variant shares the canonical intent of the recommended page."
custom notebooks india,custom notebooks india,/office-and-writing/notebooks-and-diary-sets,/notebooks-diaries,notebooks-diaries,custom,MERGED INTO EXISTING CLUSTER,"A close spelling, modifier, audience or location variant shares the canonical intent of the recommended page."
custom notebooks online,custom notebooks online,/office-and-writing/notebooks-and-diary-sets,/notebooks-diaries,notebooks-diaries,custom,MERGED INTO EXISTING CLUSTER,"A close spelling, modifier, audience or location variant shares the canonical intent of the recommended page."
custom notebooks wholesale,custom notebooks wholesale,/office-and-writing/notebooks-and-diary-sets,/notebooks-diaries/bulk-notebooks-diaries,notebooks-diaries,bulk,MERGED INTO EXISTING CLUSTER,Mapped to the relevant product/category intent; 'wholesale' is not adopted as a Printkee business claim without evidence.
custom notebooks bulk order,custom notebooks bulk order,/office-and-writing/notebooks-and-diary-sets,/notebooks-diaries/bulk-notebooks-diaries,notebooks-diaries,bulk,MERGED INTO EXISTING CLUSTER,"A close spelling, modifier, audience or location variant shares the canonical intent of the recommended page."
custom notebooks supplier,custom notebooks supplier,/office-and-writing/notebooks-and-diary-sets,/notebooks-diaries,notebooks-diaries,custom,MERGED INTO EXISTING CLUSTER,"A close spelling, modifier, audience or location variant shares the canonical intent of the recommended page."
custom notebooks manufacturer,custom notebooks manufacturer,/office-and-writing/notebooks-and-diary-sets,/notebooks-diaries,notebooks-diaries,custom,MERGED INTO EXISTING CLUSTER,Mapped to the relevant product/category intent; 'manufacturer' is not adopted as a Printkee business claim without evidence.
custom notebooks price,custom notebooks price,/office-and-writing/notebooks-and-diary-sets,/notebooks-diaries,notebooks-diaries,custom,MERGED INTO EXISTING CLUSTER,"A close spelling, modifier, audience or location variant shares the canonical intent of the recommended page."
custom notebooks with logo,custom notebooks with logo,/office-and-writing/notebooks-and-diary-sets,/notebooks-diaries/logo-printed-notebooks-diaries,notebooks-diaries,logo,MERGED INTO EXISTING CLUSTER,"A close spelling, modifier, audience or location variant shares the canonical intent of the recommended page."
branded pens india,branded pens india,/office-and-writing/pen-and-writing-set,/pens/logo-printed-pens,pens,logo,MERGED INTO EXISTING CLUSTER,"A close spelling, modifier, audience or location variant shares the canonical intent of the recommended page."
branded pens online,branded pens online,/office-and-writing/pen-and-writing-set,/pens/logo-printed-pens,pens,logo,MERGED INTO EXISTING CLUSTER,"A close spelling, modifier, audience or location variant shares the canonical intent of the recommended page."
branded pens wholesale,branded pens wholesale,/office-and-writing/pen-and-writing-set,/pens/bulk-pens,pens,bulk,MERGED INTO EXISTING CLUSTER,Mapped to the relevant product/category intent; 'wholesale' is not adopted as a Printkee business claim without evidence.
branded pens bulk order,branded pens bulk order,/office-and-writing/pen-and-writing-set,/pens/bulk-pens,pens,bulk,MERGED INTO EXISTING CLUSTER,"A close spelling, modifier, audience or location variant shares the canonical intent of the recommended page."
branded pens supplier,branded pens supplier,/office-and-writing/pen-and-writing-set,/pens/logo-printed-pens,pens,logo,MERGED INTO EXISTING CLUSTER,"A close spelling, modifier, audience or location variant shares the canonical intent of the recommended page."
branded pens manufacturer,branded pens manufacturer,/office-and-writing/pen-and-writing-set,/pens/logo-printed-pens,pens,logo,MERGED INTO EXISTING CLUSTER,Mapped to the relevant product/category intent; 'manufacturer' is not adopted as a Printkee business claim without evidence.
branded pens price,branded pens price,/office-and-writing/pen-and-writing-set,/pens/logo-printed-pens,pens,logo,MERGED INTO EXISTING CLUSTER,"A close spelling, modifier, audience or location variant shares the canonical intent of the recommended page."
branded pens with logo,branded pens with logo,/office-and-writing/pen-and-writing-set,/pens/logo-printed-pens,pens,logo,MERGED INTO EXISTING CLUSTER,"A close spelling, modifier, audience or location variant shares the canonical intent of the recommended page."
custom caps india,custom caps india,/apparel-and-accessories/caps,/caps,caps,custom,MERGED INTO EXISTING CLUSTER,"A close spelling, modifier, audience or location variant shares the canonical intent of the recommended page."
custom caps online,custom caps online,/apparel-and-accessories/caps,/caps,caps,custom,MERGED INTO EXISTING CLUSTER,"A close spelling, modifier, audience or location variant shares the canonical intent of the recommended page."
custom caps wholesale,custom caps wholesale,/apparel-and-accessories/caps,/caps/bulk-caps,caps,bulk,MERGED INTO EXISTING CLUSTER,Mapped to the relevant product/category intent; 'wholesale' is not adopted as a Printkee business claim without evidence.
custom caps bulk order,custom caps bulk order,/apparel-and-accessories/caps,/caps/bulk-caps,caps,bulk,MERGED INTO EXISTING CLUSTER,"A close spelling, modifier, audience or location variant shares the canonical intent of the recommended page."
custom caps supplier,custom caps supplier,/apparel-and-accessories/caps,/caps,caps,custom,MERGED INTO EXISTING CLUSTER,"A close spelling, modifier, audience or location variant shares the canonical intent of the recommended page."
custom caps manufacturer,custom caps manufacturer,/apparel-and-accessories/caps,/caps,caps,custom,MERGED INTO EXISTING CLUSTER,Mapped to the relevant product/category intent; 'manufacturer' is not adopted as a Printkee business claim without evidence.
custom caps price,custom caps price,/apparel-and-accessories/caps,/caps,caps,custom,MERGED INTO EXISTING CLUSTER,"A close spelling, modifier, audience or location variant shares the canonical intent of the recommended page."
custom caps with logo,custom caps with logo,/apparel-and-accessories/caps,/caps/logo-printed-caps,caps,logo,MERGED INTO EXISTING CLUSTER,"A close spelling, modifier, audience or location variant shares the canonical intent of the recommended page."
custom backpacks india,custom backpacks india,/bags-and-travel/backpacks,/bags,bags,custom,MERGED INTO EXISTING CLUSTER,"A close spelling, modifier, audience or location variant shares the canonical intent of the recommended page."
custom backpacks online,custom backpacks online,/bags-and-travel/backpacks,/bags,bags,custom,MERGED INTO EXISTING CLUSTER,"A close spelling, modifier, audience or location variant shares the canonical intent of the recommended page."
custom backpacks wholesale,custom backpacks wholesale,/bags-and-travel/backpacks,/bags/bulk-bags,bags,bulk,MERGED INTO EXISTING CLUSTER,Mapped to the relevant product/category intent; 'wholesale' is not adopted as a Printkee business claim without evidence.
custom backpacks bulk order,custom backpacks bulk order,/bags-and-travel/backpacks,/bags/bulk-bags,bags,bulk,MERGED INTO EXISTING CLUSTER,"A close spelling, modifier, audience or location variant shares the canonical intent of the recommended page."
custom backpacks supplier,custom backpacks supplier,/bags-and-travel/backpacks,/bags,bags,custom,MERGED INTO EXISTING CLUSTER,"A close spelling, modifier, audience or location variant shares the canonical intent of the recommended page."
custom backpacks manufacturer,custom backpacks manufacturer,/bags-and-travel/backpacks,/bags,bags,custom,MERGED INTO EXISTING CLUSTER,Mapped to the relevant product/category intent; 'manufacturer' is not adopted as a Printkee business claim without evidence.
custom backpacks price,custom backpacks price,/bags-and-travel/backpacks,/bags,bags,custom,MERGED INTO EXISTING CLUSTER,"A close spelling, modifier, audience or location variant shares the canonical intent of the recommended page."
custom backpacks with logo,custom backpacks with logo,/bags-and-travel/backpacks,/bags/logo-printed-bags,bags,logo,MERGED INTO EXISTING CLUSTER,"A close spelling, modifier, audience or location variant shares the canonical intent of the recommended page."
sipper bottles india,sipper bottles india,/drink-ware/sipper,/bottles,bottles,custom,MERGED INTO EXISTING CLUSTER,"A close spelling, modifier, audience or location variant shares the canonical intent of the recommended page."
sipper bottles online,sipper bottles online,/drink-ware/sipper,/bottles,bottles,custom,MERGED INTO EXISTING CLUSTER,"A close spelling, modifier, audience or location variant shares the canonical intent of the recommended page."
sipper bottles wholesale,sipper bottles wholesale,/drink-ware/sipper,/bottles/bulk-bottles,bottles,bulk,MERGED INTO EXISTING CLUSTER,Mapped to the relevant product/category intent; 'wholesale' is not adopted as a Printkee business claim without evidence.
sipper bottles bulk order,sipper bottles bulk order,/drink-ware/sipper,/bottles/bulk-bottles,bottles,bulk,MERGED INTO EXISTING CLUSTER,"A close spelling, modifier, audience or location variant shares the canonical intent of the recommended page."
sipper bottles supplier,sipper bottles supplier,/drink-ware/sipper,/bottles,bottles,custom,MERGED INTO EXISTING CLUSTER,"A close spelling, modifier, audience or location variant shares the canonical intent of the recommended page."
sipper bottles manufacturer,sipper bottles manufacturer,/drink-ware/sipper,/bottles,bottles,custom,MERGED INTO EXISTING CLUSTER,Mapped to the relevant product/category intent; 'manufacturer' is not adopted as a Printkee business claim without evidence.
sipper bottles price,sipper bottles price,/drink-ware/sipper,/bottles,bottles,custom,MERGED INTO EXISTING CLUSTER,"A close spelling, modifier, audience or location variant shares the canonical intent of the recommended page."
sipper bottles with logo,sipper bottles with logo,/drink-ware/sipper,/bottles/logo-printed-bottles,bottles,logo,MERGED INTO EXISTING CLUSTER,"A close spelling, modifier, audience or location variant shares the canonical intent of the recommended page."
employee joining kits india,employee joining kits india,/collection/welcome-kits,/welcome-kits/corporate-welcome-kits,welcome-kits,corporate,MERGED INTO EXISTING CLUSTER,"A close spelling, modifier, audience or location variant shares the canonical intent of the recommended page."
employee joining kits online,employee joining kits online,/collection/welcome-kits,/welcome-kits/corporate-welcome-kits,welcome-kits,corporate,MERGED INTO EXISTING CLUSTER,"A close spelling, modifier, audience or location variant shares the canonical intent of the recommended page."
employee joining kits wholesale,employee joining kits wholesale,/collection/welcome-kits,/welcome-kits/corporate-welcome-kits,welcome-kits,corporate,MERGED INTO EXISTING CLUSTER,Mapped to the relevant product/category intent; 'wholesale' is not adopted as a Printkee business claim without evidence.
employee joining kits bulk order,employee joining kits bulk order,/collection/welcome-kits,/welcome-kits/corporate-welcome-kits,welcome-kits,corporate,MERGED INTO EXISTING CLUSTER,"A close spelling, modifier, audience or location variant shares the canonical intent of the recommended page."
employee joining kits supplier,employee joining kits supplier,/collection/welcome-kits,/welcome-kits/corporate-welcome-kits,welcome-kits,corporate,MERGED INTO EXISTING CLUSTER,"A close spelling, modifier, audience or location variant shares the canonical intent of the recommended page."
employee joining kits manufacturer,employee joining kits manufacturer,/collection/welcome-kits,/welcome-kits/corporate-welcome-kits,welcome-kits,corporate,MERGED INTO EXISTING CLUSTER,Mapped to the relevant product/category intent; 'manufacturer' is not adopted as a Printkee business claim without evidence.
employee joining kits price,employee joining kits price,/collection/welcome-kits,/welcome-kits/corporate-welcome-kits,welcome-kits,corporate,MERGED INTO EXISTING CLUSTER,"A close spelling, modifier, audience or location variant shares the canonical intent of the recommended page."
employee joining kits with logo,employee joining kits with logo,/collection/welcome-kits,/welcome-kits/corporate-welcome-kits,welcome-kits,corporate,MERGED INTO EXISTING CLUSTER,"A close spelling, modifier, audience or location variant shares the canonical intent of the recommended page."
employee onboarding kits india,employee onboarding kits india,/collection/welcome-kits,/welcome-kits/corporate-welcome-kits,welcome-kits,corporate,MERGED INTO EXISTING CLUSTER,"A close spelling, modifier, audience or location variant shares the canonical intent of the recommended page."
employee onboarding kits online,employee onboarding kits online,/collection/welcome-kits,/welcome-kits/corporate-welcome-kits,welcome-kits,corporate,MERGED INTO EXISTING CLUSTER,"A close spelling, modifier, audience or location variant shares the canonical intent of the recommended page."
employee onboarding kits wholesale,employee onboarding kits wholesale,/collection/welcome-kits,/welcome-kits/corporate-welcome-kits,welcome-kits,corporate,MERGED INTO EXISTING CLUSTER,Mapped to the relevant product/category intent; 'wholesale' is not adopted as a Printkee business claim without evidence.
employee onboarding kits bulk order,employee onboarding kits bulk order,/collection/welcome-kits,/welcome-kits/corporate-welcome-kits,welcome-kits,corporate,MERGED INTO EXISTING CLUSTER,"A close spelling, modifier, audience or location variant shares the canonical intent of the recommended page."
employee onboarding kits supplier,employee onboarding kits supplier,/collection/welcome-kits,/welcome-kits/corporate-welcome-kits,welcome-kits,corporate,MERGED INTO EXISTING CLUSTER,"A close spelling, modifier, audience or location variant shares the canonical intent of the recommended page."
employee onboarding kits manufacturer,employee onboarding kits manufacturer,/collection/welcome-kits,/welcome-kits/corporate-welcome-kits,welcome-kits,corporate,MERGED INTO EXISTING CLUSTER,Mapped to the relevant product/category intent; 'manufacturer' is not adopted as a Printkee business claim without evidence.
employee onboarding kits price,employee onboarding kits price,/collection/welcome-kits,/welcome-kits/corporate-welcome-kits,welcome-kits,corporate,MERGED INTO EXISTING CLUSTER,"A close spelling, modifier, audience or location variant shares the canonical intent of the recommended page."
employee onboarding kits with logo,employee onboarding kits with logo,/collection/welcome-kits,/welcome-kits/corporate-welcome-kits,welcome-kits,corporate,MERGED INTO EXISTING CLUSTER,"A close spelling, modifier, audience or location variant shares the canonical intent of the recommended page."
corporate gifting kits india,corporate gifting kits india,/,/welcome-kits/corporate-welcome-kits,welcome-kits,corporate,MERGED INTO EXISTING CLUSTER,"A close spelling, modifier, audience or location variant shares the canonical intent of the recommended page."
corporate gifting kits online,corporate gifting kits online,/,/welcome-kits/corporate-welcome-kits,welcome-kits,corporate,MERGED INTO EXISTING CLUSTER,"A close spelling, modifier, audience or location variant shares the canonical intent of the recommended page."
corporate gifting kits wholesale,corporate gifting kits wholesale,/,/welcome-kits/corporate-welcome-kits,welcome-kits,corporate,MERGED INTO EXISTING CLUSTER,Mapped to the relevant product/category intent; 'wholesale' is not adopted as a Printkee business claim without evidence.
corporate gifting kits bulk order,corporate gifting kits bulk order,/,/welcome-kits/corporate-welcome-kits,welcome-kits,corporate,MERGED INTO EXISTING CLUSTER,"A close spelling, modifier, audience or location variant shares the canonical intent of the recommended page."
corporate gifting kits supplier,corporate gifting kits supplier,/,/welcome-kits/corporate-welcome-kits,welcome-kits,corporate,MERGED INTO EXISTING CLUSTER,"A close spelling, modifier, audience or location variant shares the canonical intent of the recommended page."
corporate gifting kits manufacturer,corporate gifting kits manufacturer,/,/welcome-kits/corporate-welcome-kits,welcome-kits,corporate,MERGED INTO EXISTING CLUSTER,Mapped to the relevant product/category intent; 'manufacturer' is not adopted as a Printkee business claim without evidence.
corporate gifting kits price,corporate gifting kits price,/,/welcome-kits/corporate-welcome-kits,welcome-kits,corporate,MERGED INTO EXISTING CLUSTER,"A close spelling, modifier, audience or location variant shares the canonical intent of the recommended page."
corporate gifting kits with logo,corporate gifting kits with logo,/,/welcome-kits/corporate-welcome-kits,welcome-kits,corporate,MERGED INTO EXISTING CLUSTER,"A close spelling, modifier, audience or location variant shares the canonical intent of the recommended page."
awards and trophies india,awards and trophies india,/trophy-and-momento,/awards-trophies,awards-trophies,custom,MERGED INTO EXISTING CLUSTER,"A close spelling, modifier, audience or location variant shares the canonical intent of the recommended page."
awards and trophies online,awards and trophies online,/trophy-and-momento,/awards-trophies,awards-trophies,custom,MERGED INTO EXISTING CLUSTER,"A close spelling, modifier, audience or location variant shares the canonical intent of the recommended page."
awards and trophies wholesale,awards and trophies wholesale,/trophy-and-momento,/awards-trophies/bulk-awards-trophies,awards-trophies,bulk,MERGED INTO EXISTING CLUSTER,Mapped to the relevant product/category intent; 'wholesale' is not adopted as a Printkee business claim without evidence.
awards and trophies bulk order,awards and trophies bulk order,/trophy-and-momento,/awards-trophies/bulk-awards-trophies,awards-trophies,bulk,MERGED INTO EXISTING CLUSTER,"A close spelling, modifier, audience or location variant shares the canonical intent of the recommended page."
awards and trophies supplier,awards and trophies supplier,/trophy-and-momento,/awards-trophies,awards-trophies,custom,MERGED INTO EXISTING CLUSTER,"A close spelling, modifier, audience or location variant shares the canonical intent of the recommended page."
awards and trophies manufacturer,awards and trophies manufacturer,/trophy-and-momento,/awards-trophies,awards-trophies,custom,MERGED INTO EXISTING CLUSTER,Mapped to the relevant product/category intent; 'manufacturer' is not adopted as a Printkee business claim without evidence.
awards and trophies price,awards and trophies price,/trophy-and-momento,/awards-trophies,awards-trophies,custom,MERGED INTO EXISTING CLUSTER,"A close spelling, modifier, audience or location variant shares the canonical intent of the recommended page."
awards and trophies with logo,awards and trophies with logo,/trophy-and-momento,/awards-trophies,awards-trophies,custom,MERGED INTO EXISTING CLUSTER,"A close spelling, modifier, audience or location variant shares the canonical intent of the recommended page."
custom medals india,custom medals india,/,/awards-trophies,awards-trophies,custom,MERGED INTO EXISTING CLUSTER,"A close spelling, modifier, audience or location variant shares the canonical intent of the recommended page."
custom medals online,custom medals online,/,/awards-trophies,awards-trophies,custom,MERGED INTO EXISTING CLUSTER,"A close spelling, modifier, audience or location variant shares the canonical intent of the recommended page."
custom medals wholesale,custom medals wholesale,/,/awards-trophies/bulk-awards-trophies,awards-trophies,bulk,MERGED INTO EXISTING CLUSTER,Mapped to the relevant product/category intent; 'wholesale' is not adopted as a Printkee business claim without evidence.
custom medals bulk order,custom medals bulk order,/,/awards-trophies/bulk-awards-trophies,awards-trophies,bulk,MERGED INTO EXISTING CLUSTER,"A close spelling, modifier, audience or location variant shares the canonical intent of the recommended page."
custom medals supplier,custom medals supplier,/,/awards-trophies,awards-trophies,custom,MERGED INTO EXISTING CLUSTER,"A close spelling, modifier, audience or location variant shares the canonical intent of the recommended page."
custom medals manufacturer,custom medals manufacturer,/,/awards-trophies,awards-trophies,custom,MERGED INTO EXISTING CLUSTER,Mapped to the relevant product/category intent; 'manufacturer' is not adopted as a Printkee business claim without evidence.
custom medals price,custom medals price,/,/awards-trophies,awards-trophies,custom,MERGED INTO EXISTING CLUSTER,"A close spelling, modifier, audience or location variant shares the canonical intent of the recommended page."
custom medals with logo,custom medals with logo,/,/awards-trophies,awards-trophies,custom,MERGED INTO EXISTING CLUSTER,"A close spelling, modifier, audience or location variant shares the canonical intent of the recommended page."
custom hoodies in mumbai,custom hoodies in mumbai,/locations,/winter-wear,winter-wear,custom,DEFERRED - LOCATION VALIDATION,"City demand is recorded, but unique service evidence and locally useful content are not yet sufficient for an indexable page."
custom mugs in mumbai,custom mugs in mumbai,/locations,/mugs,mugs,custom,DEFERRED - LOCATION VALIDATION,"City demand is recorded, but unique service evidence and locally useful content are not yet sufficient for an indexable page."
custom notebooks in mumbai,custom notebooks in mumbai,/locations,/notebooks-diaries,notebooks-diaries,custom,DEFERRED - LOCATION VALIDATION,"City demand is recorded, but unique service evidence and locally useful content are not yet sufficient for an indexable page."
employee welcome kits in mumbai,employee welcome kits in mumbai,/locations,/welcome-kits/corporate-welcome-kits,welcome-kits,corporate,DEFERRED - LOCATION VALIDATION,"City demand is recorded, but unique service evidence and locally useful content are not yet sufficient for an indexable page."
corporate uniforms in mumbai,corporate uniforms in mumbai,/locations,/shirts/corporate-shirts,shirts,corporate,DEFERRED - LOCATION VALIDATION,"City demand is recorded, but unique service evidence and locally useful content are not yet sufficient for an indexable page."
custom hoodies in pune,custom hoodies in pune,/locations,/winter-wear,winter-wear,custom,DEFERRED - LOCATION VALIDATION,"City demand is recorded, but unique service evidence and locally useful content are not yet sufficient for an indexable page."
custom mugs in pune,custom mugs in pune,/locations,/mugs,mugs,custom,DEFERRED - LOCATION VALIDATION,"City demand is recorded, but unique service evidence and locally useful content are not yet sufficient for an indexable page."
custom notebooks in pune,custom notebooks in pune,/locations,/notebooks-diaries,notebooks-diaries,custom,DEFERRED - LOCATION VALIDATION,"City demand is recorded, but unique service evidence and locally useful content are not yet sufficient for an indexable page."
employee welcome kits in pune,employee welcome kits in pune,/locations,/welcome-kits/corporate-welcome-kits,welcome-kits,corporate,DEFERRED - LOCATION VALIDATION,"City demand is recorded, but unique service evidence and locally useful content are not yet sufficient for an indexable page."
corporate uniforms in pune,corporate uniforms in pune,/locations,/shirts/corporate-shirts,shirts,corporate,DEFERRED - LOCATION VALIDATION,"City demand is recorded, but unique service evidence and locally useful content are not yet sufficient for an indexable page."
custom hoodies in bangalore,custom hoodies in bengaluru,/locations,/winter-wear,winter-wear,custom,DEFERRED - LOCATION VALIDATION,"City demand is recorded, but unique service evidence and locally useful content are not yet sufficient for an indexable page."
custom mugs in bangalore,custom mugs in bengaluru,/locations,/mugs,mugs,custom,DEFERRED - LOCATION VALIDATION,"City demand is recorded, but unique service evidence and locally useful content are not yet sufficient for an indexable page."
custom notebooks in bangalore,custom notebooks in bengaluru,/locations,/notebooks-diaries,notebooks-diaries,custom,DEFERRED - LOCATION VALIDATION,"City demand is recorded, but unique service evidence and locally useful content are not yet sufficient for an indexable page."
employee welcome kits in bangalore,employee welcome kits in bengaluru,/locations,/welcome-kits/corporate-welcome-kits,welcome-kits,corporate,DEFERRED - LOCATION VALIDATION,"City demand is recorded, but unique service evidence and locally useful content are not yet sufficient for an indexable page."
corporate uniforms in bangalore,corporate uniforms in bengaluru,/locations,/shirts/corporate-shirts,shirts,corporate,DEFERRED - LOCATION VALIDATION,"City demand is recorded, but unique service evidence and locally useful content are not yet sufficient for an indexable page."
custom hoodies in bengaluru,custom hoodies in bengaluru,/locations,/winter-wear,winter-wear,custom,DEFERRED - LOCATION VALIDATION,"City demand is recorded, but unique service evidence and locally useful content are not yet sufficient for an indexable page."
custom mugs in bengaluru,custom mugs in bengaluru,/locations,/mugs,mugs,custom,DEFERRED - LOCATION VALIDATION,"City demand is recorded, but unique service evidence and locally useful content are not yet sufficient for an indexable page."
custom notebooks in bengaluru,custom notebooks in bengaluru,/locations,/notebooks-diaries,notebooks-diaries,custom,DEFERRED - LOCATION VALIDATION,"City demand is recorded, but unique service evidence and locally useful content are not yet sufficient for an indexable page."
employee welcome kits in bengaluru,employee welcome kits in bengaluru,/locations,/welcome-kits/corporate-welcome-kits,welcome-kits,corporate,DEFERRED - LOCATION VALIDATION,"City demand is recorded, but unique service evidence and locally useful content are not yet sufficient for an indexable page."
corporate uniforms in bengaluru,corporate uniforms in bengaluru,/locations,/shirts/corporate-shirts,shirts,corporate,DEFERRED - LOCATION VALIDATION,"City demand is recorded, but unique service evidence and locally useful content are not yet sufficient for an indexable page."
custom hoodies in hyderabad,custom hoodies in hyderabad,/locations,/winter-wear,winter-wear,custom,DEFERRED - LOCATION VALIDATION,"City demand is recorded, but unique service evidence and locally useful content are not yet sufficient for an indexable page."
custom mugs in hyderabad,custom mugs in hyderabad,/locations,/mugs,mugs,custom,DEFERRED - LOCATION VALIDATION,"City demand is recorded, but unique service evidence and locally useful content are not yet sufficient for an indexable page."
custom notebooks in hyderabad,custom notebooks in hyderabad,/locations,/notebooks-diaries,notebooks-diaries,custom,DEFERRED - LOCATION VALIDATION,"City demand is recorded, but unique service evidence and locally useful content are not yet sufficient for an indexable page."
employee welcome kits in hyderabad,employee welcome kits in hyderabad,/locations,/welcome-kits/corporate-welcome-kits,welcome-kits,corporate,DEFERRED - LOCATION VALIDATION,"City demand is recorded, but unique service evidence and locally useful content are not yet sufficient for an indexable page."
corporate uniforms in hyderabad,corporate uniforms in hyderabad,/locations,/shirts/corporate-shirts,shirts,corporate,DEFERRED - LOCATION VALIDATION,"City demand is recorded, but unique service evidence and locally useful content are not yet sufficient for an indexable page."
custom hoodies in chennai,custom hoodies in chennai,/locations,/winter-wear,winter-wear,custom,DEFERRED - LOCATION VALIDATION,"City demand is recorded, but unique service evidence and locally useful content are not yet sufficient for an indexable page."
custom mugs in chennai,custom mugs in chennai,/locations,/mugs,mugs,custom,DEFERRED - LOCATION VALIDATION,"City demand is recorded, but unique service evidence and locally useful content are not yet sufficient for an indexable page."
custom notebooks in chennai,custom notebooks in chennai,/locations,/notebooks-diaries,notebooks-diaries,custom,DEFERRED - LOCATION VALIDATION,"City demand is recorded, but unique service evidence and locally useful content are not yet sufficient for an indexable page."
employee welcome kits in chennai,employee welcome kits in chennai,/locations,/welcome-kits/corporate-welcome-kits,welcome-kits,corporate,DEFERRED - LOCATION VALIDATION,"City demand is recorded, but unique service evidence and locally useful content are not yet sufficient for an indexable page."
corporate uniforms in chennai,corporate uniforms in chennai,/locations,/shirts/corporate-shirts,shirts,corporate,DEFERRED - LOCATION VALIDATION,"City demand is recorded, but unique service evidence and locally useful content are not yet sufficient for an indexable page."
custom hoodies in kolkata,custom hoodies in kolkata,/locations,/winter-wear,winter-wear,custom,DEFERRED - LOCATION VALIDATION,"City demand is recorded, but unique service evidence and locally useful content are not yet sufficient for an indexable page."
custom mugs in kolkata,custom mugs in kolkata,/locations,/mugs,mugs,custom,DEFERRED - LOCATION VALIDATION,"City demand is recorded, but unique service evidence and locally useful content are not yet sufficient for an indexable page."
custom notebooks in kolkata,custom notebooks in kolkata,/locations,/notebooks-diaries,notebooks-diaries,custom,DEFERRED - LOCATION VALIDATION,"City demand is recorded, but unique service evidence and locally useful content are not yet sufficient for an indexable page."
employee welcome kits in kolkata,employee welcome kits in kolkata,/locations,/welcome-kits/corporate-welcome-kits,welcome-kits,corporate,DEFERRED - LOCATION VALIDATION,"City demand is recorded, but unique service evidence and locally useful content are not yet sufficient for an indexable page."
corporate uniforms in kolkata,corporate uniforms in kolkata,/locations,/shirts/corporate-shirts,shirts,corporate,DEFERRED - LOCATION VALIDATION,"City demand is recorded, but unique service evidence and locally useful content are not yet sufficient for an indexable page."
custom hoodies in ahmedabad,custom hoodies in ahmedabad,/locations,/winter-wear,winter-wear,custom,DEFERRED - LOCATION VALIDATION,"City demand is recorded, but unique service evidence and locally useful content are not yet sufficient for an indexable page."
custom mugs in ahmedabad,custom mugs in ahmedabad,/locations,/mugs,mugs,custom,DEFERRED - LOCATION VALIDATION,"City demand is recorded, but unique service evidence and locally useful content are not yet sufficient for an indexable page."
custom notebooks in ahmedabad,custom notebooks in ahmedabad,/locations,/notebooks-diaries,notebooks-diaries,custom,DEFERRED - LOCATION VALIDATION,"City demand is recorded, but unique service evidence and locally useful content are not yet sufficient for an indexable page."
employee welcome kits in ahmedabad,employee welcome kits in ahmedabad,/locations,/welcome-kits/corporate-welcome-kits,welcome-kits,corporate,DEFERRED - LOCATION VALIDATION,"City demand is recorded, but unique service evidence and locally useful content are not yet sufficient for an indexable page."
corporate uniforms in ahmedabad,corporate uniforms in ahmedabad,/locations,/shirts/corporate-shirts,shirts,corporate,DEFERRED - LOCATION VALIDATION,"City demand is recorded, but unique service evidence and locally useful content are not yet sufficient for an indexable page."
custom hoodies in jaipur,custom hoodies in jaipur,/locations,/winter-wear,winter-wear,custom,DEFERRED - LOCATION VALIDATION,"City demand is recorded, but unique service evidence and locally useful content are not yet sufficient for an indexable page."
custom mugs in jaipur,custom mugs in jaipur,/locations,/mugs,mugs,custom,DEFERRED - LOCATION VALIDATION,"City demand is recorded, but unique service evidence and locally useful content are not yet sufficient for an indexable page."
custom notebooks in jaipur,custom notebooks in jaipur,/locations,/notebooks-diaries,notebooks-diaries,custom,DEFERRED - LOCATION VALIDATION,"City demand is recorded, but unique service evidence and locally useful content are not yet sufficient for an indexable page."
employee welcome kits in jaipur,employee welcome kits in jaipur,/locations,/welcome-kits/corporate-welcome-kits,welcome-kits,corporate,DEFERRED - LOCATION VALIDATION,"City demand is recorded, but unique service evidence and locally useful content are not yet sufficient for an indexable page."
corporate uniforms in jaipur,corporate uniforms in jaipur,/locations,/shirts/corporate-shirts,shirts,corporate,DEFERRED - LOCATION VALIDATION,"City demand is recorded, but unique service evidence and locally useful content are not yet sufficient for an indexable page."
custom hoodies in lucknow,custom hoodies in lucknow,/locations,/winter-wear,winter-wear,custom,DEFERRED - LOCATION VALIDATION,"City demand is recorded, but unique service evidence and locally useful content are not yet sufficient for an indexable page."
custom mugs in lucknow,custom mugs in lucknow,/locations,/mugs,mugs,custom,DEFERRED - LOCATION VALIDATION,"City demand is recorded, but unique service evidence and locally useful content are not yet sufficient for an indexable page."
custom notebooks in lucknow,custom notebooks in lucknow,/locations,/notebooks-diaries,notebooks-diaries,custom,DEFERRED - LOCATION VALIDATION,"City demand is recorded, but unique service evidence and locally useful content are not yet sufficient for an indexable page."
employee welcome kits in lucknow,employee welcome kits in lucknow,/locations,/welcome-kits/corporate-welcome-kits,welcome-kits,corporate,DEFERRED - LOCATION VALIDATION,"City demand is recorded, but unique service evidence and locally useful content are not yet sufficient for an indexable page."
corporate uniforms in lucknow,corporate uniforms in lucknow,/locations,/shirts/corporate-shirts,shirts,corporate,DEFERRED - LOCATION VALIDATION,"City demand is recorded, but unique service evidence and locally useful content are not yet sufficient for an indexable page."
custom hoodies in kanpur,custom hoodies in kanpur,/locations,/winter-wear,winter-wear,custom,DEFERRED - LOCATION VALIDATION,"City demand is recorded, but unique service evidence and locally useful content are not yet sufficient for an indexable page."
custom mugs in kanpur,custom mugs in kanpur,/locations,/mugs,mugs,custom,DEFERRED - LOCATION VALIDATION,"City demand is recorded, but unique service evidence and locally useful content are not yet sufficient for an indexable page."
custom notebooks in kanpur,custom notebooks in kanpur,/locations,/notebooks-diaries,notebooks-diaries,custom,DEFERRED - LOCATION VALIDATION,"City demand is recorded, but unique service evidence and locally useful content are not yet sufficient for an indexable page."
employee welcome kits in kanpur,employee welcome kits in kanpur,/locations,/welcome-kits/corporate-welcome-kits,welcome-kits,corporate,DEFERRED - LOCATION VALIDATION,"City demand is recorded, but unique service evidence and locally useful content are not yet sufficient for an indexable page."
corporate uniforms in kanpur,corporate uniforms in kanpur,/locations,/shirts/corporate-shirts,shirts,corporate,DEFERRED - LOCATION VALIDATION,"City demand is recorded, but unique service evidence and locally useful content are not yet sufficient for an indexable page."
custom hoodies in chandigarh,custom hoodies in chandigarh,/locations,/winter-wear,winter-wear,custom,DEFERRED - LOCATION VALIDATION,"City demand is recorded, but unique service evidence and locally useful content are not yet sufficient for an indexable page."
custom mugs in chandigarh,custom mugs in chandigarh,/locations,/mugs,mugs,custom,DEFERRED - LOCATION VALIDATION,"City demand is recorded, but unique service evidence and locally useful content are not yet sufficient for an indexable page."
custom notebooks in chandigarh,custom notebooks in chandigarh,/locations,/notebooks-diaries,notebooks-diaries,custom,DEFERRED - LOCATION VALIDATION,"City demand is recorded, but unique service evidence and locally useful content are not yet sufficient for an indexable page."
employee welcome kits in chandigarh,employee welcome kits in chandigarh,/locations,/welcome-kits/corporate-welcome-kits,welcome-kits,corporate,DEFERRED - LOCATION VALIDATION,"City demand is recorded, but unique service evidence and locally useful content are not yet sufficient for an indexable page."
corporate uniforms in chandigarh,corporate uniforms in chandigarh,/locations,/shirts/corporate-shirts,shirts,corporate,DEFERRED - LOCATION VALIDATION,"City demand is recorded, but unique service evidence and locally useful content are not yet sufficient for an indexable page."
custom hoodies in surat,custom hoodies in surat,/locations,/winter-wear,winter-wear,custom,DEFERRED - LOCATION VALIDATION,"City demand is recorded, but unique service evidence and locally useful content are not yet sufficient for an indexable page."
custom mugs in surat,custom mugs in surat,/locations,/mugs,mugs,custom,DEFERRED - LOCATION VALIDATION,"City demand is recorded, but unique service evidence and locally useful content are not yet sufficient for an indexable page."
custom notebooks in surat,custom notebooks in surat,/locations,/notebooks-diaries,notebooks-diaries,custom,DEFERRED - LOCATION VALIDATION,"City demand is recorded, but unique service evidence and locally useful content are not yet sufficient for an indexable page."
employee welcome kits in surat,employee welcome kits in surat,/locations,/welcome-kits/corporate-welcome-kits,welcome-kits,corporate,DEFERRED - LOCATION VALIDATION,"City demand is recorded, but unique service evidence and locally useful content are not yet sufficient for an indexable page."
corporate uniforms in surat,corporate uniforms in surat,/locations,/shirts/corporate-shirts,shirts,corporate,DEFERRED - LOCATION VALIDATION,"City demand is recorded, but unique service evidence and locally useful content are not yet sufficient for an indexable page."
custom hoodies in indore,custom hoodies in indore,/locations,/winter-wear,winter-wear,custom,DEFERRED - LOCATION VALIDATION,"City demand is recorded, but unique service evidence and locally useful content are not yet sufficient for an indexable page."
custom mugs in indore,custom mugs in indore,/locations,/mugs,mugs,custom,DEFERRED - LOCATION VALIDATION,"City demand is recorded, but unique service evidence and locally useful content are not yet sufficient for an indexable page."
custom notebooks in indore,custom notebooks in indore,/locations,/notebooks-diaries,notebooks-diaries,custom,DEFERRED - LOCATION VALIDATION,"City demand is recorded, but unique service evidence and locally useful content are not yet sufficient for an indexable page."
employee welcome kits in indore,employee welcome kits in indore,/locations,/welcome-kits/corporate-welcome-kits,welcome-kits,corporate,DEFERRED - LOCATION VALIDATION,"City demand is recorded, but unique service evidence and locally useful content are not yet sufficient for an indexable page."
corporate uniforms in indore,corporate uniforms in indore,/locations,/shirts/corporate-shirts,shirts,corporate,DEFERRED - LOCATION VALIDATION,"City demand is recorded, but unique service evidence and locally useful content are not yet sufficient for an indexable page."
custom hoodies in kochi,custom hoodies in kochi,/locations,/winter-wear,winter-wear,custom,DEFERRED - LOCATION VALIDATION,"City demand is recorded, but unique service evidence and locally useful content are not yet sufficient for an indexable page."
custom mugs in kochi,custom mugs in kochi,/locations,/mugs,mugs,custom,DEFERRED - LOCATION VALIDATION,"City demand is recorded, but unique service evidence and locally useful content are not yet sufficient for an indexable page."
custom notebooks in kochi,custom notebooks in kochi,/locations,/notebooks-diaries,notebooks-diaries,custom,DEFERRED - LOCATION VALIDATION,"City demand is recorded, but unique service evidence and locally useful content are not yet sufficient for an indexable page."
employee welcome kits in kochi,employee welcome kits in kochi,/locations,/welcome-kits/corporate-welcome-kits,welcome-kits,corporate,DEFERRED - LOCATION VALIDATION,"City demand is recorded, but unique service evidence and locally useful content are not yet sufficient for an indexable page."
corporate uniforms in kochi,corporate uniforms in kochi,/locations,/shirts/corporate-shirts,shirts,corporate,DEFERRED - LOCATION VALIDATION,"City demand is recorded, but unique service evidence and locally useful content are not yet sufficient for an indexable page."
custom pens under 500,custom pens under 500,/office-and-writing/pen-and-writing-set,/pens,pens,custom,MERGED INTO EXISTING CLUSTER,"A close spelling, modifier, audience or location variant shares the canonical intent of the recommended page."
custom pens under 1000,custom pens under 1000,/office-and-writing/pen-and-writing-set,/pens,pens,custom,MERGED INTO EXISTING CLUSTER,"A close spelling, modifier, audience or location variant shares the canonical intent of the recommended page."
custom pens for employees,custom pens for employees,/office-and-writing/pen-and-writing-set,/pens/corporate-pens,pens,corporate,MERGED INTO EXISTING CLUSTER,"A close spelling, modifier, audience or location variant shares the canonical intent of the recommended page."
custom pens for clients,custom pens for clients,/office-and-writing/pen-and-writing-set,/pens,pens,custom,MERGED INTO EXISTING CLUSTER,"A close spelling, modifier, audience or location variant shares the canonical intent of the recommended page."
custom pens for startups,custom pens for startups,/office-and-writing/pen-and-writing-set,/pens,pens,custom,MERGED INTO EXISTING CLUSTER,"A close spelling, modifier, audience or location variant shares the canonical intent of the recommended page."
custom pens for events,custom pens for events,/office-and-writing/pen-and-writing-set,/pens/promotional-pens,pens,promotional,MERGED INTO EXISTING CLUSTER,"A close spelling, modifier, audience or location variant shares the canonical intent of the recommended page."
custom pens in bulk,custom pens in bulk,/office-and-writing/pen-and-writing-set,/pens/bulk-pens,pens,bulk,MERGED INTO EXISTING CLUSTER,"A close spelling, modifier, audience or location variant shares the canonical intent of the recommended page."
custom pens with company logo,custom pens with company logo,/office-and-writing/pen-and-writing-set,/pens/corporate-pens,pens,corporate,MERGED INTO EXISTING CLUSTER,"A close spelling, modifier, audience or location variant shares the canonical intent of the recommended page."
custom notebooks under 500,custom notebooks under 500,/office-and-writing/notebooks-and-diary-sets,/notebooks-diaries,notebooks-diaries,custom,MERGED INTO EXISTING CLUSTER,"A close spelling, modifier, audience or location variant shares the canonical intent of the recommended page."
custom notebooks under 1000,custom notebooks under 1000,/office-and-writing/notebooks-and-diary-sets,/notebooks-diaries,notebooks-diaries,custom,MERGED INTO EXISTING CLUSTER,"A close spelling, modifier, audience or location variant shares the canonical intent of the recommended page."
custom notebooks for employees,custom notebooks for employees,/office-and-writing/notebooks-and-diary-sets,/notebooks-diaries/corporate-notebooks-diaries,notebooks-diaries,corporate,MERGED INTO EXISTING CLUSTER,"A close spelling, modifier, audience or location variant shares the canonical intent of the recommended page."
custom notebooks for clients,custom notebooks for clients,/office-and-writing/notebooks-and-diary-sets,/notebooks-diaries,notebooks-diaries,custom,MERGED INTO EXISTING CLUSTER,"A close spelling, modifier, audience or location variant shares the canonical intent of the recommended page."
custom notebooks for startups,custom notebooks for startups,/office-and-writing/notebooks-and-diary-sets,/notebooks-diaries,notebooks-diaries,custom,MERGED INTO EXISTING CLUSTER,"A close spelling, modifier, audience or location variant shares the canonical intent of the recommended page."
custom notebooks for events,custom notebooks for events,/office-and-writing/notebooks-and-diary-sets,/notebooks-diaries,notebooks-diaries,custom,MERGED INTO EXISTING CLUSTER,"A close spelling, modifier, audience or location variant shares the canonical intent of the recommended page."
custom notebooks in bulk,custom notebooks in bulk,/office-and-writing/notebooks-and-diary-sets,/notebooks-diaries/bulk-notebooks-diaries,notebooks-diaries,bulk,MERGED INTO EXISTING CLUSTER,"A close spelling, modifier, audience or location variant shares the canonical intent of the recommended page."
custom notebooks with company logo,custom notebooks with company logo,/office-and-writing/notebooks-and-diary-sets,/notebooks-diaries/corporate-notebooks-diaries,notebooks-diaries,corporate,MERGED INTO EXISTING CLUSTER,"A close spelling, modifier, audience or location variant shares the canonical intent of the recommended page."
custom mugs under 500,custom mugs under 500,/drink-ware/coffee-mug,/mugs,mugs,custom,MERGED INTO EXISTING CLUSTER,"A close spelling, modifier, audience or location variant shares the canonical intent of the recommended page."
custom mugs under 1000,custom mugs under 1000,/drink-ware/coffee-mug,/mugs,mugs,custom,MERGED INTO EXISTING CLUSTER,"A close spelling, modifier, audience or location variant shares the canonical intent of the recommended page."
custom mugs for employees,custom mugs for employees,/drink-ware/coffee-mug,/mugs/corporate-mugs,mugs,corporate,MERGED INTO EXISTING CLUSTER,"A close spelling, modifier, audience or location variant shares the canonical intent of the recommended page."
custom mugs for clients,custom mugs for clients,/drink-ware/coffee-mug,/mugs,mugs,custom,MERGED INTO EXISTING CLUSTER,"A close spelling, modifier, audience or location variant shares the canonical intent of the recommended page."
custom mugs for startups,custom mugs for startups,/drink-ware/coffee-mug,/mugs,mugs,custom,MERGED INTO EXISTING CLUSTER,"A close spelling, modifier, audience or location variant shares the canonical intent of the recommended page."
custom mugs for events,custom mugs for events,/drink-ware/coffee-mug,/mugs/promotional-mugs,mugs,promotional,MERGED INTO EXISTING CLUSTER,"A close spelling, modifier, audience or location variant shares the canonical intent of the recommended page."
custom mugs in bulk,custom mugs in bulk,/drink-ware/coffee-mug,/mugs/bulk-mugs,mugs,bulk,MERGED INTO EXISTING CLUSTER,"A close spelling, modifier, audience or location variant shares the canonical intent of the recommended page."
custom mugs with company logo,custom mugs with company logo,/drink-ware/coffee-mug,/mugs/corporate-mugs,mugs,corporate,MERGED INTO EXISTING CLUSTER,"A close spelling, modifier, audience or location variant shares the canonical intent of the recommended page."
custom water bottles under 500,custom water bottles under 500,/drink-ware/sipper,/bottles,bottles,custom,MERGED INTO EXISTING CLUSTER,"A close spelling, modifier, audience or location variant shares the canonical intent of the recommended page."
custom water bottles under 1000,custom water bottles under 1000,/drink-ware/sipper,/bottles,bottles,custom,MERGED INTO EXISTING CLUSTER,"A close spelling, modifier, audience or location variant shares the canonical intent of the recommended page."
custom water bottles for employees,custom water bottles for employees,/drink-ware/sipper,/bottles/corporate-bottles,bottles,corporate,MERGED INTO EXISTING CLUSTER,"A close spelling, modifier, audience or location variant shares the canonical intent of the recommended page."
custom water bottles for clients,custom water bottles for clients,/drink-ware/sipper,/bottles,bottles,custom,MERGED INTO EXISTING CLUSTER,"A close spelling, modifier, audience or location variant shares the canonical intent of the recommended page."
custom water bottles for startups,custom water bottles for startups,/drink-ware/sipper,/bottles,bottles,custom,MERGED INTO EXISTING CLUSTER,"A close spelling, modifier, audience or location variant shares the canonical intent of the recommended page."
custom water bottles for events,custom water bottles for events,/drink-ware/sipper,/bottles/promotional-bottles,bottles,promotional,MERGED INTO EXISTING CLUSTER,"A close spelling, modifier, audience or location variant shares the canonical intent of the recommended page."
custom water bottles in bulk,custom water bottles in bulk,/drink-ware/sipper,/bottles/bulk-bottles,bottles,bulk,MERGED INTO EXISTING CLUSTER,"A close spelling, modifier, audience or location variant shares the canonical intent of the recommended page."
custom water bottles with company logo,custom water bottles with company logo,/drink-ware/sipper,/bottles/corporate-bottles,bottles,corporate,MERGED INTO EXISTING CLUSTER,"A close spelling, modifier, audience or location variant shares the canonical intent of the recommended page."
branded hoodies under 500,branded hoodies under 500,/apparel-and-accessories/winter-wear,/winter-wear/logo-printed-winter-wear,winter-wear,logo,MERGED INTO EXISTING CLUSTER,"A close spelling, modifier, audience or location variant shares the canonical intent of the recommended page."
branded hoodies under 1000,branded hoodies under 1000,/apparel-and-accessories/winter-wear,/winter-wear/logo-printed-winter-wear,winter-wear,logo,MERGED INTO EXISTING CLUSTER,"A close spelling, modifier, audience or location variant shares the canonical intent of the recommended page."
branded hoodies for employees,branded hoodies for employees,/apparel-and-accessories/winter-wear,/winter-wear/corporate-winter-wear,winter-wear,corporate,MERGED INTO EXISTING CLUSTER,"A close spelling, modifier, audience or location variant shares the canonical intent of the recommended page."
branded hoodies for clients,branded hoodies for clients,/apparel-and-accessories/winter-wear,/winter-wear/logo-printed-winter-wear,winter-wear,logo,MERGED INTO EXISTING CLUSTER,"A close spelling, modifier, audience or location variant shares the canonical intent of the recommended page."
branded hoodies for startups,branded hoodies for startups,/apparel-and-accessories/winter-wear,/winter-wear/logo-printed-winter-wear,winter-wear,logo,MERGED INTO EXISTING CLUSTER,"A close spelling, modifier, audience or location variant shares the canonical intent of the recommended page."
branded hoodies for events,branded hoodies for events,/apparel-and-accessories/winter-wear,/winter-wear/promotional-winter-wear,winter-wear,promotional,MERGED INTO EXISTING CLUSTER,"A close spelling, modifier, audience or location variant shares the canonical intent of the recommended page."
branded hoodies in bulk,branded hoodies in bulk,/apparel-and-accessories/winter-wear,/winter-wear/bulk-winter-wear,winter-wear,bulk,MERGED INTO EXISTING CLUSTER,"A close spelling, modifier, audience or location variant shares the canonical intent of the recommended page."
branded hoodies with company logo,branded hoodies with company logo,/apparel-and-accessories/winter-wear,/winter-wear/corporate-winter-wear,winter-wear,corporate,MERGED INTO EXISTING CLUSTER,"A close spelling, modifier, audience or location variant shares the canonical intent of the recommended page."
employee onboarding kit ideas,employee onboarding kit ideas,/collection/welcome-kits,/welcome-kits/corporate-welcome-kits,welcome-kits,corporate,MERGED INTO EXISTING CLUSTER,"A close spelling, modifier, audience or location variant shares the canonical intent of the recommended page."
