Query,Clicks,Impressions,CTR,Position,Cluster,Intent,Commercial Relevance,Target URL,Opportunity Tier,Opportunity Score
apron with logo,0,62,0%,10.34,Aprons,Commercial,High,https://printkee.com/apparel-and-accessories/aprons,Tier 1,180
branded merchandise india,0,56,0%,18.2,Corporate & Promotional Merchandise,Commercial,High,https://printkee.com/,Tier 1,176
customized duffle bag,0,55,0%,9.71,Duffle Bags,Commercial,High,https://printkee.com/bags-and-travel/duffle-bags,Tier 1,175
corporate merchandise,0,200,0%,30.41,Corporate & Promotional Merchandise,Commercial,High,https://printkee.com/,Tier 2,161
customised duffle bag,0,40,0%,8.5,Duffle Bags,Commercial,High,https://printkee.com/bags-and-travel/duffle-bags,Tier 1,161
customised aprons,0,37,0%,11.41,Aprons,Commercial,High,https://printkee.com/apparel-and-accessories/aprons,Tier 1,158
custom backpacks with logo,0,36,0%,12.94,Backpacks & Bags,Commercial,High,https://printkee.com/bags-and-travel/backpacks,Tier 1,157
bulk lanyard printing,0,36,0%,14.42,Lanyards & ID Cards,Commercial,High,https://printkee.com/office-and-writing/lanyard-and-id-card,Tier 1,157
printed aprons,0,171,0%,30.33,Aprons,Commercial,High,https://printkee.com/apparel-and-accessories/aprons,Tier 2,156
custom file folders,1,57,1.75%,10.39,Files & Folders,Commercial,High,https://printkee.com/office-and-writing/file-and-folder,Tier 1,145
apron with logo printed,0,27,0%,10.33,Aprons,Commercial,High,https://printkee.com/apparel-and-accessories/aprons,Tier 1,145
duffle bag printed,0,26,0%,9.77,Duffle Bags,Commercial,High,https://printkee.com/bags-and-travel/duffle-bags,Tier 1,143
custom aprons with logo,0,103,0%,26.81,Aprons,Commercial,High,https://printkee.com/apparel-and-accessories/aprons,Tier 2,141
custom winter jackets,1,53,1.89%,13.36,Winter Wear,Commercial,High,https://printkee.com/apparel-and-accessories/winter-wear,Tier 1,140
branded aprons,0,92,0%,20.38,Aprons,Commercial,High,https://printkee.com/apparel-and-accessories/aprons,Tier 2,138
custom aprons,0,92,0%,23.33,Aprons,Commercial,High,https://printkee.com/apparel-and-accessories/aprons,Tier 2,138
customize duffle bag,0,23,0%,8.65,Duffle Bags,Commercial,High,https://printkee.com/bags-and-travel/duffle-bags,Tier 1,138
custom wireless charger,0,22,0%,8.95,Wireless Charging,Commercial,High,https://printkee.com/technology-accessories/wireless-charging,Tier 1,136
branded apron,0,22,0%,10.82,Aprons,Commercial,High,https://printkee.com/apparel-and-accessories/aprons,Tier 1,136
durable cork coasters for corporate gifting,0,21,0%,10.05,Sustainable Gifts,Commercial,High,https://printkee.com/eco-products,Tier 1,134
portronics corporate gifting,0,21,0%,10.57,Brand corporate gifting,Commercial,High,https://printkee.com/brands/portronics,Tier 1,134
custom duffle bags,0,21,0%,15.9,Duffle Bags,Commercial,High,https://printkee.com/bags-and-travel/duffle-bags,Tier 1,134
duffle bag custom,0,19,0%,12.47,Duffle Bags,Commercial,High,https://printkee.com/bags-and-travel/duffle-bags,Tier 1,130
custom ties,0,19,0%,14.37,Ties,Commercial,High,https://printkee.com/apparel-and-accessories/ties,Tier 1,130
customised aprons india,0,19,0%,18.95,Aprons,Commercial,High,https://printkee.com/apparel-and-accessories/aprons,Tier 1,130
portronics bulk order,0,18,0%,11,Brand corporate gifting,Commercial,High,https://printkee.com/brands/portronics,Tier 1,128
customized wireless charger,0,17,0%,8.41,Wireless Charging,Commercial,High,https://printkee.com/technology-accessories/wireless-charging,Tier 1,126
event merchandise india,0,17,0%,8.41,Event Merchandise,Commercial,High,https://printkee.com/collection,Tier 1,126
personalised wireless charger,0,17,0%,9.47,Wireless Charging,Commercial,High,https://printkee.com/technology-accessories/wireless-charging,Tier 1,126
custom cork coasters,0,17,0%,12.29,Sustainable Gifts,Commercial,High,https://printkee.com/eco-products,Tier 1,126
id card lanyard printing,0,17,0%,19.12,Lanyards & ID Cards,Commercial,High,https://printkee.com/office-and-writing/lanyard-and-id-card,Tier 1,126
personalised apron,0,56,0%,33.89,Aprons,Commercial,High,https://printkee.com/apparel-and-accessories/aprons,Tier 2,123
custom printed file folders india,0,16,0%,13.44,Files & Folders,Commercial,High,https://printkee.com/office-and-writing/file-and-folder,Tier 1,123
duffle bag manufacturers in delhi,0,15,0%,8.27,Duffle Bags,Local commercial,High,https://printkee.com/bags-and-travel/duffle-bags,Tier 1,120
lanyard printing,0,47,0%,38,Lanyards & ID Cards,Commercial,High,https://printkee.com/office-and-writing/lanyard-and-id-card,Tier 2,118
cork laptop bag,0,14,0%,10.5,Backpacks & Bags,Commercial,High,https://printkee.com/bags-and-travel/backpacks,Tier 1,118
custom backpack india,0,14,0%,16.43,Backpacks & Bags,Commercial,High,https://printkee.com/bags-and-travel/backpacks,Tier 1,118
employee onboarding kit supplier india,0,43,0%,33,Employee Welcome Kits,Commercial,High,https://printkee.com/collection/welcome-kits,Tier 2,115
aprons with logo,0,13,0%,12.69,Aprons,Commercial,High,https://printkee.com/apparel-and-accessories/aprons,Tier 1,115
printed power bank,0,12,0%,10.42,Power Banks,Commercial,High,https://printkee.com/technology-accessories/power-banks,Tier 1,111
custom backpacks,0,35,0%,26.57,Backpacks & Bags,Commercial,High,https://printkee.com/bags-and-travel/backpacks,Tier 2,109
customised file,0,11,0%,8.18,Files & Folders,Commercial,High,https://printkee.com/office-and-writing/file-and-folder,Tier 1,108
customised tie,0,11,0%,9.73,Ties,Commercial,High,https://printkee.com/apparel-and-accessories/ties,Tier 1,108
printed cork coasters,0,11,0%,10.18,Sustainable Gifts,Commercial,High,https://printkee.com/eco-products,Tier 1,108
personalized welcome kits,0,31,0%,34.61,Employee Welcome Kits,Commercial,High,https://printkee.com/collection/welcome-kits,Tier 2,105
boat corporate gifting,1,32,3.12%,10.06,Brand corporate gifting,Commercial,High,https://printkee.com/brands/boat,Tier 1,104
customize file,0,10,0%,9.1,Files & Folders,Commercial,High,https://printkee.com/office-and-writing/file-and-folder,Tier 1,104
personalized wireless charger,0,10,0%,9.9,Wireless Charging,Commercial,High,https://printkee.com/technology-accessories/wireless-charging,Tier 1,104
custom file folder,0,10,0%,11.4,Files & Folders,Commercial,High,https://printkee.com/office-and-writing/file-and-folder,Tier 1,104
custom printed backpack,0,10,0%,14.4,Backpacks & Bags,Commercial,High,https://printkee.com/bags-and-travel/backpacks,Tier 1,104
custom aprons near me,0,10,0%,14.7,Aprons,Local commercial,High,https://printkee.com/apparel-and-accessories/aprons,Tier 1,104
customised files,1,31,3.23%,9.9,Files & Folders,Commercial,High,https://printkee.com/office-and-writing/file-and-folder,Tier 1,102
custom corporate merchandise,0,27,0%,29.37,Corporate & Promotional Merchandise,Commercial,High,https://printkee.com/,Tier 2,101
apron logo printing,0,9,0%,10.78,Aprons,Commercial,High,https://printkee.com/apparel-and-accessories/aprons,Tier 1,100
duffle bag with company logo,0,8,0%,8.12,Duffle Bags,Commercial,High,https://printkee.com/bags-and-travel/duffle-bags,Tier 1,95
personalized duffle bags,0,8,0%,16.75,Duffle Bags,Commercial,High,https://printkee.com/bags-and-travel/duffle-bags,Tier 1,95
printed cork sheets,1,27,3.7%,8.7,Sustainable Gifts,Commercial,High,https://printkee.com/eco-products,Tier 1,91
customised file folder with name,0,7,0%,8,Files & Folders,Commercial,High,https://printkee.com/office-and-writing/file-and-folder,Tier 1,90
custom tie with logo,0,7,0%,8.86,Ties,Commercial,High,https://printkee.com/apparel-and-accessories/ties,Tier 1,90
branded aprons with logo,0,7,0%,9.57,Aprons,Commercial,High,https://printkee.com/apparel-and-accessories/aprons,Tier 1,90
custom lanyard printing,0,7,0%,14.71,Lanyards & ID Cards,Commercial,High,https://printkee.com/office-and-writing/lanyard-and-id-card,Tier 1,90
personalised corporate merchandise,0,17,0%,35,Corporate & Promotional Merchandise,Commercial,High,https://printkee.com/,Tier 2,88
apron printing,2,42,4.76%,10.79,Aprons,Commercial,High,https://printkee.com/apparel-and-accessories/aprons,Tier 1,86
corporate ties,0,16,0%,30.19,Ties,Commercial,High,https://printkee.com/apparel-and-accessories/ties,Tier 2,86
promotional duffel bag,0,6,0%,9.67,Duffle Bags,Commercial,High,https://printkee.com/bags-and-travel/duffle-bags,Tier 1,85
backpack with logo print,0,6,0%,10.33,Backpacks & Bags,Commercial,High,https://printkee.com/bags-and-travel/backpacks,Tier 1,85
customize file folders,0,6,0%,10.67,Files & Folders,Commercial,High,https://printkee.com/office-and-writing/file-and-folder,Tier 1,85
customized file folder,0,6,0%,11,Files & Folders,Commercial,High,https://printkee.com/office-and-writing/file-and-folder,Tier 1,85
printed lanyard cards,0,6,0%,11.33,Lanyards & ID Cards,Commercial,High,https://printkee.com/office-and-writing/lanyard-and-id-card,Tier 1,85
customized tie,0,6,0%,13.17,Ties,Commercial,High,https://printkee.com/apparel-and-accessories/ties,Tier 1,85
corporate backpacks in bulk,0,6,0%,14.67,Backpacks & Bags,Commercial,High,https://printkee.com/bags-and-travel/backpacks,Tier 1,85
customised winter wear,0,64,0%,5.86,Winter Wear,Commercial,High,https://printkee.com/apparel-and-accessories/winter-wear,Tier 3,82
custom tote bags manufacturer,0,14,0%,34.14,Tote Bags,Commercial,High,https://printkee.com/bags-and-travel/tote-bags,Tier 2,82
custom lanyard id card printing,0,14,0%,35.29,Lanyards & ID Cards,Commercial,High,https://printkee.com/office-and-writing/lanyard-and-id-card,Tier 2,82
custom logo printed wireless chargers,0,13,0%,21.54,Wireless Charging,Commercial,High,https://printkee.com/technology-accessories/wireless-charging,Tier 2,80
personalized aprons,0,13,0%,30.92,Aprons,Commercial,High,https://printkee.com/apparel-and-accessories/aprons,Tier 2,80
branded welcome kits,0,13,0%,33,Employee Welcome Kits,Commercial,High,https://printkee.com/collection/welcome-kits,Tier 2,80
high quality corporate merchandise,0,12,0%,29.17,Corporate & Promotional Merchandise,Commercial,High,https://printkee.com/,Tier 2,78
custom file folders with logo,0,5,0%,8.6,Files & Folders,Commercial,High,https://printkee.com/office-and-writing/file-and-folder,Tier 1,78
duffle bag custom logo,0,5,0%,8.6,Duffle Bags,Commercial,High,https://printkee.com/bags-and-travel/duffle-bags,Tier 1,78
duffle bag with logo,0,5,0%,8.6,Duffle Bags,Commercial,High,https://printkee.com/bags-and-travel/duffle-bags,Tier 1,78
promotional duffle bags,0,5,0%,9,Duffle Bags,Commercial,High,https://printkee.com/bags-and-travel/duffle-bags,Tier 1,78
custom tie printing,0,5,0%,9.6,Ties,Commercial,High,https://printkee.com/apparel-and-accessories/ties,Tier 1,78
logo duffle bag,0,5,0%,9.6,Duffle Bags,Commercial,High,https://printkee.com/bags-and-travel/duffle-bags,Tier 1,78
apron printing near me,0,5,0%,9.8,Aprons,Local commercial,High,https://printkee.com/apparel-and-accessories/aprons,Tier 1,78
customizable duffle bag,0,5,0%,11,Duffle Bags,Commercial,High,https://printkee.com/bags-and-travel/duffle-bags,Tier 1,78
custom embroidered ties,0,5,0%,17.6,Ties,Commercial,High,https://printkee.com/apparel-and-accessories/ties,Tier 1,78
promotional backpacks for corporate,0,5,0%,17.6,Backpacks & Bags,Commercial,High,https://printkee.com/bags-and-travel/backpacks,Tier 1,78
print custom employee welcome kits branded materials pricing,0,36,0%,4.19,Employee Welcome Kits,Commercial,High,https://printkee.com/collection/welcome-kits,Tier 3,71
cork coaster printing,0,4,0%,8,Sustainable Gifts,Commercial,High,https://printkee.com/eco-products,Monitor,70
cork lamps,0,4,0%,8.75,Sustainable Gifts,Commercial,High,https://printkee.com/eco-products,Monitor,70
printed power banks,0,4,0%,8.75,Power Banks,Commercial,High,https://printkee.com/technology-accessories/power-banks,Monitor,70
logo aprons,0,4,0%,9.25,Aprons,Commercial,High,https://printkee.com/apparel-and-accessories/aprons,Monitor,70
customizable file folders,0,4,0%,9.5,Files & Folders,Commercial,High,https://printkee.com/office-and-writing/file-and-folder,Monitor,70
logo printed aprons,0,4,0%,9.75,Aprons,Commercial,High,https://printkee.com/apparel-and-accessories/aprons,Monitor,70
apron printed with logo,0,4,0%,10.5,Aprons,Commercial,High,https://printkee.com/apparel-and-accessories/aprons,Monitor,70
aprons with logo printed,0,4,0%,10.75,Aprons,Commercial,High,https://printkee.com/apparel-and-accessories/aprons,Monitor,70
custom duffel bags,0,4,0%,11,Duffle Bags,Commercial,High,https://printkee.com/bags-and-travel/duffle-bags,Monitor,70
customized ties,0,4,0%,12.25,Ties,Commercial,High,https://printkee.com/apparel-and-accessories/ties,Monitor,70
embroidered duffle bags,0,4,0%,12.75,Duffle Bags,Commercial,High,https://printkee.com/bags-and-travel/duffle-bags,Monitor,70
custom cork yoga mat,0,4,0%,13.25,Sustainable Gifts,Commercial,High,https://printkee.com/eco-products,Monitor,70
tote bag quick delivery,0,4,0%,13.25,Tote Bags,Commercial,High,https://printkee.com/bags-and-travel/tote-bags,Monitor,70
cork wallets india,0,4,0%,14,Sustainable Gifts,Commercial,High,https://printkee.com/eco-products,Monitor,70
backpack printing,0,4,0%,14.5,Backpacks & Bags,Commercial,High,https://printkee.com/bags-and-travel/backpacks,Monitor,70
custom welcome kit,0,4,0%,14.5,Employee Welcome Kits,Commercial,High,https://printkee.com/collection/welcome-kits,Monitor,70
custom duffle bag,0,32,0%,7.94,Duffle Bags,Commercial,High,https://printkee.com/bags-and-travel/duffle-bags,Tier 3,68
custom made aprons,0,8,0%,27.88,Aprons,Commercial,High,https://printkee.com/apparel-and-accessories/aprons,Monitor,67
apron custom made,0,8,0%,28.25,Aprons,Commercial,High,https://printkee.com/apparel-and-accessories/aprons,Monitor,67
lanyard printing near me,0,8,0%,33.62,Lanyards & ID Cards,Local commercial,High,https://printkee.com/office-and-writing/lanyard-and-id-card,Monitor,67
travel tote bags manufacturers in india,0,8,0%,34.12,Tote Bags,Commercial,High,https://printkee.com/bags-and-travel/tote-bags,Monitor,67
promotional clock,0,46,0%,26.87,Other commercial products,Commercial,Medium,,Tier 2,64
custom printed ties india,0,25,0%,7.8,Ties,Commercial,High,https://printkee.com/apparel-and-accessories/ties,Tier 3,64
corporate branded merchandise,0,7,0%,30.29,Corporate & Promotional Merchandise,Commercial,High,https://printkee.com/,Monitor,63
custom files,1,47,2.13%,6.79,Files & Folders,Commercial,High,https://printkee.com/office-and-writing/file-and-folder,Tier 3,60
custom winter jacket,0,3,0%,8,Winter Wear,Commercial,High,https://printkee.com/apparel-and-accessories/winter-wear,Monitor,60
promotional duffle bag,0,3,0%,8,Duffle Bags,Commercial,High,https://printkee.com/bags-and-travel/duffle-bags,Monitor,60
premium welcome kit,0,3,0%,8.33,Employee Welcome Kits,Commercial,High,https://printkee.com/collection/welcome-kits,Monitor,60
apron bulk order,0,3,0%,8.67,Aprons,Commercial,High,https://printkee.com/apparel-and-accessories/aprons,Monitor,60
custom cork coaster,0,3,0%,8.67,Sustainable Gifts,Commercial,High,https://printkee.com/eco-products,Monitor,60
printed cork,0,3,0%,8.67,Sustainable Gifts,Commercial,High,https://printkee.com/eco-products,Monitor,60
logo wireless charger,0,3,0%,9,Wireless Charging,Commercial,High,https://printkee.com/technology-accessories/wireless-charging,Monitor,60
personalized duffle bag,0,3,0%,9.33,Duffle Bags,Commercial,High,https://printkee.com/bags-and-travel/duffle-bags,Monitor,60
wireless charger customized,0,3,0%,9.67,Wireless Charging,Commercial,High,https://printkee.com/technology-accessories/wireless-charging,Monitor,60
custom files and folders,0,3,0%,10,Files & Folders,Commercial,High,https://printkee.com/office-and-writing/file-and-folder,Monitor,60
branded lanyard,0,3,0%,10.33,Lanyards & ID Cards,Commercial,High,https://printkee.com/office-and-writing/lanyard-and-id-card,Monitor,60
cork bags india,0,3,0%,10.33,Sustainable Gifts,Commercial,High,https://printkee.com/eco-products,Monitor,60
tote bags fast delivery,0,3,0%,10.33,Tote Bags,Commercial,High,https://printkee.com/bags-and-travel/tote-bags,Monitor,60
business apron,0,3,0%,10.67,Aprons,Commercial,High,https://printkee.com/apparel-and-accessories/aprons,Monitor,60
duffle bag manufacturer,0,3,0%,13.33,Duffle Bags,Commercial,High,https://printkee.com/bags-and-travel/duffle-bags,Monitor,60
custom printed duffle bags,0,3,0%,14,Duffle Bags,Commercial,High,https://printkee.com/bags-and-travel/duffle-bags,Monitor,60
custom printed backpacks,0,3,0%,14.33,Backpacks & Bags,Commercial,High,https://printkee.com/bags-and-travel/backpacks,Monitor,60
bespoke artwork on duffle bags in delhi,0,20,0%,5.8,Duffle Bags,Local commercial,High,https://printkee.com/bags-and-travel/duffle-bags,Tier 3,59
custom corporate shirt,0,6,0%,22,Custom Apparel,Commercial,High,https://printkee.com/apparel-and-accessories,Monitor,59
lanyard printing services in delhi,0,6,0%,27,Lanyards & ID Cards,Local commercial,High,https://printkee.com/office-and-writing/lanyard-and-id-card,Monitor,59
promotional tote bags supplier,0,6,0%,27.67,Tote Bags,Commercial,High,https://printkee.com/bags-and-travel/tote-bags,Monitor,59
tote bag manufacturers,0,6,0%,33.67,Tote Bags,Commercial,High,https://printkee.com/bags-and-travel/tote-bags,Monitor,59
custom file,0,6,0%,33.83,Files & Folders,Commercial,High,https://printkee.com/office-and-writing/file-and-folder,Monitor,59
customized apron,0,6,0%,35,Aprons,Commercial,High,https://printkee.com/apparel-and-accessories/aprons,Monitor,59
branded merchandise for employees,0,6,0%,39,Corporate & Promotional Merchandise,Commercial,High,https://printkee.com/,Monitor,59
printed cotton bags suppliers in delhi,0,10,0%,9.5,Other commercial products,Commercial,Medium,,Tier 1,57
custom kitchen apron,0,5,0%,24.4,Aprons,Commercial,High,https://printkee.com/apparel-and-accessories/aprons,Monitor,54
company branded merchandise,0,5,0%,26.8,Corporate & Promotional Merchandise,Commercial,High,https://printkee.com/,Monitor,54
tie printing,0,5,0%,27.4,Ties,Commercial,High,https://printkee.com/apparel-and-accessories/ties,Monitor,54
id card and lanyard printing near me,0,5,0%,27.8,Lanyards & ID Cards,Local commercial,High,https://printkee.com/office-and-writing/lanyard-and-id-card,Monitor,54
canvas tote bags delhi,0,5,0%,30.4,Tote Bags,Local commercial,High,https://printkee.com/bags-and-travel/tote-bags,Monitor,54
eco friendly welcome kit,0,5,0%,35.4,Employee Welcome Kits,Commercial,High,https://printkee.com/collection/welcome-kits,Monitor,54
id cards lanyards suppliers,0,5,0%,35.6,Lanyards & ID Cards,Commercial,High,https://printkee.com/office-and-writing/lanyard-and-id-card,Monitor,54
customised backpack,0,5,0%,37.4,Backpacks & Bags,Commercial,High,https://printkee.com/bags-and-travel/backpacks,Monitor,54
coffee mugs near me,0,7,0%,9.29,Other commercial products,Commercial,Medium,,Tier 1,50
promotional backpacks,0,4,0%,21.25,Backpacks & Bags,Commercial,High,https://printkee.com/bags-and-travel/backpacks,Monitor,49
custom mens aprons,0,4,0%,26.5,Aprons,Commercial,High,https://printkee.com/apparel-and-accessories/aprons,Monitor,49
backpack print on demand,0,4,0%,27.5,Backpacks & Bags,Commercial,High,https://printkee.com/bags-and-travel/backpacks,Monitor,49
custom tote bags wholesale,0,4,0%,27.5,Tote Bags,Commercial,High,https://printkee.com/bags-and-travel/tote-bags,Monitor,49
print on demand backpacks,0,4,0%,29.5,Backpacks & Bags,Commercial,High,https://printkee.com/bags-and-travel/backpacks,Monitor,49
custom apron,0,4,0%,32,Aprons,Commercial,High,https://printkee.com/apparel-and-accessories/aprons,Monitor,49
customised id card,0,4,0%,35.5,Lanyards & ID Cards,Commercial,High,https://printkee.com/office-and-writing/lanyard-and-id-card,Monitor,49
print on demand aprons,0,4,0%,36.25,Aprons,Commercial,High,https://printkee.com/apparel-and-accessories/aprons,Monitor,49
bulk lanyards,0,2,0%,8,Lanyards & ID Cards,Commercial,High,https://printkee.com/office-and-writing/lanyard-and-id-card,Monitor,48
large cork coasters,0,2,0%,8,Sustainable Gifts,Commercial,High,https://printkee.com/eco-products,Monitor,48
custom travel backpack,0,2,0%,8.5,Backpacks & Bags,Commercial,High,https://printkee.com/bags-and-travel/backpacks,Monitor,48
customizable cork coasters,0,2,0%,8.5,Sustainable Gifts,Commercial,High,https://printkee.com/eco-products,Monitor,48
customizable wireless charger,0,2,0%,8.5,Wireless Charging,Commercial,High,https://printkee.com/technology-accessories/wireless-charging,Monitor,48
logo printed backpacks,0,2,0%,8.5,Backpacks & Bags,Commercial,High,https://printkee.com/bags-and-travel/backpacks,Monitor,48
apron customized near me,0,2,0%,9,Aprons,Local commercial,High,https://printkee.com/apparel-and-accessories/aprons,Monitor,48
cork coasters wholesale,0,2,0%,9,Sustainable Gifts,Commercial,High,https://printkee.com/eco-products,Monitor,48
customized folders with logo,0,2,0%,9,Files & Folders,Commercial,High,https://printkee.com/office-and-writing/file-and-folder,Monitor,48
order apron with logo,0,2,0%,9,Aprons,Commercial,High,https://printkee.com/apparel-and-accessories/aprons,Monitor,48
apron customization,0,2,0%,9.5,Aprons,Commercial,High,https://printkee.com/apparel-and-accessories/aprons,Monitor,48
branded file folders,0,2,0%,9.5,Files & Folders,Commercial,High,https://printkee.com/office-and-writing/file-and-folder,Monitor,48
engraved duffle bag,0,2,0%,9.5,Duffle Bags,Commercial,High,https://printkee.com/bags-and-travel/duffle-bags,Monitor,48
lanyard and id card printing,0,2,0%,9.5,Lanyards & ID Cards,Commercial,High,https://printkee.com/office-and-writing/lanyard-and-id-card,Monitor,48
wireless charging pad with logo,0,2,0%,9.5,Wireless Charging,Commercial,High,https://printkee.com/technology-accessories/wireless-charging,Monitor,48
custom backpack,0,2,0%,10,Backpacks & Bags,Commercial,High,https://printkee.com/bags-and-travel/backpacks,Monitor,48
promotional aprons,0,2,0%,10,Aprons,Commercial,High,https://printkee.com/apparel-and-accessories/aprons,Monitor,48
custom embroidered duffle bags,0,2,0%,10.5,Duffle Bags,Commercial,High,https://printkee.com/bags-and-travel/duffle-bags,Monitor,48
custom printed files,0,2,0%,10.5,Files & Folders,Commercial,High,https://printkee.com/office-and-writing/file-and-folder,Monitor,48
duffle bag personalized,0,2,0%,10.5,Duffle Bags,Commercial,High,https://printkee.com/bags-and-travel/duffle-bags,Monitor,48
printed duffle bag,0,2,0%,10.5,Duffle Bags,Commercial,High,https://printkee.com/bags-and-travel/duffle-bags,Monitor,48
aprons customized with logo,0,2,0%,11,Aprons,Commercial,High,https://printkee.com/apparel-and-accessories/aprons,Monitor,48
custom made ties,0,2,0%,11,Ties,Commercial,High,https://printkee.com/apparel-and-accessories/ties,Monitor,48
duffle bag manufacturers,0,2,0%,12,Duffle Bags,Commercial,High,https://printkee.com/bags-and-travel/duffle-bags,Monitor,48
polo shirts embroidery near me,0,2,0%,12.5,Custom Apparel,Local commercial,High,https://printkee.com/apparel-and-accessories,Monitor,48
custom ties with logo,0,2,0%,13,Ties,Commercial,High,https://printkee.com/apparel-and-accessories/ties,Monitor,48
printed duffle bags,0,2,0%,13,Duffle Bags,Commercial,High,https://printkee.com/bags-and-travel/duffle-bags,Monitor,48
tote bag manufacturers delhi,0,2,0%,13,Tote Bags,Local commercial,High,https://printkee.com/bags-and-travel/tote-bags,Monitor,48
sublimated duffle bags suppliers,0,2,0%,13.5,Duffle Bags,Commercial,High,https://printkee.com/bags-and-travel/duffle-bags,Monitor,48
lanyard printing in delhi,0,2,0%,14,Lanyards & ID Cards,Local commercial,High,https://printkee.com/office-and-writing/lanyard-and-id-card,Monitor,48
custom wireless charger manufacturer,0,2,0%,15,Wireless Charging,Commercial,High,https://printkee.com/technology-accessories/wireless-charging,Monitor,48
print logo on apron,0,2,0%,16,Aprons,Commercial,High,https://printkee.com/apparel-and-accessories/aprons,Monitor,48
ties with logos,0,2,0%,17,Ties,Commercial,High,https://printkee.com/apparel-and-accessories/ties,Monitor,48
personalized file folders,0,2,0%,19,Files & Folders,Commercial,High,https://printkee.com/office-and-writing/file-and-folder,Monitor,48
customize apron,0,2,0%,19.5,Aprons,Commercial,High,https://printkee.com/apparel-and-accessories/aprons,Monitor,48
travel tote bag manufacturers,0,2,0%,19.5,Tote Bags,Commercial,High,https://printkee.com/bags-and-travel/tote-bags,Monitor,48
cork printing,0,10,0%,7.1,Sustainable Gifts,Commercial,High,https://printkee.com/eco-products,Tier 3,47
corporate logo mugs,0,14,0%,37.93,Other commercial products,Commercial,Medium,,Tier 2,45
promotional kits supplier in india,0,13,0%,34.54,Other commercial products,Commercial,Medium,,Tier 2,44
promotional kits exporter in india,0,12,0%,30.83,Other commercial products,Commercial,Medium,,Tier 2,43
cork desk accessories,0,8,0%,7.38,Sustainable Gifts,Commercial,High,https://printkee.com/eco-products,Monitor,43
custom coffee,0,5,0%,18.8,Other commercial products,Commercial,Medium,,Tier 1,43
promotional kits manufacturer in india,0,11,0%,30.27,Other commercial products,Commercial,Medium,,Tier 2,42
customized file folders,0,3,0%,21.67,Files & Folders,Commercial,High,https://printkee.com/office-and-writing/file-and-folder,Monitor,42
tote bag manufacturers in delhi,0,3,0%,27.33,Tote Bags,Local commercial,High,https://printkee.com/bags-and-travel/tote-bags,Monitor,42
lanyards for id cards,0,3,0%,30.67,Lanyards & ID Cards,Commercial,High,https://printkee.com/office-and-writing/lanyard-and-id-card,Monitor,42
apron customized,0,3,0%,31.67,Aprons,Commercial,High,https://printkee.com/apparel-and-accessories/aprons,Monitor,42
customised apron for men,0,3,0%,35.33,Aprons,Commercial,High,https://printkee.com/apparel-and-accessories/aprons,Monitor,42
id card lanyard supplier,0,3,0%,38.33,Lanyards & ID Cards,Commercial,High,https://printkee.com/office-and-writing/lanyard-and-id-card,Monitor,42
custom id card holder,0,3,0%,39.67,Lanyards & ID Cards,Commercial,High,https://printkee.com/office-and-writing/lanyard-and-id-card,Monitor,42
company logo mouse pad,0,10,0%,34.8,Other commercial products,Commercial,Medium,,Tier 2,40
custom folders,0,89,0%,47.4,Files & Folders,Commercial,High,https://printkee.com/office-and-writing/file-and-folder,Monitor,39
custom keychains india,0,4,0%,8.25,Other commercial products,Commercial,Medium,,Monitor,38
customized files for office,4,72,5.56%,6.78,Files & Folders,Commercial,High,https://printkee.com/office-and-writing/file-and-folder,Monitor,37
promotional pen sets,0,8,0%,25.75,Other commercial products,Commercial,Medium,,Monitor,37
custom drinkware,0,8,0%,34.88,Other commercial products,Commercial,Medium,,Monitor,37
duffle bag customized,2,26,7.69%,9.46,Duffle Bags,Commercial,High,https://printkee.com/bags-and-travel/duffle-bags,Tier 1,36
custom corporate awards,0,7,0%,31.43,Other commercial products,Commercial,Medium,,Monitor,35
corporate pen printing,0,7,0%,31.86,Other commercial products,Commercial,Medium,,Monitor,35
pens with logo,0,7,0%,32.14,Other commercial products,Commercial,Medium,,Monitor,35
personalized corporate awards,0,7,0%,33.57,Other commercial products,Commercial,Medium,,Monitor,35
cork yoga mat,0,45,0%,58.49,Sustainable Gifts,Commercial,High,https://printkee.com/eco-products,Monitor,33
promotional clocks,0,6,0%,34.5,Other commercial products,Commercial,Medium,,Monitor,33
thank you mugs bulk,0,6,0%,36.33,Other commercial products,Commercial,Medium,,Monitor,33
corporate pens with logo,0,6,0%,39.83,Other commercial products,Commercial,Medium,,Monitor,33
custom event products,0,6,0%,39.83,Other commercial products,Commercial,Medium,,Monitor,33
custom gel pen,0,3,0%,8.67,Other commercial products,Commercial,Medium,,Monitor,33
in india,0,3,0%,9.33,Other commercial products,Commercial,Medium,,Monitor,33
custom winter clothes,0,3,0%,9.67,Other commercial products,Commercial,Medium,,Monitor,33
promotional drinkware,0,3,0%,9.67,Other commercial products,Commercial,Medium,,Monitor,33
branded drinkware,0,3,0%,12.33,Other commercial products,Commercial,Medium,,Monitor,33
mouse pad manufacturers in delhi,0,3,0%,13.33,Other commercial products,Commercial,Medium,,Monitor,33
customised ties,0,2,0%,20.5,Ties,Commercial,High,https://printkee.com/apparel-and-accessories/ties,Monitor,33
tie with logo,0,2,0%,21,Ties,Commercial,High,https://printkee.com/apparel-and-accessories/ties,Monitor,33
custom logo backpacks,0,2,0%,21.5,Backpacks & Bags,Commercial,High,https://printkee.com/bags-and-travel/backpacks,Monitor,33
wireless charger with logo,0,2,0%,22.5,Wireless Charging,Commercial,High,https://printkee.com/technology-accessories/wireless-charging,Monitor,33
corporate merchandise store,0,2,0%,25,Corporate & Promotional Merchandise,Commercial,High,https://printkee.com/,Monitor,33
apron customised,0,2,0%,25.5,Aprons,Commercial,High,https://printkee.com/apparel-and-accessories/aprons,Monitor,33
cork coasters,0,2,0%,26,Sustainable Gifts,Commercial,High,https://printkee.com/eco-products,Monitor,33
custom baseball duffle bags,0,2,0%,26,Duffle Bags,Commercial,High,https://printkee.com/bags-and-travel/duffle-bags,Monitor,33
id card less printing,0,2,0%,26,Lanyards & ID Cards,Commercial,High,https://printkee.com/office-and-writing/lanyard-and-id-card,Monitor,33
lanyards bulk,0,2,0%,26.5,Lanyards & ID Cards,Commercial,High,https://printkee.com/office-and-writing/lanyard-and-id-card,Monitor,33
bulk custom lanyards,0,2,0%,27,Lanyards & ID Cards,Commercial,High,https://printkee.com/office-and-writing/lanyard-and-id-card,Monitor,33
branded merchandise company,0,2,0%,27.5,Corporate & Promotional Merchandise,Commercial,High,https://printkee.com/,Monitor,33
chef aprons with logo,0,2,0%,30,Aprons,Commercial,High,https://printkee.com/apparel-and-accessories/aprons,Monitor,33
customize id card holder,0,2,0%,31.5,Lanyards & ID Cards,Commercial,High,https://printkee.com/office-and-writing/lanyard-and-id-card,Monitor,33
cork planters,0,2,0%,32.5,Sustainable Gifts,Commercial,High,https://printkee.com/eco-products,Monitor,33
customised apron for women,0,2,0%,36.5,Aprons,Commercial,High,https://printkee.com/apparel-and-accessories/aprons,Monitor,33
cork lined serving tray,0,2,0%,37,Sustainable Gifts,Commercial,High,https://printkee.com/eco-products,Monitor,33
print on cork,0,2,0%,38.5,Sustainable Gifts,Commercial,High,https://printkee.com/eco-products,Monitor,33
customized id card holder,0,2,0%,39,Lanyards & ID Cards,Commercial,High,https://printkee.com/office-and-writing/lanyard-and-id-card,Monitor,33
embroidered tie,0,2,0%,39.5,Ties,Commercial,High,https://printkee.com/apparel-and-accessories/ties,Monitor,33
custom printed folders,0,2,0%,40,Files & Folders,Commercial,High,https://printkee.com/office-and-writing/file-and-folder,Monitor,33
digital welcome kit,0,4,0%,3.5,Employee Welcome Kits,Commercial,High,https://printkee.com/collection/welcome-kits,Monitor,31
branded file,0,4,0%,4.75,Files & Folders,Commercial,High,https://printkee.com/office-and-writing/file-and-folder,Monitor,31
catering aprons with logo,0,4,0%,6,Aprons,Commercial,High,https://printkee.com/apparel-and-accessories/aprons,Monitor,31
wireless charger custom logo,0,4,0%,7.75,Wireless Charging,Commercial,High,https://printkee.com/technology-accessories/wireless-charging,Monitor,31
customized duffle bags,1,20,5%,7.85,Duffle Bags,Commercial,High,https://printkee.com/bags-and-travel/duffle-bags,Monitor,30
corporate merchandise india,0,30,0%,41.07,Corporate & Promotional Merchandise,Commercial,High,https://printkee.com/,Monitor,30
bulk folders with logo,0,30,0%,47.43,Files & Folders,Commercial,High,https://printkee.com/office-and-writing/file-and-folder,Monitor,30
promotional corporate,0,5,0%,31,Other commercial products,Commercial,Medium,,Monitor,30
branded corporate items,0,5,0%,32.8,Other commercial products,Commercial,Medium,,Monitor,30
corporate logo merchandise,0,5,0%,36.6,Other commercial products,Commercial,Medium,,Monitor,30
custom corporate coasters,0,5,0%,39.4,Other commercial products,Commercial,Medium,,Monitor,30
20 backpacks,0,1,0%,8,Backpacks & Bags,Commercial,High,https://printkee.com/bags-and-travel/backpacks,Monitor,30
bulk aprons with logo,0,1,0%,8,Aprons,Commercial,High,https://printkee.com/apparel-and-accessories/aprons,Monitor,30
bulk backpacks with logo,0,1,0%,8,Backpacks & Bags,Commercial,High,https://printkee.com/bags-and-travel/backpacks,Monitor,30
cork boxes,0,1,0%,8,Sustainable Gifts,Commercial,High,https://printkee.com/eco-products,Monitor,30
custom backpack embroidery,0,1,0%,8,Backpacks & Bags,Commercial,High,https://printkee.com/bags-and-travel/backpacks,Monitor,30
custom promotional backpacks,0,1,0%,8,Backpacks & Bags,Commercial,High,https://printkee.com/bags-and-travel/backpacks,Monitor,30
custom wireless chargers,0,1,0%,8,Wireless Charging,Commercial,High,https://printkee.com/technology-accessories/wireless-charging,Monitor,30
designer wireless charger,0,1,0%,8,Wireless Charging,Commercial,High,https://printkee.com/technology-accessories/wireless-charging,Monitor,30
event welcome kit,0,1,0%,8,Employee Welcome Kits,Commercial,High,https://printkee.com/collection/welcome-kits,Monitor,30
order aprons with logo,0,1,0%,8,Aprons,Commercial,High,https://printkee.com/apparel-and-accessories/aprons,Monitor,30
personalised folders for business,0,1,0%,8,Files & Folders,Commercial,High,https://printkee.com/office-and-writing/file-and-folder,Monitor,30
printing on cork,0,1,0%,8,Sustainable Gifts,Commercial,High,https://printkee.com/eco-products,Monitor,30
promotional duffel bags,0,1,0%,8,Duffle Bags,Commercial,High,https://printkee.com/bags-and-travel/duffle-bags,Monitor,30
tote bags bulk custom,0,1,0%,8,Tote Bags,Commercial,High,https://printkee.com/bags-and-travel/tote-bags,Monitor,30
wireless charger corporate gift,0,1,0%,8,Wireless Charging,Commercial,High,https://printkee.com/technology-accessories/wireless-charging,Monitor,30
wireless chargers with logo,0,1,0%,8,Wireless Charging,Commercial,High,https://printkee.com/technology-accessories/wireless-charging,Monitor,30
apron with custom logo,0,1,0%,9,Aprons,Commercial,High,https://printkee.com/apparel-and-accessories/aprons,Monitor,30
custom branded backpack,0,1,0%,9,Backpacks & Bags,Commercial,High,https://printkee.com/bags-and-travel/backpacks,Monitor,30
custom print backpack,0,1,0%,9,Backpacks & Bags,Commercial,High,https://printkee.com/bags-and-travel/backpacks,Monitor,30
id lanyard printing,0,1,0%,9,Lanyards & ID Cards,Commercial,High,https://printkee.com/office-and-writing/lanyard-and-id-card,Monitor,30
power bank bulk order,0,1,0%,9,Power Banks,Commercial,High,https://printkee.com/technology-accessories/power-banks,Monitor,30
printed duffel bag,0,1,0%,9,Duffle Bags,Commercial,High,https://printkee.com/bags-and-travel/duffle-bags,Monitor,30
promotional duffel bags with logo,0,1,0%,9,Duffle Bags,Commercial,High,https://printkee.com/bags-and-travel/duffle-bags,Monitor,30
tie customisation,0,1,0%,9,Ties,Commercial,High,https://printkee.com/apparel-and-accessories/ties,Monitor,30
tote bags for marketing,0,1,0%,9,Tote Bags,Commercial,High,https://printkee.com/bags-and-travel/tote-bags,Monitor,30
wireless charger with company logo,0,1,0%,9,Wireless Charging,Commercial,High,https://printkee.com/technology-accessories/wireless-charging,Monitor,30
wireless charging pad with company logo,0,1,0%,9,Wireless Charging,Commercial,High,https://printkee.com/technology-accessories/wireless-charging,Monitor,30
custom cork,0,1,0%,10,Sustainable Gifts,Commercial,High,https://printkee.com/eco-products,Monitor,30
custom made duffle bag,0,1,0%,10,Duffle Bags,Commercial,High,https://printkee.com/bags-and-travel/duffle-bags,Monitor,30
custom office folders,0,1,0%,10,Files & Folders,Commercial,High,https://printkee.com/office-and-writing/file-and-folder,Monitor,30
customized apron near me,0,1,0%,10,Aprons,Local commercial,High,https://printkee.com/apparel-and-accessories/aprons,Monitor,30
premium lanyard printing,0,1,0%,10,Lanyards & ID Cards,Commercial,High,https://printkee.com/office-and-writing/lanyard-and-id-card,Monitor,30
promotional apron,0,1,0%,10,Aprons,Commercial,High,https://printkee.com/apparel-and-accessories/aprons,Monitor,30
promotional wireless charger,0,1,0%,10,Wireless Charging,Commercial,High,https://printkee.com/technology-accessories/wireless-charging,Monitor,30
team duffle bags,0,1,0%,10,Duffle Bags,Commercial,High,https://printkee.com/bags-and-travel/duffle-bags,Monitor,30
ties with logo,0,1,0%,10,Ties,Commercial,High,https://printkee.com/apparel-and-accessories/ties,Monitor,30
apron catering,0,1,0%,11,Aprons,Commercial,High,https://printkee.com/apparel-and-accessories/aprons,Monitor,30
apron for company,0,1,0%,11,Aprons,Commercial,High,https://printkee.com/apparel-and-accessories/aprons,Monitor,30
backpack with company logo,0,1,0%,11,Backpacks & Bags,Commercial,High,https://printkee.com/bags-and-travel/backpacks,Monitor,30
branded merchandise quick delivery,0,1,0%,11,Corporate & Promotional Merchandise,Commercial,High,https://printkee.com/,Monitor,30
custom apron with logo,0,1,0%,11,Aprons,Commercial,High,https://printkee.com/apparel-and-accessories/aprons,Monitor,30
custom branded wireless charger,0,1,0%,11,Wireless Charging,Commercial,High,https://printkee.com/technology-accessories/wireless-charging,Monitor,30
custom cork mat,0,1,0%,11,Sustainable Gifts,Commercial,High,https://printkee.com/eco-products,Monitor,30
custom duffle bag with logo,0,1,0%,11,Duffle Bags,Commercial,High,https://printkee.com/bags-and-travel/duffle-bags,Monitor,30
custom hats and apparel,0,1,0%,11,Custom Apparel,Commercial,High,https://printkee.com/apparel-and-accessories,Monitor,30
custom lanyard with id holder,0,1,0%,11,Lanyards & ID Cards,Commercial,High,https://printkee.com/office-and-writing/lanyard-and-id-card,Monitor,30
custom print backpacks,0,1,0%,11,Backpacks & Bags,Commercial,High,https://printkee.com/bags-and-travel/backpacks,Monitor,30
customised apron near me,0,1,0%,11,Aprons,Local commercial,High,https://printkee.com/apparel-and-accessories/aprons,Monitor,30
customize winter jacket,0,1,0%,11,Winter Wear,Commercial,High,https://printkee.com/apparel-and-accessories/winter-wear,Monitor,30
duffle bags personalized,0,1,0%,11,Duffle Bags,Commercial,High,https://printkee.com/bags-and-travel/duffle-bags,Monitor,30
apron branded,0,1,0%,12,Aprons,Commercial,High,https://printkee.com/apparel-and-accessories/aprons,Monitor,30
customize duffle bags,0,1,0%,12,Duffle Bags,Commercial,High,https://printkee.com/bags-and-travel/duffle-bags,Monitor,30
customize tie,0,1,0%,12,Ties,Commercial,High,https://printkee.com/apparel-and-accessories/ties,Monitor,30
customized file cover,0,1,0%,12,Files & Folders,Commercial,High,https://printkee.com/office-and-writing/file-and-folder,Monitor,30
id card lace printing,0,1,0%,12,Lanyards & ID Cards,Commercial,High,https://printkee.com/office-and-writing/lanyard-and-id-card,Monitor,30
logo apron,0,1,0%,12,Aprons,Commercial,High,https://printkee.com/apparel-and-accessories/aprons,Monitor,30
personalized apparel accessories,0,1,0%,12,Custom Apparel,Commercial,High,https://printkee.com/apparel-and-accessories,Monitor,30
branded merchandise solutions,0,1,0%,13,Corporate & Promotional Merchandise,Commercial,High,https://printkee.com/,Monitor,30
bulk business gifts,0,1,0%,13,Corporate & Promotional Merchandise,Commercial,High,https://printkee.com/,Monitor,30
business aprons with logo,0,1,0%,13,Aprons,Commercial,High,https://printkee.com/apparel-and-accessories/aprons,Monitor,30
company backpacks with logo,0,1,0%,13,Backpacks & Bags,Commercial,High,https://printkee.com/bags-and-travel/backpacks,Monitor,30
company branded ties,0,1,0%,13,Ties,Commercial,High,https://printkee.com/apparel-and-accessories/ties,Monitor,30
custom printed tie,0,1,0%,13,Ties,Commercial,High,https://printkee.com/apparel-and-accessories/ties,Monitor,30
customized lanyard for id card,0,1,0%,13,Lanyards & ID Cards,Commercial,High,https://printkee.com/office-and-writing/lanyard-and-id-card,Monitor,30
fuzo corporate gifts,0,1,0%,13,Brand corporate gifting,Commercial,High,https://printkee.com/brands/fuzo,Monitor,30
id card strap customized,0,1,0%,13,Lanyards & ID Cards,Commercial,High,https://printkee.com/office-and-writing/lanyard-and-id-card,Monitor,30
printed file folders,0,1,0%,13,Files & Folders,Commercial,High,https://printkee.com/office-and-writing/file-and-folder,Monitor,30
lanyard id card printing,0,1,0%,14,Lanyards & ID Cards,Commercial,High,https://printkee.com/office-and-writing/lanyard-and-id-card,Monitor,30
personalized duffle bags for women,0,1,0%,14,Duffle Bags,Commercial,High,https://printkee.com/bags-and-travel/duffle-bags,Monitor,30
corporate merchandise company,0,1,0%,16,Corporate & Promotional Merchandise,Commercial,High,https://printkee.com/,Monitor,30
custom coasters cork,0,1,0%,17,Sustainable Gifts,Commercial,High,https://printkee.com/eco-products,Monitor,30
custom computer backpacks,0,1,0%,17,Backpacks & Bags,Commercial,High,https://printkee.com/bags-and-travel/backpacks,Monitor,30
employee gifting solutions,0,1,0%,17,Corporate & Promotional Merchandise,Commercial,High,https://printkee.com/,Monitor,30
corporate apparel near me,0,1,0%,18,Custom Apparel,Local commercial,High,https://printkee.com/apparel-and-accessories,Monitor,30
promotional products near me,0,1,0%,18,Corporate & Promotional Merchandise,Local commercial,High,https://printkee.com/,Monitor,30
employee welcome kit india,0,1,0%,19,Employee Welcome Kits,Commercial,High,https://printkee.com/collection/welcome-kits,Monitor,30
customize file cover,0,1,0%,20,Files & Folders,Commercial,High,https://printkee.com/office-and-writing/file-and-folder,Monitor,30
personalized backpacks wholesale,0,1,0%,20,Backpacks & Bags,Commercial,High,https://printkee.com/bags-and-travel/backpacks,Monitor,30
print your own backpack,0,1,0%,20,Backpacks & Bags,Commercial,High,https://printkee.com/bags-and-travel/backpacks,Monitor,30
custom promotional products,0,25,0%,53.68,Corporate & Promotional Merchandise,Commercial,High,https://printkee.com/,Monitor,28
promotional products supplier,0,24,0%,51.21,Corporate & Promotional Merchandise,Commercial,High,https://printkee.com/,Monitor,28
top id card lanyard manufacturers,0,21,0%,43.76,Lanyards & ID Cards,Commercial,High,https://printkee.com/office-and-writing/lanyard-and-id-card,Monitor,27
corporate welcome kit,0,21,0%,59.19,Employee Welcome Kits,Commercial,High,https://printkee.com/collection/welcome-kits,Monitor,27
+bulk +pens +with +logo,0,4,0%,23.5,Other commercial products,Commercial,Medium,,Monitor,27
custom branded products,0,4,0%,30.25,Other commercial products,Commercial,Medium,,Monitor,27
corporate white shirt,0,4,0%,32.75,Other commercial products,Commercial,Medium,,Monitor,27
promotional gifts india,0,4,0%,33.25,Other commercial products,Commercial,Medium,,Monitor,27
corporate promotional pens,0,4,0%,37,Other commercial products,Commercial,Medium,,Monitor,27
personalised corporate pens,0,4,0%,37,Other commercial products,Commercial,Medium,,Monitor,27
personalised cork coasters,0,3,0%,6,Sustainable Gifts,Commercial,High,https://printkee.com/eco-products,Monitor,27
custom duffle bags with logo,0,3,0%,7,Duffle Bags,Commercial,High,https://printkee.com/bags-and-travel/duffle-bags,Monitor,27
customized cork coasters,0,3,0%,7,Sustainable Gifts,Commercial,High,https://printkee.com/eco-products,Monitor,27
customized office files,2,10,20%,8.9,Files & Folders,Commercial,High,https://printkee.com/office-and-writing/file-and-folder,Tier 1,26
custom polo shirts bulk,0,19,0%,42.11,Custom Apparel,Commercial,High,https://printkee.com/apparel-and-accessories,Monitor,26
premium corporate welcome kit,0,18,0%,44.72,Employee Welcome Kits,Commercial,High,https://printkee.com/collection/welcome-kits,Monitor,26
hat customization near me,0,2,0%,9,Other commercial products,Commercial,Medium,,Monitor,26
custom mugs near me,0,2,0%,9.5,Other commercial products,Commercial,Medium,,Monitor,26
custom weekender bag,0,2,0%,9.5,Other commercial products,Commercial,Medium,,Monitor,26
customized gel pens,0,2,0%,10.5,Other commercial products,Commercial,Medium,,Monitor,26
custom mouse pad near me,0,2,0%,13,Other commercial products,Commercial,Medium,,Monitor,26
protonics logo,0,2,0%,13.5,Other commercial products,Commercial,Medium,,Monitor,26
custom hats near me,0,2,0%,14.5,Other commercial products,Commercial,Medium,,Monitor,26
mouse pad manufacturers near me,0,2,0%,19,Other commercial products,Commercial,Medium,,Monitor,26
custom gel pens,0,2,0%,19.5,Other commercial products,Commercial,Medium,,Monitor,26
customized winter jackets,1,9,11.11%,10.78,Winter Wear,Commercial,High,https://printkee.com/apparel-and-accessories/winter-wear,Tier 1,25
custom tie,1,9,11.11%,13.33,Ties,Commercial,High,https://printkee.com/apparel-and-accessories/ties,Tier 1,25
customized welcome kit,0,17,0%,40.06,Employee Welcome Kits,Commercial,High,https://printkee.com/collection/welcome-kits,Monitor,25
promotional merchandise company,0,16,0%,44.19,Corporate & Promotional Merchandise,Commercial,High,https://printkee.com/,Monitor,25
custom corporate apparel,0,16,0%,47.94,Custom Apparel,Commercial,High,https://printkee.com/apparel-and-accessories,Monitor,25
tote bag manufacturer,0,15,0%,43.33,Tote Bags,Commercial,High,https://printkee.com/bags-and-travel/tote-bags,Monitor,24
company branded apparel,0,13,0%,55.69,Custom Apparel,Commercial,High,https://printkee.com/apparel-and-accessories,Monitor,23
personalized promotional products,0,13,0%,59.46,Corporate & Promotional Merchandise,Commercial,High,https://printkee.com/,Monitor,23
mouse pad manufacturer in delhi,0,3,0%,27.67,Other commercial products,Commercial,Medium,,Monitor,23
hat printing,0,3,0%,31.67,Other commercial products,Commercial,Medium,,Monitor,23
custom corporate pens,0,3,0%,35.67,Other commercial products,Commercial,Medium,,Monitor,23
custom keychains in bulk,0,3,0%,35.67,Other commercial products,Commercial,Medium,,Monitor,23
custom employee welcome boxes,0,3,0%,37.67,Other commercial products,Commercial,Medium,,Monitor,23
customized employee welcome kits,0,12,0%,45.58,Employee Welcome Kits,Commercial,High,https://printkee.com/collection/welcome-kits,Monitor,22
customized lanyard keychain printing,0,12,0%,46.42,Lanyards & ID Cards,Commercial,High,https://printkee.com/office-and-writing/lanyard-and-id-card,Monitor,22
custom business gifts,0,12,0%,51.17,Corporate & Promotional Merchandise,Commercial,High,https://printkee.com/,Monitor,22
corporate branded apparel,0,12,0%,57.08,Custom Apparel,Commercial,High,https://printkee.com/apparel-and-accessories,Monitor,22
apron print on demand,0,11,0%,40.27,Aprons,Commercial,High,https://printkee.com/apparel-and-accessories/aprons,Monitor,22
lanyard for id card,0,11,0%,45.55,Lanyards & ID Cards,Commercial,High,https://printkee.com/office-and-writing/lanyard-and-id-card,Monitor,22
tote bags manufacturers in delhi,1,6,16.67%,15,Tote Bags,Local commercial,High,https://printkee.com/bags-and-travel/tote-bags,Tier 1,21
portronics logo,0,112,0%,10.38,Brand/navigation noise,Navigational / informational,Low,,Deprioritize,21
corporate welcome kits india,0,10,0%,44,Employee Welcome Kits,Commercial,High,https://printkee.com/collection/welcome-kits,Monitor,21
buy promotional products,0,10,0%,50.4,Corporate & Promotional Merchandise,Commercial,High,https://printkee.com/,Monitor,21
corporate welcome kits,0,10,0%,56.9,Employee Welcome Kits,Commercial,High,https://printkee.com/collection/welcome-kits,Monitor,21
cork coasters custom,0,2,0%,5.5,Sustainable Gifts,Commercial,High,https://printkee.com/eco-products,Monitor,21
cork print,0,2,0%,6,Sustainable Gifts,Commercial,High,https://printkee.com/eco-products,Monitor,21
noise gift wrap kya hota hai,0,2,0%,6.5,Brand corporate gifting,Commercial,High,https://printkee.com/brands/noise,Monitor,21
duffle bags customized,0,2,0%,7,Duffle Bags,Commercial,High,https://printkee.com/bags-and-travel/duffle-bags,Monitor,21
corporate duffle bag,0,2,0%,7.5,Duffle Bags,Commercial,High,https://printkee.com/bags-and-travel/duffle-bags,Monitor,21
custom logo tie,0,2,0%,7.5,Ties,Commercial,High,https://printkee.com/apparel-and-accessories/ties,Monitor,21
duffle bags with logo,0,2,0%,7.5,Duffle Bags,Commercial,High,https://printkee.com/bags-and-travel/duffle-bags,Monitor,21
power bank bulk purchase,0,1,0%,21,Power Banks,Commercial,High,https://printkee.com/technology-accessories/power-banks,Monitor,21
silver id card,0,1,0%,21,Lanyards & ID Cards,Commercial,High,https://printkee.com/office-and-writing/lanyard-and-id-card,Monitor,21
backpacks with logo,0,1,0%,22,Backpacks & Bags,Commercial,High,https://printkee.com/bags-and-travel/backpacks,Monitor,21
corporate diwali gifts for employees,0,1,0%,22,Diwali Gifting,Commercial,High,https://printkee.com/diwali-special,Monitor,21
corporate backpacks bulk supplier,0,1,0%,23,Backpacks & Bags,Commercial,High,https://printkee.com/bags-and-travel/backpacks,Monitor,21
cork desk,0,1,0%,24,Sustainable Gifts,Commercial,High,https://printkee.com/eco-products,Monitor,21
corporate merchandise solutions,0,1,0%,24,Corporate & Promotional Merchandise,Commercial,High,https://printkee.com/,Monitor,21
cleaning apron with logo,0,1,0%,25,Aprons,Commercial,High,https://printkee.com/apparel-and-accessories/aprons,Monitor,21
document folder printing,0,1,0%,25,Files & Folders,Commercial,High,https://printkee.com/office-and-writing/file-and-folder,Monitor,21
aprons with company logo,0,1,0%,26,Aprons,Commercial,High,https://printkee.com/apparel-and-accessories/aprons,Monitor,21
customized aprons,0,1,0%,26,Aprons,Commercial,High,https://printkee.com/apparel-and-accessories/aprons,Monitor,21
promotional lanyards,0,1,0%,26,Lanyards & ID Cards,Commercial,High,https://printkee.com/office-and-writing/lanyard-and-id-card,Monitor,21
apron prints,0,1,0%,27,Aprons,Commercial,High,https://printkee.com/apparel-and-accessories/aprons,Monitor,21
black aprons with logo,0,1,0%,27,Aprons,Commercial,High,https://printkee.com/apparel-and-accessories/aprons,Monitor,21
corporate shirt printing,0,1,0%,27,Custom Apparel,Commercial,High,https://printkee.com/apparel-and-accessories,Monitor,21
custom branded aprons,0,1,0%,27,Aprons,Commercial,High,https://printkee.com/apparel-and-accessories/aprons,Monitor,21
custom branded wireless chargers,0,1,0%,27,Wireless Charging,Commercial,High,https://printkee.com/technology-accessories/wireless-charging,Monitor,21
customised folder,0,1,0%,27,Files & Folders,Commercial,High,https://printkee.com/office-and-writing/file-and-folder,Monitor,21
customizable apron,0,1,0%,27,Aprons,Commercial,High,https://printkee.com/apparel-and-accessories/aprons,Monitor,21
lanyards wholesale,0,1,0%,27,Lanyards & ID Cards,Commercial,High,https://printkee.com/office-and-writing/lanyard-and-id-card,Monitor,21
personalised wireless charging pad,0,1,0%,27,Wireless Charging,Commercial,High,https://printkee.com/technology-accessories/wireless-charging,Monitor,21
apron with print,0,1,0%,28,Aprons,Commercial,High,https://printkee.com/apparel-and-accessories/aprons,Monitor,21
custom printed apron,0,1,0%,28,Aprons,Commercial,High,https://printkee.com/apparel-and-accessories/aprons,Monitor,21
custom printed aprons,0,1,0%,28,Aprons,Commercial,High,https://printkee.com/apparel-and-accessories/aprons,Monitor,21
apron logo,0,1,0%,29,Aprons,Commercial,High,https://printkee.com/apparel-and-accessories/aprons,Monitor,21
custom lanyards with card holder,0,1,0%,29,Lanyards & ID Cards,Commercial,High,https://printkee.com/office-and-writing/lanyard-and-id-card,Monitor,21
imprinted aprons,0,1,0%,29,Aprons,Commercial,High,https://printkee.com/apparel-and-accessories/aprons,Monitor,21
sustainable onboarding gift ideas,0,1,0%,29,Sustainable Gifts,Commercial,High,https://printkee.com/eco-products,Monitor,21
company lanyard,0,1,0%,30,Lanyards & ID Cards,Commercial,High,https://printkee.com/office-and-writing/lanyard-and-id-card,Monitor,21
custom duffle bags with names,0,1,0%,30,Duffle Bags,Commercial,High,https://printkee.com/bags-and-travel/duffle-bags,Monitor,21
custom lanyards wholesale,0,1,0%,30,Lanyards & ID Cards,Commercial,High,https://printkee.com/office-and-writing/lanyard-and-id-card,Monitor,21
name tag lanyards near me,0,1,0%,30,Lanyards & ID Cards,Local commercial,High,https://printkee.com/office-and-writing/lanyard-and-id-card,Monitor,21
one off apparel,0,1,0%,30,Custom Apparel,Commercial,High,https://printkee.com/apparel-and-accessories,Monitor,21
printing on backpacks,0,1,0%,30,Backpacks & Bags,Commercial,High,https://printkee.com/bags-and-travel/backpacks,Monitor,21
corporate lanyards wholesale,0,1,0%,31,Lanyards & ID Cards,Commercial,High,https://printkee.com/office-and-writing/lanyard-and-id-card,Monitor,21
bulk personalized lanyards,0,1,0%,33,Lanyards & ID Cards,Commercial,High,https://printkee.com/office-and-writing/lanyard-and-id-card,Monitor,21
customized lanyards bulk,0,1,0%,33,Lanyards & ID Cards,Commercial,High,https://printkee.com/office-and-writing/lanyard-and-id-card,Monitor,21
custom football duffel bags,0,1,0%,34,Duffle Bags,Commercial,High,https://printkee.com/bags-and-travel/duffle-bags,Monitor,21
embroidered aprons,0,1,0%,34,Aprons,Commercial,High,https://printkee.com/apparel-and-accessories/aprons,Monitor,21
custom tie down,0,1,0%,35,Ties,Commercial,High,https://printkee.com/apparel-and-accessories/ties,Monitor,21
customized folders,0,1,0%,35,Files & Folders,Commercial,High,https://printkee.com/office-and-writing/file-and-folder,Monitor,21
diwali 2026 gifts,0,1,0%,35,Diwali Gifting,Commercial,High,https://printkee.com/diwali-special,Monitor,21
logo ties,0,1,0%,35,Ties,Commercial,High,https://printkee.com/apparel-and-accessories/ties,Monitor,21
sublimation duffle bag suppliers,0,1,0%,35,Duffle Bags,Commercial,High,https://printkee.com/bags-and-travel/duffle-bags,Monitor,21
branded onboarding kits wholesale,0,1,0%,36,Employee Welcome Kits,Commercial,High,https://printkee.com/collection/welcome-kits,Monitor,21
cork organizer,0,1,0%,36,Sustainable Gifts,Commercial,High,https://printkee.com/eco-products,Monitor,21
custom logo folders,0,1,0%,36,Files & Folders,Commercial,High,https://printkee.com/office-and-writing/file-and-folder,Monitor,21
customised apron,0,1,0%,36,Aprons,Commercial,High,https://printkee.com/apparel-and-accessories/aprons,Monitor,21
portronics gift card,0,1,0%,36,Brand corporate gifting,Commercial,High,https://printkee.com/brands/portronics,Monitor,21
round cork tray,0,1,0%,36,Sustainable Gifts,Commercial,High,https://printkee.com/eco-products,Monitor,21
apron printed,0,1,0%,37,Aprons,Commercial,High,https://printkee.com/apparel-and-accessories/aprons,Monitor,21
lanyard and card,0,1,0%,37,Lanyards & ID Cards,Commercial,High,https://printkee.com/office-and-writing/lanyard-and-id-card,Monitor,21
cork box,0,1,0%,38,Sustainable Gifts,Commercial,High,https://printkee.com/eco-products,Monitor,21
id card and lanyard,0,1,0%,39,Lanyards & ID Cards,Commercial,High,https://printkee.com/office-and-writing/lanyard-and-id-card,Monitor,21
promotional printed lanyards,0,1,0%,39,Lanyards & ID Cards,Commercial,High,https://printkee.com/office-and-writing/lanyard-and-id-card,Monitor,21
promotional travel bags with logo,0,1,0%,39,Backpacks & Bags,Commercial,High,https://printkee.com/bags-and-travel/backpacks,Monitor,21
tote bag maker,0,1,0%,39,Tote Bags,Commercial,High,https://printkee.com/bags-and-travel/tote-bags,Monitor,21
chef apron with logo,0,1,0%,40,Aprons,Commercial,High,https://printkee.com/apparel-and-accessories/aprons,Monitor,21
custom folders with logo,0,1,0%,40,Files & Folders,Commercial,High,https://printkee.com/office-and-writing/file-and-folder,Monitor,21
personalized business folders,0,1,0%,40,Files & Folders,Commercial,High,https://printkee.com/office-and-writing/file-and-folder,Monitor,21
print ties,0,1,0%,40,Ties,Commercial,High,https://printkee.com/apparel-and-accessories/ties,Monitor,21
ties logo,0,1,0%,40,Ties,Commercial,High,https://printkee.com/apparel-and-accessories/ties,Monitor,21
%portronics logo official,0,105,0%,8.57,Brand/navigation noise,Navigational / informational,Low,,Deprioritize,20
+portronics logo official,0,91,0%,8.4,Brand/navigation noise,Navigational / informational,Low,,Deprioritize,20
customized welcome kit for employees,0,9,0%,45.89,Employee Welcome Kits,Commercial,High,https://printkee.com/collection/welcome-kits,Monitor,20
premium corporate merchandise,0,9,0%,48,Corporate & Promotional Merchandise,Commercial,High,https://printkee.com/,Monitor,20
custom branded promotional products,0,9,0%,48.33,Corporate & Promotional Merchandise,Commercial,High,https://printkee.com/,Monitor,20
customized files,4,51,7.84%,6.61,Files & Folders,Commercial,High,https://printkee.com/office-and-writing/file-and-folder,Monitor,19
portronics logo png,0,76,0%,11.5,Brand/navigation noise,Navigational / informational,Low,,Deprioritize,19
portronics,0,76,0%,18.12,Brand/navigation noise,Navigational / informational,Low,,Deprioritize,19
branded merchandise,0,8,0%,48.62,Corporate & Promotional Merchandise,Commercial,High,https://printkee.com/,Monitor,19
custom logo promotional products,0,8,0%,53.62,Corporate & Promotional Merchandise,Commercial,High,https://printkee.com/,Monitor,19
is portronics indian company,0,60,0%,11.73,Brand/navigation noise,Navigational / informational,Low,,Deprioritize,18
mf global services,0,56,0%,9.46,Unclassified / low signal,Ambiguous,Low,,Deprioritize,18
corporate mugs,0,39,0%,48.64,Other commercial products,Commercial,Medium,,Monitor,18
custom lanyards,0,7,0%,47,Lanyards & ID Cards,Commercial,High,https://printkee.com/office-and-writing/lanyard-and-id-card,Monitor,18
id card lanyard,0,7,0%,47.43,Lanyards & ID Cards,Commercial,High,https://printkee.com/office-and-writing/lanyard-and-id-card,Monitor,18
promotional products with custom logo,0,7,0%,53.57,Corporate & Promotional Merchandise,Commercial,High,https://printkee.com/,Monitor,18
promotional products online,0,7,0%,61,Corporate & Promotional Merchandise,Commercial,High,https://printkee.com/,Monitor,18
custom trophies,0,2,0%,21.5,Other commercial products,Commercial,Medium,,Monitor,18
cheap pens with logo in bulk,0,2,0%,27.5,Other commercial products,Commercial,Medium,,Monitor,18
customized momentos,0,2,0%,29,Other commercial products,Commercial,Medium,,Monitor,18
custom mousepad printing,0,2,0%,32,Other commercial products,Commercial,Medium,,Monitor,18
custom business notebooks,0,2,0%,35.5,Other commercial products,Commercial,Medium,,Monitor,18
company pens with logo,0,2,0%,38.5,Other commercial products,Commercial,Medium,,Monitor,18
wholesale custom hats,0,2,0%,38.5,Other commercial products,Commercial,Medium,,Monitor,18
custom file printing,1,4,25%,9.25,Files & Folders,Commercial,High,https://printkee.com/office-and-writing/file-and-folder,Monitor,17
file customize,1,4,25%,18.5,Files & Folders,Commercial,High,https://printkee.com/office-and-writing/file-and-folder,Monitor,17
portronics brand,0,48,0%,17.88,Brand/navigation noise,Navigational / informational,Low,,Deprioritize,17
custom printed lanyards,0,6,0%,56.17,Lanyards & ID Cards,Commercial,High,https://printkee.com/office-and-writing/lanyard-and-id-card,Monitor,17
corporate branded jackets,0,6,0%,71.17,Winter Wear,Commercial,High,https://printkee.com/apparel-and-accessories/winter-wear,Monitor,17
custom ceramic mugs bulk,0,1,0%,8,Other commercial products,Commercial,Medium,,Monitor,17
custom foldable bag,0,1,0%,8,Other commercial products,Commercial,Medium,,Monitor,17
custom foldable bags,0,1,0%,8,Other commercial products,Commercial,Medium,,Monitor,17
drinkware company,0,1,0%,8,Other commercial products,Commercial,Medium,,Monitor,17
for a corporate event,0,1,0%,8,Other commercial products,Commercial,Medium,,Monitor,17
mousepad printing near me,0,1,0%,8,Other commercial products,Commercial,Medium,,Monitor,17
branded mousepad,0,1,0%,9,Other commercial products,Commercial,Medium,,Monitor,17
custom bagpack,0,1,0%,9,Other commercial products,Commercial,Medium,,Monitor,17
embroidery cap near me,0,1,0%,9,Other commercial products,Commercial,Medium,,Monitor,17
por gifts,0,1,0%,9,Other commercial products,Commercial,Medium,,Monitor,17
custom branded drinkware,0,1,0%,10,Other commercial products,Commercial,Medium,,Monitor,17
custom winter coat,0,1,0%,10,Other commercial products,Commercial,Medium,,Monitor,17
momento and trophy difference,0,1,0%,10,Informational research,Informational,Medium,,Monitor,17
customized mouse pad near me,0,1,0%,11,Other commercial products,Commercial,Medium,,Monitor,17
difference between momento and trophy,0,1,0%,11,Informational research,Informational,Medium,,Monitor,17
potronics logo,0,1,0%,11,Other commercial products,Commercial,Medium,,Monitor,17
printed drinkware,0,1,0%,11,Other commercial products,Commercial,Medium,,Monitor,17
where can i get custom embroidered sports team hats near me?,0,1,0%,11,Other commercial products,Commercial,Medium,,Monitor,17
cap manufacturer in gurgaon,0,1,0%,12,Other commercial products,Commercial,Medium,,Monitor,17
customized charger,0,1,0%,12,Other commercial products,Commercial,Medium,,Monitor,17
printed mugs near me,0,1,0%,12,Other commercial products,Commercial,Medium,,Monitor,17
bulk custom notebooks,0,1,0%,14,Other commercial products,Commercial,Medium,,Monitor,17
custom welcome box,0,1,0%,14,Other commercial products,Commercial,Medium,,Monitor,17
branded mouse pads,0,1,0%,15,Other commercial products,Commercial,Medium,,Monitor,17
branded keychains bulk,0,1,0%,16,Other commercial products,Commercial,Medium,,Monitor,17
custom brand merchandise,0,1,0%,18,Other commercial products,Commercial,Medium,,Monitor,17
custom hats with logo near me,0,1,0%,19,Other commercial products,Commercial,Medium,,Monitor,17
make hats near me,0,1,0%,19,Other commercial products,Commercial,Medium,,Monitor,17
branded promotional item supplier,0,30,0%,41.8,Other commercial products,Commercial,Medium,,Monitor,16
customized backpacks,0,5,0%,43,Backpacks & Bags,Commercial,High,https://printkee.com/bags-and-travel/backpacks,Monitor,16
custom tote bags,0,5,0%,44.2,Tote Bags,Commercial,High,https://printkee.com/bags-and-travel/tote-bags,Monitor,16
corporate promotional merchandise,0,5,0%,44.6,Corporate & Promotional Merchandise,Commercial,High,https://printkee.com/,Monitor,16
customized corporate merchandise,0,5,0%,46.8,Corporate & Promotional Merchandise,Commercial,High,https://printkee.com/,Monitor,16
custom branded apparel,0,5,0%,47.4,Custom Apparel,Commercial,High,https://printkee.com/apparel-and-accessories,Monitor,16
promotional products suppliers,0,5,0%,53.8,Corporate & Promotional Merchandise,Commercial,High,https://printkee.com/,Monitor,16
personalized business promotional products,0,5,0%,54.8,Corporate & Promotional Merchandise,Commercial,High,https://printkee.com/,Monitor,16
custom promotional merchandise,0,5,0%,55.4,Corporate & Promotional Merchandise,Commercial,High,https://printkee.com/,Monitor,16
cheap custom promotional products,0,5,0%,56.4,Corporate & Promotional Merchandise,Commercial,High,https://printkee.com/,Monitor,16
branded corporate apparel,0,5,0%,56.6,Custom Apparel,Commercial,High,https://printkee.com/apparel-and-accessories,Monitor,16
promotional products bangalore,0,5,0%,56.6,Corporate & Promotional Merchandise,Commercial,High,https://printkee.com/,Monitor,16
corporate gifting drinkware,0,5,0%,58.6,Corporate & Promotional Merchandise,Commercial,High,https://printkee.com/,Monitor,16
cork laptop sleeve,1,3,33.33%,10.67,Sustainable Gifts,Commercial,High,https://printkee.com/eco-products,Monitor,15
lanyard printing hsn code,0,31,0%,8.68,Brand/navigation noise,Navigational / informational,Low,,Deprioritize,15
custom promotional items,0,23,0%,55.04,Other commercial products,Commercial,Medium,,Monitor,15
"where to order personalized company merchandise and souvenirs online in 
india?",0,3,0%,5.33,Other commercial products,Commercial,Medium,,Monitor,15
drink wear,0,22,0%,10.36,Unclassified / low signal,Ambiguous,Low,,Deprioritize,14
embroidered ties,0,4,0%,41,Ties,Commercial,High,https://printkee.com/apparel-and-accessories/ties,Monitor,14
personalised duffle bag,0,4,0%,41.75,Duffle Bags,Commercial,High,https://printkee.com/bags-and-travel/duffle-bags,Monitor,14
employee welcome kits india,0,4,0%,42.5,Employee Welcome Kits,Commercial,High,https://printkee.com/collection/welcome-kits,Monitor,14
id card ribbon printing,0,4,0%,42.75,Lanyards & ID Cards,Commercial,High,https://printkee.com/office-and-writing/lanyard-and-id-card,Monitor,14
lanyard manufacturer in delhi,0,4,0%,44,Lanyards & ID Cards,Local commercial,High,https://printkee.com/office-and-writing/lanyard-and-id-card,Monitor,14
cork promotional products,0,4,0%,44.25,Sustainable Gifts,Commercial,High,https://printkee.com/eco-products,Monitor,14
custom print lanyards,0,4,0%,52,Lanyards & ID Cards,Commercial,High,https://printkee.com/office-and-writing/lanyard-and-id-card,Monitor,14
cdr file maker near me,0,1,0%,1,Files & Folders,Local commercial,High,https://printkee.com/office-and-writing/file-and-folder,Monitor,14
which wireless chargers are best for logo printing?,0,1,0%,1,Wireless Charging,Commercial,High,https://printkee.com/technology-accessories/wireless-charging,Monitor,14
duffle bags custom,0,1,0%,2,Duffle Bags,Commercial,High,https://printkee.com/bags-and-travel/duffle-bags,Monitor,14
apron,0,1,0%,3,Aprons,Commercial,High,https://printkee.com/apparel-and-accessories/aprons,Monitor,14
beste luxus-geschenkideen zu diwali,0,1,0%,3,Diwali Gifting,Commercial,High,https://printkee.com/diwali-special,Monitor,14
corporate gift wireless charger,0,1,0%,4,Wireless Charging,Commercial,High,https://printkee.com/technology-accessories/wireless-charging,Monitor,14
power bank printing,0,1,0%,4,Power Banks,Commercial,High,https://printkee.com/technology-accessories/power-banks,Monitor,14
custom backpack with logo,0,1,0%,5,Backpacks & Bags,Commercial,High,https://printkee.com/bags-and-travel/backpacks,Monitor,14
customized backpack india,0,1,0%,5,Backpacks & Bags,Commercial,High,https://printkee.com/bags-and-travel/backpacks,Monitor,14
duffle bag print,0,1,0%,5,Duffle Bags,Commercial,High,https://printkee.com/bags-and-travel/duffle-bags,Monitor,14
personalized wireless chargers,0,1,0%,5,Wireless Charging,Commercial,High,https://printkee.com/technology-accessories/wireless-charging,Monitor,14
custom aprons bulk,0,1,0%,6,Aprons,Commercial,High,https://printkee.com/apparel-and-accessories/aprons,Monitor,14
custom business folders,0,1,0%,6,Files & Folders,Commercial,High,https://printkee.com/office-and-writing/file-and-folder,Monitor,14
custom company ties,0,1,0%,6,Ties,Commercial,High,https://printkee.com/apparel-and-accessories/ties,Monitor,14
custom duffel bag,0,1,0%,6,Duffle Bags,Commercial,High,https://printkee.com/bags-and-travel/duffle-bags,Monitor,14
print on apron,0,1,0%,6,Aprons,Commercial,High,https://printkee.com/apparel-and-accessories/aprons,Monitor,14
business apparel near me,0,1,0%,7,Custom Apparel,Local commercial,High,https://printkee.com/apparel-and-accessories,Monitor,14
custom aprons for business,0,1,0%,7,Aprons,Commercial,High,https://printkee.com/apparel-and-accessories/aprons,Monitor,14
custom made duffle bags,0,1,0%,7,Duffle Bags,Commercial,High,https://printkee.com/bags-and-travel/duffle-bags,Monitor,14
custom size duffle bags,0,1,0%,7,Duffle Bags,Commercial,High,https://printkee.com/bags-and-travel/duffle-bags,Monitor,14
custom tote bag manufacturer,0,1,0%,7,Tote Bags,Commercial,High,https://printkee.com/bags-and-travel/tote-bags,Monitor,14
customized duffel bags,0,1,0%,7,Duffle Bags,Commercial,High,https://printkee.com/bags-and-travel/duffle-bags,Monitor,14
duffle bag with name embroidered,0,1,0%,7,Duffle Bags,Commercial,High,https://printkee.com/bags-and-travel/duffle-bags,Monitor,14
id card strap printing,0,1,0%,7,Lanyards & ID Cards,Commercial,High,https://printkee.com/office-and-writing/lanyard-and-id-card,Monitor,14
customized file,1,13,7.69%,7.77,Files & Folders,Commercial,High,https://printkee.com/office-and-writing/file-and-folder,Monitor,13
portronics logo stylized p,0,18,0%,9.22,Brand/navigation noise,Navigational / informational,Low,,Deprioritize,13
portronics which country brand,0,17,0%,14.59,Brand/navigation noise,Navigational / informational,Low,,Deprioritize,13
corporate coasters,0,15,0%,42.4,Other commercial products,Commercial,Medium,,Monitor,13
custom company merchandise,0,15,0%,44.8,Other commercial products,Commercial,Medium,,Monitor,13
custom corporate mugs,0,15,0%,45.2,Other commercial products,Commercial,Medium,,Monitor,13
personalised company merchandise,0,14,0%,42.64,Other commercial products,Commercial,Medium,,Monitor,13
mug corporate,0,14,0%,47.71,Other commercial products,Commercial,Medium,,Monitor,13
corporate branded notebooks,0,14,0%,57.29,Other commercial products,Commercial,Medium,,Monitor,13
personalised corporate mugs,0,14,0%,59,Other commercial products,Commercial,Medium,,Monitor,13
corporate pens,0,13,0%,42,Other commercial products,Commercial,Medium,,Monitor,13
personalized company items,0,13,0%,51,Other commercial products,Commercial,Medium,,Monitor,13
corporate coffee mugs,0,13,0%,56.31,Other commercial products,Commercial,Medium,,Monitor,13
custom products,0,13,0%,61.77,Other commercial products,Commercial,Medium,,Monitor,13
fuzo logo,0,16,0%,8.75,Brand/navigation noise,Navigational / informational,Low,,Deprioritize,12
kee ring,0,15,0%,11.2,Unclassified / low signal,Ambiguous,Low,,Deprioritize,12
fuzo,0,15,0%,15.67,Brand/navigation noise,Navigational / informational,Low,,Deprioritize,12
cap manufacturers in gurgaon,0,14,0%,14.43,Unclassified / low signal,Ambiguous,Low,,Deprioritize,12
corporate mugs with logo,0,12,0%,41.17,Other commercial products,Commercial,Medium,,Monitor,12
corporate branded mugs,0,12,0%,50.75,Other commercial products,Commercial,Medium,,Monitor,12
corporate branded coffee mugs,0,12,0%,53.75,Other commercial products,Commercial,Medium,,Monitor,12
corporate logo coasters,0,12,0%,54.58,Other commercial products,Commercial,Medium,,Monitor,12
personalized company swag,0,12,0%,65.42,Other commercial products,Commercial,Medium,,Monitor,12
coffee mugs with corporate logo,0,11,0%,53.55,Other commercial products,Commercial,Medium,,Monitor,12
custom giveaway items,0,11,0%,60.82,Other commercial products,Commercial,Medium,,Monitor,12
id cards lanyard visiting card printing services,0,3,0%,40.33,Lanyards & ID Cards,Commercial,High,https://printkee.com/office-and-writing/lanyard-and-id-card,Monitor,12
apron with name,0,3,0%,42.33,Aprons,Commercial,High,https://printkee.com/apparel-and-accessories/aprons,Monitor,12
cork promotional items,0,3,0%,42.67,Sustainable Gifts,Commercial,High,https://printkee.com/eco-products,Monitor,12
corporate apparel,0,3,0%,44,Custom Apparel,Commercial,High,https://printkee.com/apparel-and-accessories,Monitor,12
bulk id card printing india,0,3,0%,56.67,Lanyards & ID Cards,Commercial,High,https://printkee.com/office-and-writing/lanyard-and-id-card,Monitor,12
custom corporate gifting,0,3,0%,58,Corporate & Promotional Merchandise,Commercial,High,https://printkee.com/,Monitor,12
printed business gifts,0,3,0%,60.67,Corporate & Promotional Merchandise,Commercial,High,https://printkee.com/,Monitor,12
premium corporate branding,0,2,0%,1.5,Other commercial products,Commercial,Medium,,Monitor,12
promotional cap manufacturers in delhi,0,2,0%,3,Other commercial products,Commercial,Medium,,Monitor,12
protronics logo,0,2,0%,7.5,Other commercial products,Commercial,Medium,,Monitor,12
custom branding products,0,1,0%,21,Other commercial products,Commercial,Medium,,Monitor,12
contact us make it yours custom tech accessories,0,1,0%,22,Other commercial products,Commercial,Medium,,Monitor,12
mouse pad printing near me,0,1,0%,22,Other commercial products,Commercial,Medium,,Monitor,12
noice logo,0,1,0%,24,Other commercial products,Commercial,Medium,,Monitor,12
customised momentos,0,1,0%,26,Other commercial products,Commercial,Medium,,Monitor,12
mouse pad with logo,0,1,0%,27,Other commercial products,Commercial,Medium,,Monitor,12
promotional coasters,0,1,0%,27,Other commercial products,Commercial,Medium,,Monitor,12
want to buy,0,1,0%,29,Other commercial products,Commercial,Medium,,Monitor,12
custom pens bulk,0,1,0%,30,Other commercial products,Commercial,Medium,,Monitor,12
custom recognition awards,0,1,0%,30,Other commercial products,Commercial,Medium,,Monitor,12
what is product name with por,0,1,0%,30,Informational research,Informational,Medium,,Monitor,12
+bulk +order +personalized +pens,0,1,0%,31,Other commercial products,Commercial,Medium,,Monitor,12
custom hats and t shirts,0,1,0%,31,Other commercial products,Commercial,Medium,,Monitor,12
custom notebook premium,0,1,0%,33,Other commercial products,Commercial,Medium,,Monitor,12
bulk keychains personalized,0,1,0%,34,Other commercial products,Commercial,Medium,,Monitor,12
custom caps near me,0,1,0%,34,Other commercial products,Commercial,Medium,,Monitor,12
custom toque,0,1,0%,34,Other commercial products,Commercial,Medium,,Monitor,12
promo pens with logo,0,1,0%,34,Other commercial products,Commercial,Medium,,Monitor,12
custom bucket hats fast delivery,0,1,0%,35,Other commercial products,Commercial,Medium,,Monitor,12
where to order custom hats,0,1,0%,35,Other commercial products,Commercial,Medium,,Monitor,12
bulk hats custom,0,1,0%,36,Other commercial products,Commercial,Medium,,Monitor,12
company logo notebooks,0,1,0%,36,Other commercial products,Commercial,Medium,,Monitor,12
customizable hats in bulk,0,1,0%,36,Other commercial products,Commercial,Medium,,Monitor,12
custom pen set,0,1,0%,37,Other commercial products,Commercial,Medium,,Monitor,12
personalized key chains bulk,0,1,0%,37,Other commercial products,Commercial,Medium,,Monitor,12
custom hats for restaurants,0,1,0%,39,Other commercial products,Commercial,Medium,,Monitor,12
custom printed drinkware,0,1,0%,39,Other commercial products,Commercial,Medium,,Monitor,12
customized drinkware pens bags,0,1,0%,39,Other commercial products,Commercial,Medium,,Monitor,12
order branded items,0,1,0%,39,Other commercial products,Commercial,Medium,,Monitor,12
customized corporate gifts india,0,1,0%,40,Other commercial products,Commercial,Medium,,Monitor,12
personalized corporate gifts india,0,1,0%,40,Other commercial products,Commercial,Medium,,Monitor,12
printkee,41,68,60.29%,1.07,Printkee branded,Navigational,Medium,https://printkee.com/,Monitor,11
is portronics an indian company,0,12,0%,9.75,Brand/navigation noise,Navigational / informational,Low,,Deprioritize,11
is portronics a indian company,0,12,0%,10.5,Brand/navigation noise,Navigational / informational,Low,,Deprioritize,11
notebooks corporate gifts,0,10,0%,43.4,Other commercial products,Commercial,Medium,,Monitor,11
corporate logo coffee mugs,0,10,0%,55.1,Other commercial products,Commercial,Medium,,Monitor,11
corporate gifts delhi,0,10,0%,63.9,Other commercial products,Commercial,Medium,,Monitor,11
corporate personalised notebooks,0,9,0%,43.33,Other commercial products,Commercial,Medium,,Monitor,11
custom business promotional items,0,9,0%,57.78,Other commercial products,Commercial,Medium,,Monitor,11
custom company swag,0,9,0%,66.44,Other commercial products,Commercial,Medium,,Monitor,11
portronics products,0,24,0%,20.58,Brand/navigation noise,Navigational / informational,Low,,Deprioritize,10
fuzo products,0,10,0%,17.9,Brand/navigation noise,Navigational / informational,Low,,Deprioritize,10
portronics country of origin,0,9,0%,9.33,Brand/navigation noise,Navigational / informational,Low,,Deprioritize,10
+portronics logo official p logo,0,9,0%,10.11,Brand/navigation noise,Navigational / informational,Low,,Deprioritize,10
portronics brand logo letter p,0,9,0%,10.89,Brand/navigation noise,Navigational / informational,Low,,Deprioritize,10
portronics origin country,0,9,0%,15.22,Brand/navigation noise,Navigational / informational,Low,,Deprioritize,10
mouse pad in 10 minutes delivery,0,8,0%,10,Unclassified / low signal,Ambiguous,Low,,Deprioritize,10
portronics is indian company,0,8,0%,12.38,Brand/navigation noise,Navigational / informational,Low,,Deprioritize,10
mousepad printing,0,8,0%,44.62,Other commercial products,Commercial,Medium,,Monitor,10
corporate branded coasters,0,8,0%,45.12,Other commercial products,Commercial,Medium,,Monitor,10
corporate drinkware gifts,0,8,0%,55,Other commercial products,Commercial,Medium,,Monitor,10
custom hats,0,7,0%,41.43,Other commercial products,Commercial,Medium,,Monitor,10
branded desk accessories exporter,0,7,0%,44,Other commercial products,Commercial,Medium,,Monitor,10
promotional wear,0,7,0%,48.71,Other commercial products,Commercial,Medium,,Monitor,10
custom printed cotton bags,0,7,0%,48.86,Other commercial products,Commercial,Medium,,Monitor,10
corporate gifts gurgaon,0,7,0%,51.57,Other commercial products,Commercial,Medium,,Monitor,10
personalised business promotional items,0,7,0%,53.71,Other commercial products,Commercial,Medium,,Monitor,10
branded promo products software,0,7,0%,57.29,Other commercial products,Commercial,Medium,,Monitor,10
custom lanyards printing,0,2,0%,42,Lanyards & ID Cards,Commercial,High,https://printkee.com/office-and-writing/lanyard-and-id-card,Monitor,10
custom tie manufacturers,0,2,0%,42,Ties,Commercial,High,https://printkee.com/apparel-and-accessories/ties,Monitor,10
logo tie,0,2,0%,42.5,Ties,Commercial,High,https://printkee.com/apparel-and-accessories/ties,Monitor,10
branded merchandise suppliers,0,2,0%,44,Corporate & Promotional Merchandise,Commercial,High,https://printkee.com/,Monitor,10
cork tray,0,2,0%,45,Sustainable Gifts,Commercial,High,https://printkee.com/eco-products,Monitor,10
pvc cards and lanyard,0,2,0%,45,Lanyards & ID Cards,Commercial,High,https://printkee.com/office-and-writing/lanyard-and-id-card,Monitor,10
welcome kits,0,2,0%,45.5,Employee Welcome Kits,Commercial,High,https://printkee.com/collection/welcome-kits,Monitor,10
pens for business gifts,0,2,0%,46,Corporate & Promotional Merchandise,Commercial,High,https://printkee.com/,Monitor,10
noise gift card,0,2,0%,46.5,Brand corporate gifting,Commercial,High,https://printkee.com/brands/noise,Monitor,10
id card tag printing,0,2,0%,47,Lanyards & ID Cards,Commercial,High,https://printkee.com/office-and-writing/lanyard-and-id-card,Monitor,10
corporate promotional products,0,2,0%,47.5,Corporate & Promotional Merchandise,Commercial,High,https://printkee.com/,Monitor,10
branded folders,0,2,0%,50,Files & Folders,Commercial,High,https://printkee.com/office-and-writing/file-and-folder,Monitor,10
promotional products india,0,2,0%,51,Corporate & Promotional Merchandise,Commercial,High,https://printkee.com/,Monitor,10
corporate gifting in noida,0,2,0%,52.5,Corporate & Promotional Merchandise,Local commercial,High,https://printkee.com/,Monitor,10
custom employee welcome kit,0,2,0%,53,Employee Welcome Kits,Commercial,High,https://printkee.com/collection/welcome-kits,Monitor,10
promotional products tote bags,0,2,0%,53,Tote Bags,Commercial,High,https://printkee.com/bags-and-travel/tote-bags,Monitor,10
custom printing promotional products,0,2,0%,53.5,Corporate & Promotional Merchandise,Commercial,High,https://printkee.com/,Monitor,10
global corporate merchandise,0,2,0%,53.5,Corporate & Promotional Merchandise,Commercial,High,https://printkee.com/,Monitor,10
promotional corporate merchandise,0,2,0%,54,Corporate & Promotional Merchandise,Commercial,High,https://printkee.com/,Monitor,10
customized promotional product,0,2,0%,55.5,Corporate & Promotional Merchandise,Commercial,High,https://printkee.com/,Monitor,10
lanyards printing,0,2,0%,56.5,Lanyards & ID Cards,Commercial,High,https://printkee.com/office-and-writing/lanyard-and-id-card,Monitor,10
custom printed lanyard,0,2,0%,57.5,Lanyards & ID Cards,Commercial,High,https://printkee.com/office-and-writing/lanyard-and-id-card,Monitor,10
cotton tote bag manufacturers in india,0,2,0%,58.5,Tote Bags,Commercial,High,https://printkee.com/bags-and-travel/tote-bags,Monitor,10
multicolour lanyard printing,0,2,0%,61,Lanyards & ID Cards,Commercial,High,https://printkee.com/office-and-writing/lanyard-and-id-card,Monitor,10
cork mat,0,2,0%,70,Sustainable Gifts,Commercial,High,https://printkee.com/eco-products,Monitor,10
cork garden,0,2,0%,71.5,Sustainable Gifts,Commercial,High,https://printkee.com/eco-products,Monitor,10
corporate jackets,0,2,0%,75.5,Winter Wear,Commercial,High,https://printkee.com/apparel-and-accessories/winter-wear,Monitor,10
portronics official website,0,16,0%,24.5,Brand/navigation noise,Navigational / informational,Low,,Deprioritize,9
acrylic trophy hsn code,0,7,0%,11,Brand/navigation noise,Navigational / informational,Low,,Deprioritize,9
logo pens,0,6,0%,45,Other commercial products,Commercial,Medium,,Monitor,9
mugs for corporate gifts,0,6,0%,46.83,Other commercial products,Commercial,Medium,,Monitor,9
bulk coffee mugs with logo,0,6,0%,47.17,Other commercial products,Commercial,Medium,,Monitor,9
custom printed hats,0,6,0%,49.83,Other commercial products,Commercial,Medium,,Monitor,9
personalized company logo items,0,6,0%,53.33,Other commercial products,Commercial,Medium,,Monitor,9
corporate promotional items,0,6,0%,55.17,Other commercial products,Commercial,Medium,,Monitor,9
corporate branded clothing,0,6,0%,62.33,Other commercial products,Commercial,Medium,,Monitor,9
branded corporate wear,0,5,0%,43,Other commercial products,Commercial,Medium,,Monitor,9
t shirt printing in roorkee,0,5,0%,43,Other commercial products,Commercial,Medium,,Monitor,9
company logo coasters,0,5,0%,43.2,Other commercial products,Commercial,Medium,,Monitor,9
custom marketing gifts,0,5,0%,43.4,Other commercial products,Commercial,Medium,,Monitor,9
company branded coasters,0,5,0%,46.8,Other commercial products,Commercial,Medium,,Monitor,9
custom pens,0,5,0%,46.8,Other commercial products,Commercial,Medium,,Monitor,9
custom logo hats,0,5,0%,47.8,Other commercial products,Commercial,Medium,,Monitor,9
custom advertising products,0,5,0%,50.2,Other commercial products,Commercial,Medium,,Monitor,9
branded corporate clothing,0,5,0%,55,Other commercial products,Commercial,Medium,,Monitor,9
custom logo items,0,5,0%,55,Other commercial products,Commercial,Medium,,Monitor,9
custom swag,0,5,0%,56,Other commercial products,Commercial,Medium,,Monitor,9
corporate gifts delhi ncr,0,5,0%,58.4,Other commercial products,Commercial,Medium,,Monitor,9
customisable corporate gifts,0,5,0%,58.4,Other commercial products,Commercial,Medium,,Monitor,9
custom promotional materials,0,5,0%,59.6,Other commercial products,Commercial,Medium,,Monitor,9
bulk lanyard order,1,1,100%,9,Lanyards & ID Cards,Commercial,High,https://printkee.com/office-and-writing/lanyard-and-id-card,Monitor,8
custom printed ties,1,1,100%,12,Ties,Commercial,High,https://printkee.com/apparel-and-accessories/ties,Monitor,8
portronics company,0,11,0%,23.82,Brand/navigation noise,Navigational / informational,Low,,Deprioritize,8
is portronics indian brand,0,6,0%,10.5,Brand/navigation noise,Navigational / informational,Low,,Deprioritize,8
corporate clothing and gifts,0,4,0%,46,Other commercial products,Commercial,Medium,,Monitor,8
corporate logo items,0,4,0%,46.25,Other commercial products,Commercial,Medium,,Monitor,8
corporate products,0,4,0%,47,Other commercial products,Commercial,Medium,,Monitor,8
customized pens for business,0,4,0%,50,Other commercial products,Commercial,Medium,,Monitor,8
merchandise corporate gifts,0,4,0%,51.75,Other commercial products,Commercial,Medium,,Monitor,8
corporate gifts in gurgaon,0,4,0%,53.25,Other commercial products,Commercial,Medium,,Monitor,8
corporate gifts noida,0,4,0%,54.5,Other commercial products,Commercial,Medium,,Monitor,8
custom promo products,0,4,0%,57.75,Other commercial products,Commercial,Medium,,Monitor,8
personalized business promotional items,0,4,0%,58.5,Other commercial products,Commercial,Medium,,Monitor,8
corporate gifts in delhi,0,4,0%,59.75,Other commercial products,Commercial,Medium,,Monitor,8
branded mugs for business,0,4,0%,62.5,Other commercial products,Commercial,Medium,,Monitor,8
corporate mugs no minimum order,0,4,0%,69,Other commercial products,Commercial,Medium,,Monitor,8
portronics wiki,0,30,0%,5.8,Brand/navigation noise,Navigational / informational,Low,,Deprioritize,7
portroncs,0,4,0%,8.5,Unclassified / low signal,Ambiguous,Low,,Deprioritize,7
portronics logo p,0,4,0%,8.5,Brand/navigation noise,Navigational / informational,Low,,Deprioritize,7
portronics brand logo looks like p in square,0,4,0%,9.25,Brand/navigation noise,Navigational / informational,Low,,Deprioritize,7
portronics logo svg,0,4,0%,10,Brand/navigation noise,Navigational / informational,Low,,Deprioritize,7
fuzo company,0,4,0%,10.25,Brand/navigation noise,Navigational / informational,Low,,Deprioritize,7
notebook merchandise,0,4,0%,19,Unclassified / low signal,Ambiguous,Low,,Deprioritize,7
custom yoga mats india,0,3,0%,42.33,Other commercial products,Commercial,Medium,,Monitor,7
custom logo ceramic mugs,0,3,0%,43.33,Other commercial products,Commercial,Medium,,Monitor,7
custom pens with logo,0,3,0%,43.33,Other commercial products,Commercial,Medium,,Monitor,7
corporate gifts mugs,0,3,0%,44,Other commercial products,Commercial,Medium,,Monitor,7
personalised marketing gifts,0,3,0%,46,Other commercial products,Commercial,Medium,,Monitor,7
bamboo bottle manufacturer in india,0,3,0%,47,Other commercial products,Commercial,Medium,,Monitor,7
best corporate pens,0,3,0%,47,Other commercial products,Commercial,Medium,,Monitor,7
personalized bulk items,0,3,0%,47.33,Other commercial products,Commercial,Medium,,Monitor,7
custom bucket hats,0,3,0%,49.33,Other commercial products,Commercial,Medium,,Monitor,7
customised merchandise,0,3,0%,50.67,Other commercial products,Commercial,Medium,,Monitor,7
personalised branded gifts,0,3,0%,50.67,Other commercial products,Commercial,Medium,,Monitor,7
bulk promotional items,0,3,0%,51,Other commercial products,Commercial,Medium,,Monitor,7
other headwear supplier,0,3,0%,52.67,Other commercial products,Commercial,Medium,,Monitor,7
corporate keychains,0,3,0%,56,Other commercial products,Commercial,Medium,,Monitor,7
customized gifts bulk,0,3,0%,61,Other commercial products,Commercial,Medium,,Monitor,7
personalised company gifts,0,3,0%,68.67,Other commercial products,Commercial,Medium,,Monitor,7
2021 diary with company logo,0,3,0%,76,Other commercial products,Commercial,Medium,,Monitor,7
magic mug printing near me,0,1,0%,1,Other commercial products,Commercial,Medium,,Monitor,7
polaroid photo print shop near me,0,1,0%,1,Other commercial products,Commercial,Medium,,Monitor,7
branded computer accessories for employees,0,1,0%,2,Other commercial products,Commercial,Medium,,Monitor,7
which company is this,0,1,0%,2,Other commercial products,Commercial,Medium,,Monitor,7
bulk,0,1,0%,3,Other commercial products,Commercial,Medium,,Monitor,7
business logo coffee mugs,0,1,0%,3,Other commercial products,Commercial,Medium,,Monitor,7
custom notebook printing india,0,1,0%,3,Other commercial products,Commercial,Medium,,Monitor,7
corporate,0,1,0%,4,Other commercial products,Commercial,Medium,,Monitor,7
custom bags,0,1,0%,5,Other commercial products,Commercial,Medium,,Monitor,7
custom branded equipment,0,1,0%,5,Other commercial products,Commercial,Medium,,Monitor,7
custom hat maker near me,0,1,0%,5,Other commercial products,Commercial,Medium,,Monitor,7
branded mousepads,0,1,0%,6,Other commercial products,Commercial,Medium,,Monitor,7
laptop wrap near me,0,1,0%,6,Other commercial products,Commercial,Medium,,Monitor,7
portonics logo,0,1,0%,6,Other commercial products,Commercial,Medium,,Monitor,7
"""momento shield"" sellers india",0,1,0%,7,Other commercial products,Commercial,Medium,,Monitor,7
company branded notebooks,0,1,0%,7,Other commercial products,Commercial,Medium,,Monitor,7
custom hat shaping near me,0,1,0%,7,Other commercial products,Commercial,Medium,,Monitor,7
custom notebook india,0,1,0%,7,Other commercial products,Commercial,Medium,,Monitor,7
customised coffee,0,1,0%,7,Other commercial products,Commercial,Medium,,Monitor,7
personalised wireless phone charger,0,3,0%,8,Unclassified / low signal,Ambiguous,Low,,Deprioritize,6
%portronics logo official p,0,3,0%,8.33,Brand/navigation noise,Navigational / informational,Low,,Deprioritize,6
+portronics logo official p,0,3,0%,9.33,Brand/navigation noise,Navigational / informational,Low,,Deprioritize,6
portronics company country,0,3,0%,13.67,Brand/navigation noise,Navigational / informational,Low,,Deprioritize,6
company lanyards,0,1,0%,42,Lanyards & ID Cards,Commercial,High,https://printkee.com/office-and-writing/lanyard-and-id-card,Monitor,6
id card rope printing,0,1,0%,43,Lanyards & ID Cards,Commercial,High,https://printkee.com/office-and-writing/lanyard-and-id-card,Monitor,6
outdoor & travel accessories for corporate gifting,0,1,0%,43,Corporate & Promotional Merchandise,Commercial,High,https://printkee.com/,Monitor,6
promotional tote bags,0,1,0%,43,Tote Bags,Commercial,High,https://printkee.com/bags-and-travel/tote-bags,Monitor,6
business lanyards,0,1,0%,44,Lanyards & ID Cards,Commercial,High,https://printkee.com/office-and-writing/lanyard-and-id-card,Monitor,6
corporate folders,0,1,0%,44,Files & Folders,Commercial,High,https://printkee.com/office-and-writing/file-and-folder,Monitor,6
corporate lanyards,0,1,0%,44,Lanyards & ID Cards,Commercial,High,https://printkee.com/office-and-writing/lanyard-and-id-card,Monitor,6
portronics company is from which country,0,14,0%,7,Brand/navigation noise,Navigational / informational,Low,,Deprioritize,5
portronics brand logo,0,12,0%,2.58,Brand/navigation noise,Navigational / informational,Low,,Deprioritize,5
portronics brand logo image,0,9,0%,6,Brand/navigation noise,Navigational / informational,Low,,Deprioritize,5
portronics website,0,5,0%,22.6,Brand/navigation noise,Navigational / informational,Low,,Deprioritize,5
noise brand,0,5,0%,25.4,Brand/navigation noise,Navigational / informational,Low,,Deprioritize,5
portronics accessories,0,5,0%,28.4,Brand/navigation noise,Navigational / informational,Low,,Deprioritize,5
noise official website,0,4,0%,22.75,Brand/navigation noise,Navigational / informational,Low,,Deprioritize,5
portronics company origin,0,4,0%,31.25,Brand/navigation noise,Navigational / informational,Low,,Deprioritize,5
long service award memento,0,4,0%,33,Unclassified / low signal,Ambiguous,Low,,Deprioritize,5
personalized business giveaways,0,4,0%,37,Unclassified / low signal,Ambiguous,Low,,Deprioritize,5
personalised charging pad,0,2,0%,9,Unclassified / low signal,Ambiguous,Low,,Deprioritize,5
portronics is indian brand,0,2,0%,9,Brand/navigation noise,Navigational / informational,Low,,Deprioritize,5
portronics is a indian brand,0,2,0%,10,Brand/navigation noise,Navigational / informational,Low,,Deprioritize,5
%portronics logo official p logo,0,2,0%,10.5,Brand/navigation noise,Navigational / informational,Low,,Deprioritize,5
portronics logo p square,0,2,0%,10.5,Brand/navigation noise,Navigational / informational,Low,,Deprioritize,5
portronics is an indian company,0,2,0%,12,Brand/navigation noise,Navigational / informational,Low,,Deprioritize,5
portronics electronics,0,2,0%,14.5,Brand/navigation noise,Navigational / informational,Low,,Deprioritize,5
portronics product,0,2,0%,15.5,Brand/navigation noise,Navigational / informational,Low,,Deprioritize,5
monkkee diary,0,2,0%,16,Unclassified / low signal,Ambiguous,Low,,Deprioritize,5
boat headphones logo,0,2,0%,16.5,Brand/navigation noise,Navigational / informational,Low,,Deprioritize,5
boat earphones logo,0,2,0%,18,Brand/navigation noise,Navigational / informational,Low,,Deprioritize,5
ink pens with logo,0,2,0%,40.5,Other commercial products,Commercial,Medium,,Monitor,5
personalised company pens,0,2,0%,41.5,Other commercial products,Commercial,Medium,,Monitor,5
corporate notebooks,0,2,0%,42,Other commercial products,Commercial,Medium,,Monitor,5
mouse pad printing,0,2,0%,44.5,Other commercial products,Commercial,Medium,,Monitor,5
customized corporate giveaways,0,2,0%,46.5,Other commercial products,Commercial,Medium,,Monitor,5
customized hats,0,2,0%,47,Other commercial products,Commercial,Medium,,Monitor,5
corporate promotional materials,0,2,0%,47.5,Other commercial products,Commercial,Medium,,Monitor,5
personalized bulk,0,2,0%,47.5,Other commercial products,Commercial,Medium,,Monitor,5
personalized company logo gifts,0,2,0%,48,Other commercial products,Commercial,Medium,,Monitor,5
+order +custom +pens +online,0,2,0%,48.5,Other commercial products,Commercial,Medium,,Monitor,5
custom bulk gifts,0,2,0%,49,Other commercial products,Commercial,Medium,,Monitor,5
customized items corporation,0,2,0%,49,Other commercial products,Commercial,Medium,,Monitor,5
personalized company pens,0,2,0%,49,Other commercial products,Commercial,Medium,,Monitor,5
corporate promo items,0,2,0%,49.5,Other commercial products,Commercial,Medium,,Monitor,5
custom branded corporate gifts,0,2,0%,50.5,Other commercial products,Commercial,Medium,,Monitor,5
custom made corporate gifts,0,2,0%,51,Other commercial products,Commercial,Medium,,Monitor,5
promotional keychain printing,0,2,0%,51,Other commercial products,Commercial,Medium,,Monitor,5
custom company gifts,0,2,0%,52,Other commercial products,Commercial,Medium,,Monitor,5
bulk custom gifts,0,2,0%,53,Other commercial products,Commercial,Medium,,Monitor,5
custom corporate,0,2,0%,53,Other commercial products,Commercial,Medium,,Monitor,5
order company merch,0,2,0%,56,Other commercial products,Commercial,Medium,,Monitor,5
corporate printed gifts,0,2,0%,57.5,Other commercial products,Commercial,Medium,,Monitor,5
custom swag kits,0,2,0%,58,Other commercial products,Commercial,Medium,,Monitor,5
branded merch,0,2,0%,59,Other commercial products,Commercial,Medium,,Monitor,5
bulk customized gifts,0,2,0%,61,Other commercial products,Commercial,Medium,,Monitor,5
branded promotional clothing,0,2,0%,61.5,Other commercial products,Commercial,Medium,,Monitor,5
printed promotional items,0,2,0%,65,Other commercial products,Commercial,Medium,,Monitor,5
printed corporate gifts,0,2,0%,67.5,Other commercial products,Commercial,Medium,,Monitor,5
premium desk accessories manufacturer,0,2,0%,76.5,Other commercial products,Commercial,Medium,,Monitor,5
portronics which country,0,6,0%,5.5,Brand/navigation noise,Navigational / informational,Low,,Deprioritize,4
portronics logo official,0,5,0%,5.2,Brand/navigation noise,Navigational / informational,Low,,Deprioritize,4
noise brand logo,0,5,0%,7.4,Brand/navigation noise,Navigational / informational,Low,,Deprioritize,4
trophies mementos,0,3,0%,26.33,Unclassified / low signal,Ambiguous,Low,,Deprioritize,4
custom file folder printing,1,1,100%,7,Files & Folders,Commercial,High,https://printkee.com/office-and-writing/file-and-folder,Monitor,3
headwear suppliers,0,22,0%,45.59,Unclassified / low signal,Ambiguous,Low,,Deprioritize,3
personalised business merchandise,0,18,0%,43.5,Unclassified / low signal,Ambiguous,Low,,Deprioritize,3
gst on memento,0,4,0%,1,Brand/navigation noise,Navigational / informational,Low,,Deprioritize,3
yes,0,4,0%,6,Unclassified / low signal,Ambiguous,Low,,Deprioritize,3
portronics belongs to which country,0,4,0%,7.75,Brand/navigation noise,Navigational / informational,Low,,Deprioritize,3
lanyard hsn code 18 gst rate,0,3,0%,1.67,Brand/navigation noise,Navigational / informational,Low,,Deprioritize,3
id card lanyard hsn code and gst rate,0,3,0%,6,Brand/navigation noise,Navigational / informational,Low,,Deprioritize,3
portronics logo p inside square,0,3,0%,6,Brand/navigation noise,Navigational / informational,Low,,Deprioritize,3
lanyard hsn code and gst rate,0,3,0%,6.67,Brand/navigation noise,Navigational / informational,Low,,Deprioritize,3
portronics meaning,0,2,0%,21,Brand/navigation noise,Navigational / informational,Low,,Deprioritize,3
portronics wikipedia,0,2,0%,26,Brand/navigation noise,Navigational / informational,Low,,Deprioritize,3
boat myshopify,0,2,0%,27,Brand/navigation noise,Navigational / informational,Low,,Deprioritize,3
portronics country,0,2,0%,27,Brand/navigation noise,Navigational / informational,Low,,Deprioritize,3
portronics all products,0,2,0%,28.5,Brand/navigation noise,Navigational / informational,Low,,Deprioritize,3
portronics support,0,2,0%,28.5,Brand/navigation noise,Navigational / informational,Low,,Deprioritize,3
trophies and mementos,0,2,0%,29.5,Unclassified / low signal,Ambiguous,Low,,Deprioritize,3
noise sponsorship,0,2,0%,30,Brand/navigation noise,Navigational / informational,Low,,Deprioritize,3
porronics,0,2,0%,31,Unclassified / low signal,Ambiguous,Low,,Deprioritize,3
shop portronics products online,0,2,0%,33,Brand/navigation noise,Navigational / informational,Low,,Deprioritize,3
portronics headquarters,0,2,0%,37,Brand/navigation noise,Navigational / informational,Low,,Deprioritize,3
portronics p logo on products,0,1,0%,8,Brand/navigation noise,Navigational / informational,Low,,Deprioritize,3
is portronics an indian brand,0,1,0%,9,Brand/navigation noise,Navigational / informational,Low,,Deprioritize,3
portronics 'p' logo on products,0,1,0%,9,Brand/navigation noise,Navigational / informational,Low,,Deprioritize,3
portronics desk gadgets,0,1,0%,9,Brand/navigation noise,Navigational / informational,Low,,Deprioritize,3
portronics indian company,0,1,0%,9,Brand/navigation noise,Navigational / informational,Low,,Deprioritize,3
portronics symbol,0,1,0%,9,Brand/navigation noise,Navigational / informational,Low,,Deprioritize,3
tìm hình ảnh này,0,1,0%,9,Unclassified / low signal,Ambiguous,Low,,Deprioritize,3
%portronics logo official stylized p,0,1,0%,10,Brand/navigation noise,Navigational / informational,Low,,Deprioritize,3
portronics brand logo png,0,1,0%,10,Brand/navigation noise,Navigational / informational,Low,,Deprioritize,3
portronics from which country,0,1,0%,10,Brand/navigation noise,Navigational / informational,Low,,Deprioritize,3
portronics monogram p logo,0,1,0%,10,Brand/navigation noise,Navigational / informational,Low,,Deprioritize,3
portronics official logo p,0,1,0%,10,Brand/navigation noise,Navigational / informational,Low,,Deprioritize,3
premium acrylic trophy,0,1,0%,10,Unclassified / low signal,Ambiguous,Low,,Deprioritize,3
product name?,0,1,0%,10,Unclassified / low signal,Ambiguous,Low,,Deprioritize,3
cooperate gifting,0,1,0%,11,Unclassified / low signal,Ambiguous,Low,,Deprioritize,3
personalised merchandise,0,1,0%,11,Unclassified / low signal,Ambiguous,Low,,Deprioritize,3
personalized overnight bags,0,1,0%,11,Unclassified / low signal,Ambiguous,Low,,Deprioritize,3
portronics logo icon,0,1,0%,11,Brand/navigation noise,Navigational / informational,Low,,Deprioritize,3
portronics logo p in a square,0,1,0%,11,Brand/navigation noise,Navigational / informational,Low,,Deprioritize,3
portronics logo p symbol,0,1,0%,11,Brand/navigation noise,Navigational / informational,Low,,Deprioritize,3
acrylic momento hsn code,0,1,0%,12,Brand/navigation noise,Navigational / informational,Low,,Deprioritize,3
personalized gel pens,0,1,0%,12,Unclassified / low signal,Ambiguous,Low,,Deprioritize,3
personalized wireless phone charger,0,1,0%,12,Unclassified / low signal,Ambiguous,Low,,Deprioritize,3
portronics manufacturing plant in india,0,1,0%,12,Brand/navigation noise,Navigational / informational,Low,,Deprioritize,3
monogrammed sports bags,0,1,0%,14,Unclassified / low signal,Ambiguous,Low,,Deprioritize,3
portronics wholesale,0,1,0%,14,Brand/navigation noise,Navigational / informational,Low,,Deprioritize,3
boat airdopes logo,0,1,0%,16,Brand/navigation noise,Navigational / informational,Low,,Deprioritize,3
premium trophy,0,1,0%,16,Unclassified / low signal,Ambiguous,Low,,Deprioritize,3
boat earbuds logo,0,1,0%,18,Brand/navigation noise,Navigational / informational,Low,,Deprioritize,3
momento customize,0,1,0%,19,Unclassified / low signal,Ambiguous,Low,,Deprioritize,3
merchandise notebooks,0,1,0%,20,Unclassified / low signal,Ambiguous,Low,,Deprioritize,3
portronics meaning in english,0,1,0%,20,Brand/navigation noise,Navigational / informational,Low,,Deprioritize,3
ceramic mug logo,0,1,0%,42,Other commercial products,Commercial,Medium,,Monitor,3
merchandise branding company,0,1,0%,42,Other commercial products,Commercial,Medium,,Monitor,3
promotional keychains with logo,0,1,0%,42,Other commercial products,Commercial,Medium,,Monitor,3
company branded gear,0,1,0%,43,Other commercial products,Commercial,Medium,,Monitor,3
custom giveaways,0,1,0%,43,Other commercial products,Commercial,Medium,,Monitor,3
customized yoga mat,0,1,0%,43,Other commercial products,Commercial,Medium,,Monitor,3
ceramic mugs with logo,0,1,0%,44,Other commercial products,Commercial,Medium,,Monitor,3
company merchandise,0,1,0%,44,Other commercial products,Commercial,Medium,,Monitor,3
custom bulk keychains,0,1,0%,44,Other commercial products,Commercial,Medium,,Monitor,3
customised corporate gifts india,0,1,0%,44,Other commercial products,Commercial,Medium,,Monitor,3
i want in india,1,1,100%,2,Other commercial products,Commercial,Medium,,Monitor,2
hats manufacturers,0,16,0%,40.69,Unclassified / low signal,Ambiguous,Low,,Deprioritize,2
personalised business items,0,16,0%,48.5,Unclassified / low signal,Ambiguous,Low,,Deprioritize,2
personalized merchandise,0,12,0%,41.75,Unclassified / low signal,Ambiguous,Low,,Deprioritize,2
personalised products for business,0,7,0%,48.86,Unclassified / low signal,Ambiguous,Low,,Deprioritize,2
personalized business items,0,7,0%,52.57,Unclassified / low signal,Ambiguous,Low,,Deprioritize,2
business pens,0,6,0%,43.83,Unclassified / low signal,Ambiguous,Low,,Deprioritize,2
customizable products,0,5,0%,64,Unclassified / low signal,Ambiguous,Low,,Deprioritize,2
cotton apron hsn code and gst rate,0,2,0%,1,Brand/navigation noise,Navigational / informational,Low,,Deprioritize,2
portronics is from which country,0,2,0%,5.5,Brand/navigation noise,Navigational / informational,Low,,Deprioritize,2
portronics packaging,0,2,0%,6,Brand/navigation noise,Navigational / informational,Low,,Deprioritize,2
portronics pico bluetooth speaker () reviews,0,2,0%,6,Brand/navigation noise,Navigational / informational,Low,,Deprioritize,2
about portronics,0,1,0%,21,Brand/navigation noise,Navigational / informational,Low,,Deprioritize,2
portronics items,0,1,0%,21,Brand/navigation noise,Navigational / informational,Low,,Deprioritize,2
protonixs,0,1,0%,21,Unclassified / low signal,Ambiguous,Low,,Deprioritize,2
boat company products,0,1,0%,22,Brand/navigation noise,Navigational / informational,Low,,Deprioritize,2
porteonics,0,1,0%,23,Unclassified / low signal,Ambiguous,Low,,Deprioritize,2
portronics company wikipedia,0,1,0%,23,Brand/navigation noise,Navigational / informational,Low,,Deprioritize,2
boat company logo,0,1,0%,24,Brand/navigation noise,Navigational / informational,Low,,Deprioritize,2
personalized sports bag,0,1,0%,24,Unclassified / low signal,Ambiguous,Low,,Deprioritize,2
portronics com,0,1,0%,24,Brand/navigation noise,Navigational / informational,Low,,Deprioritize,2
portronics made in which country,0,1,0%,24,Brand/navigation noise,Navigational / informational,Low,,Deprioritize,2
boat original logo,0,1,0%,25,Brand/navigation noise,Navigational / informational,Low,,Deprioritize,2
potromics,0,1,0%,25,Unclassified / low signal,Ambiguous,Low,,Deprioritize,2
monogrammed gym bag,0,1,0%,26,Unclassified / low signal,Ambiguous,Low,,Deprioritize,2
hats and shirts for business,0,1,0%,27,Unclassified / low signal,Ambiguous,Low,,Deprioritize,2
branding accessories,0,1,0%,28,Unclassified / low signal,Ambiguous,Low,,Deprioritize,2
kee creation,0,1,0%,28,Unclassified / low signal,Ambiguous,Low,,Deprioritize,2
portronics warrenty claim,0,1,0%,28,Brand/navigation noise,Navigational / informational,Low,,Deprioritize,2
portronics products online,0,1,0%,29,Brand/navigation noise,Navigational / informational,Low,,Deprioritize,2
monogrammed hats,0,1,0%,30,Unclassified / low signal,Ambiguous,Low,,Deprioritize,2
banks power sticker,0,1,0%,31,Unclassified / low signal,Ambiguous,Low,,Deprioritize,2
customique,0,1,0%,32,Unclassified / low signal,Ambiguous,Low,,Deprioritize,2
boat product portfolio,0,1,0%,33,Brand/navigation noise,Navigational / informational,Low,,Deprioritize,2
portronics digital,0,1,0%,33,Brand/navigation noise,Navigational / informational,Low,,Deprioritize,2
noise company logo,0,1,0%,34,Brand/navigation noise,Navigational / informational,Low,,Deprioritize,2
cap manufacturers in rohini,0,1,0%,35,Unclassified / low signal,Ambiguous,Low,,Deprioritize,2
corkyogis,0,1,0%,35,Unclassified / low signal,Ambiguous,Low,,Deprioritize,2
www.portronics.com,0,1,0%,35,Brand/navigation noise,Navigational / informational,Low,,Deprioritize,2
portronics electric kettle,0,1,0%,36,Brand/navigation noise,Navigational / informational,Low,,Deprioritize,2
support portronics,0,1,0%,36,Brand/navigation noise,Navigational / informational,Low,,Deprioritize,2
portronics.com,0,1,0%,38,Brand/navigation noise,Navigational / informational,Low,,Deprioritize,2
fuzo india,1,1,100%,23,Brand/navigation noise,Navigational / informational,Low,,Deprioritize,1
custom 7800mah tork portronics power bank- orange,0,4,0%,48,Brand/navigation noise,Navigational / informational,Low,,Deprioritize,1
personalized business swag,0,4,0%,58.5,Unclassified / low signal,Ambiguous,Low,,Deprioritize,1
promo wear,0,3,0%,42,Unclassified / low signal,Ambiguous,Low,,Deprioritize,1
personalised pens for business,0,3,0%,42.67,Unclassified / low signal,Ambiguous,Low,,Deprioritize,1
personalized ink pens for business,0,3,0%,43.67,Unclassified / low signal,Ambiguous,Low,,Deprioritize,1
personalised yoga mat,0,3,0%,47.67,Unclassified / low signal,Ambiguous,Low,,Deprioritize,1
portronics company owner,0,3,0%,52.67,Brand/navigation noise,Navigational / informational,Low,,Deprioritize,1
merchandise companies,0,3,0%,59,Unclassified / low signal,Ambiguous,Low,,Deprioritize,1
personalized giveaways for business,0,2,0%,40.5,Unclassified / low signal,Ambiguous,Low,,Deprioritize,1
portronics order tracking,0,2,0%,42,Brand/navigation noise,Navigational / informational,Low,,Deprioritize,1
customize hats,0,2,0%,43.5,Unclassified / low signal,Ambiguous,Low,,Deprioritize,1
personalized pens for businesses,0,2,0%,47,Unclassified / low signal,Ambiguous,Low,,Deprioritize,1
headwear manufacturers,0,2,0%,51,Unclassified / low signal,Ambiguous,Low,,Deprioritize,1
portronics digital pvt ltd,0,2,0%,53.5,Brand/navigation noise,Navigational / informational,Low,,Deprioritize,1
potronics,0,2,0%,54,Unclassified / low signal,Ambiguous,Low,,Deprioritize,1
portronics digital pvt. ltd,0,2,0%,56.5,Brand/navigation noise,Navigational / informational,Low,,Deprioritize,1
employee merchandise store,0,2,0%,57,Unclassified / low signal,Ambiguous,Low,,Deprioritize,1
coaster hsn code and gst rate,0,1,0%,1,Brand/navigation noise,Navigational / informational,Low,,Deprioritize,1
lanyard hsn code,0,1,0%,1,Brand/navigation noise,Navigational / informational,Low,,Deprioritize,1
lanyard printing hsn code and gst rate,0,1,0%,1,Brand/navigation noise,Navigational / informational,Low,,Deprioritize,1
medal gst rate,0,1,0%,1,Brand/navigation noise,Navigational / informational,Low,,Deprioritize,1
portronics brand country,0,1,0%,1,Brand/navigation noise,Navigational / informational,Low,,Deprioritize,1
portronics company which country,0,1,0%,1,Brand/navigation noise,Navigational / informational,Low,,Deprioritize,1
portronics means,0,1,0%,1,Brand/navigation noise,Navigational / informational,Low,,Deprioritize,1
show some pictures,0,1,0%,1,Unclassified / low signal,Ambiguous,Low,,Deprioritize,1
sublimation photo mug,0,1,0%,1,Unclassified / low signal,Ambiguous,Low,,Deprioritize,1
what is portronics,0,1,0%,1,Brand/navigation noise,Navigational / informational,Low,,Deprioritize,1
give me more name,0,1,0%,2,Unclassified / low signal,Ambiguous,Low,,Deprioritize,1
image,0,1,0%,2,Unclassified / low signal,Ambiguous,Low,,Deprioritize,1
numbers,0,1,0%,2,Unclassified / low signal,Ambiguous,Low,,Deprioritize,1
photronics stock,0,1,0%,2,Unclassified / low signal,Ambiguous,Low,,Deprioritize,1
portronics brand origin,0,1,0%,2,Brand/navigation noise,Navigational / informational,Low,,Deprioritize,1
business,0,1,0%,3,Unclassified / low signal,Ambiguous,Low,,Deprioritize,1
lanyard gst rate,0,1,0%,4,Brand/navigation noise,Navigational / informational,Low,,Deprioritize,1
ya kya ha,0,1,0%,4,Unclassified / low signal,Ambiguous,Low,,Deprioritize,1
yes please,0,1,0%,4,Unclassified / low signal,Ambiguous,Low,,Deprioritize,1
বিস্তারিত জানা,0,1,0%,4,Unclassified / low signal,Ambiguous,Low,,Deprioritize,1
noise india logo,0,1,0%,5,Brand/navigation noise,Navigational / informational,Low,,Deprioritize,1
portronics india,0,1,0%,5,Brand/navigation noise,Navigational / informational,Low,,Deprioritize,1
print on mug,0,1,0%,5,Unclassified / low signal,Ambiguous,Low,,Deprioritize,1
merchandise for companies,0,1,0%,6,Unclassified / low signal,Ambiguous,Low,,Deprioritize,1
portronics apollo 30 () reviews,0,1,0%,6,Brand/navigation noise,Navigational / informational,Low,,Deprioritize,1
portronics apollo one 20w bluetooth speaker () reviews,0,1,0%,6,Brand/navigation noise,Navigational / informational,Low,,Deprioritize,1
portronics beem 200+ mini wireless led projector () reviews,0,1,0%,6,Brand/navigation noise,Navigational / informational,Low,,Deprioritize,1
portronics beem 480 smart led projector () reviews,0,1,0%,6,Brand/navigation noise,Navigational / informational,Low,,Deprioritize,1
portronics freedom fold foldable wireless charger () reviews,0,1,0%,6,Brand/navigation noise,Navigational / informational,Low,,Deprioritize,1
portronics key11 combo rechargeable wireless keyboard & mouse () reviews,0,1,0%,6,Brand/navigation noise,Navigational / informational,Low,,Deprioritize,1
portronics key2 wireless keyboard & mouse combo () reviews,0,1,0%,6,Brand/navigation noise,Navigational / informational,Low,,Deprioritize,1
portronics key5 combo wireless keyboard & mouse () reviews,0,1,0%,6,Brand/navigation noise,Navigational / informational,Low,,Deprioritize,1
portronics konnect recoil 100w charging cable () reviews,0,1,0%,6,Brand/navigation noise,Navigational / informational,Low,,Deprioritize,1
portronics logo p in square,0,1,0%,6,Brand/navigation noise,Navigational / informational,Low,,Deprioritize,1
portronics luxcell wireless mini 20k () reviews,0,1,0%,6,Brand/navigation noise,Navigational / informational,Low,,Deprioritize,1
portronics my buddy k9 adjustable laptop stand () reviews,0,1,0%,6,Brand/navigation noise,Navigational / informational,Low,,Deprioritize,1
portronics ruffpad 16 lite lcd writing pad () reviews,0,1,0%,6,Brand/navigation noise,Navigational / informational,Low,,Deprioritize,1
portronics talk three wearable bluetooth speaker () reviews,0,1,0%,6,Brand/navigation noise,Navigational / informational,Low,,Deprioritize,1
portronics toad one bluetooth mouse () reviews,0,1,0%,6,Brand/navigation noise,Navigational / informational,Low,,Deprioritize,1
portronics uniconnect usb extension cable () reviews,0,1,0%,6,Brand/navigation noise,Navigational / informational,Low,,Deprioritize,1
portronics vader pro wireless mouse () reviews,0,1,0%,6,Brand/navigation noise,Navigational / informational,Low,,Deprioritize,1
portronics vayu 5.0 lite corded tyre inflator () reviews,0,1,0%,6,Brand/navigation noise,Navigational / informational,Low,,Deprioritize,1
portronics vlogmate 3 dual wireless collar lapel microphone () reviews,0,1,0%,6,Brand/navigation noise,Navigational / informational,Low,,Deprioritize,1
portronics voltclock wireless charger () reviews,0,1,0%,6,Brand/navigation noise,Navigational / informational,Low,,Deprioritize,1
كيف,0,1,0%,6,Unclassified / low signal,Ambiguous,Low,,Deprioritize,1
full color,0,1,0%,7,Unclassified / low signal,Ambiguous,Low,,Deprioritize,1
