Query,Clicks,Impressions,CTR,Position,Cluster,Intent,Commercial Relevance,Target URL,Opportunity Tier
printkee,41,68,60.29%,1.07,Printkee branded,Navigational,Medium,https://printkee.com/,Monitor
customized files for office,4,72,5.56%,6.78,Files & Folders,Commercial,High,https://printkee.com/office-and-writing/file-and-folder,Monitor
customized files,4,51,7.84%,6.61,Files & Folders,Commercial,High,https://printkee.com/office-and-writing/file-and-folder,Monitor
apron printing,2,42,4.76%,10.79,Aprons,Commercial,High,https://printkee.com/apparel-and-accessories/aprons,Tier 1
duffle bag customized,2,26,7.69%,9.46,Duffle Bags,Commercial,High,https://printkee.com/bags-and-travel/duffle-bags,Tier 1
customized office files,2,10,20%,8.9,Files & Folders,Commercial,High,https://printkee.com/office-and-writing/file-and-folder,Tier 1
custom file folders,1,57,1.75%,10.39,Files & Folders,Commercial,High,https://printkee.com/office-and-writing/file-and-folder,Tier 1
custom winter jackets,1,53,1.89%,13.36,Winter Wear,Commercial,High,https://printkee.com/apparel-and-accessories/winter-wear,Tier 1
custom files,1,47,2.13%,6.79,Files & Folders,Commercial,High,https://printkee.com/office-and-writing/file-and-folder,Tier 3
boat corporate gifting,1,32,3.12%,10.06,Brand corporate gifting,Commercial,High,https://printkee.com/brands/boat,Tier 1
customised files,1,31,3.23%,9.9,Files & Folders,Commercial,High,https://printkee.com/office-and-writing/file-and-folder,Tier 1
printed cork sheets,1,27,3.7%,8.7,Sustainable Gifts,Commercial,High,https://printkee.com/eco-products,Tier 1
customized duffle bags,1,20,5%,7.85,Duffle Bags,Commercial,High,https://printkee.com/bags-and-travel/duffle-bags,Monitor
customized file,1,13,7.69%,7.77,Files & Folders,Commercial,High,https://printkee.com/office-and-writing/file-and-folder,Monitor
customized winter jackets,1,9,11.11%,10.78,Winter Wear,Commercial,High,https://printkee.com/apparel-and-accessories/winter-wear,Tier 1
custom tie,1,9,11.11%,13.33,Ties,Commercial,High,https://printkee.com/apparel-and-accessories/ties,Tier 1
tote bags manufacturers in delhi,1,6,16.67%,15,Tote Bags,Local commercial,High,https://printkee.com/bags-and-travel/tote-bags,Tier 1
custom file printing,1,4,25%,9.25,Files & Folders,Commercial,High,https://printkee.com/office-and-writing/file-and-folder,Monitor
file customize,1,4,25%,18.5,Files & Folders,Commercial,High,https://printkee.com/office-and-writing/file-and-folder,Monitor
cork laptop sleeve,1,3,33.33%,10.67,Sustainable Gifts,Commercial,High,https://printkee.com/eco-products,Monitor
i want in india,1,1,100%,2,Other commercial products,Commercial,Medium,,Monitor
custom file folder printing,1,1,100%,7,Files & Folders,Commercial,High,https://printkee.com/office-and-writing/file-and-folder,Monitor
bulk lanyard order,1,1,100%,9,Lanyards & ID Cards,Commercial,High,https://printkee.com/office-and-writing/lanyard-and-id-card,Monitor
custom printed ties,1,1,100%,12,Ties,Commercial,High,https://printkee.com/apparel-and-accessories/ties,Monitor
fuzo india,1,1,100%,23,Brand/navigation noise,Navigational / informational,Low,,Deprioritize
corporate merchandise,0,200,0%,30.41,Corporate & Promotional Merchandise,Commercial,High,https://printkee.com/,Tier 2
printed aprons,0,171,0%,30.33,Aprons,Commercial,High,https://printkee.com/apparel-and-accessories/aprons,Tier 2
portronics logo,0,112,0%,10.38,Brand/navigation noise,Navigational / informational,Low,,Deprioritize
%portronics logo official,0,105,0%,8.57,Brand/navigation noise,Navigational / informational,Low,,Deprioritize
custom aprons with logo,0,103,0%,26.81,Aprons,Commercial,High,https://printkee.com/apparel-and-accessories/aprons,Tier 2
branded aprons,0,92,0%,20.38,Aprons,Commercial,High,https://printkee.com/apparel-and-accessories/aprons,Tier 2
custom aprons,0,92,0%,23.33,Aprons,Commercial,High,https://printkee.com/apparel-and-accessories/aprons,Tier 2
+portronics logo official,0,91,0%,8.4,Brand/navigation noise,Navigational / informational,Low,,Deprioritize
custom folders,0,89,0%,47.4,Files & Folders,Commercial,High,https://printkee.com/office-and-writing/file-and-folder,Monitor
portronics logo png,0,76,0%,11.5,Brand/navigation noise,Navigational / informational,Low,,Deprioritize
portronics,0,76,0%,18.12,Brand/navigation noise,Navigational / informational,Low,,Deprioritize
customised winter wear,0,64,0%,5.86,Winter Wear,Commercial,High,https://printkee.com/apparel-and-accessories/winter-wear,Tier 3
apron with logo,0,62,0%,10.34,Aprons,Commercial,High,https://printkee.com/apparel-and-accessories/aprons,Tier 1
is portronics indian company,0,60,0%,11.73,Brand/navigation noise,Navigational / informational,Low,,Deprioritize
mf global services,0,56,0%,9.46,Unclassified / low signal,Ambiguous,Low,,Deprioritize
branded merchandise india,0,56,0%,18.2,Corporate & Promotional Merchandise,Commercial,High,https://printkee.com/,Tier 1
personalised apron,0,56,0%,33.89,Aprons,Commercial,High,https://printkee.com/apparel-and-accessories/aprons,Tier 2
customized duffle bag,0,55,0%,9.71,Duffle Bags,Commercial,High,https://printkee.com/bags-and-travel/duffle-bags,Tier 1
portronics brand,0,48,0%,17.88,Brand/navigation noise,Navigational / informational,Low,,Deprioritize
lanyard printing,0,47,0%,38,Lanyards & ID Cards,Commercial,High,https://printkee.com/office-and-writing/lanyard-and-id-card,Tier 2
promotional clock,0,46,0%,26.87,Other commercial products,Commercial,Medium,,Tier 2
cork yoga mat,0,45,0%,58.49,Sustainable Gifts,Commercial,High,https://printkee.com/eco-products,Monitor
employee onboarding kit supplier india,0,43,0%,33,Employee Welcome Kits,Commercial,High,https://printkee.com/collection/welcome-kits,Tier 2
customised duffle bag,0,40,0%,8.5,Duffle Bags,Commercial,High,https://printkee.com/bags-and-travel/duffle-bags,Tier 1
corporate mugs,0,39,0%,48.64,Other commercial products,Commercial,Medium,,Monitor
customised aprons,0,37,0%,11.41,Aprons,Commercial,High,https://printkee.com/apparel-and-accessories/aprons,Tier 1
print custom employee welcome kits branded materials pricing,0,36,0%,4.19,Employee Welcome Kits,Commercial,High,https://printkee.com/collection/welcome-kits,Tier 3
custom backpacks with logo,0,36,0%,12.94,Backpacks & Bags,Commercial,High,https://printkee.com/bags-and-travel/backpacks,Tier 1
bulk lanyard printing,0,36,0%,14.42,Lanyards & ID Cards,Commercial,High,https://printkee.com/office-and-writing/lanyard-and-id-card,Tier 1
custom backpacks,0,35,0%,26.57,Backpacks & Bags,Commercial,High,https://printkee.com/bags-and-travel/backpacks,Tier 2
custom duffle bag,0,32,0%,7.94,Duffle Bags,Commercial,High,https://printkee.com/bags-and-travel/duffle-bags,Tier 3
lanyard printing hsn code,0,31,0%,8.68,Brand/navigation noise,Navigational / informational,Low,,Deprioritize
personalized welcome kits,0,31,0%,34.61,Employee Welcome Kits,Commercial,High,https://printkee.com/collection/welcome-kits,Tier 2
portronics wiki,0,30,0%,5.8,Brand/navigation noise,Navigational / informational,Low,,Deprioritize
corporate merchandise india,0,30,0%,41.07,Corporate & Promotional Merchandise,Commercial,High,https://printkee.com/,Monitor
branded promotional item supplier,0,30,0%,41.8,Other commercial products,Commercial,Medium,,Monitor
bulk folders with logo,0,30,0%,47.43,Files & Folders,Commercial,High,https://printkee.com/office-and-writing/file-and-folder,Monitor
apron with logo printed,0,27,0%,10.33,Aprons,Commercial,High,https://printkee.com/apparel-and-accessories/aprons,Tier 1
custom corporate merchandise,0,27,0%,29.37,Corporate & Promotional Merchandise,Commercial,High,https://printkee.com/,Tier 2
duffle bag printed,0,26,0%,9.77,Duffle Bags,Commercial,High,https://printkee.com/bags-and-travel/duffle-bags,Tier 1
custom printed ties india,0,25,0%,7.8,Ties,Commercial,High,https://printkee.com/apparel-and-accessories/ties,Tier 3
custom promotional products,0,25,0%,53.68,Corporate & Promotional Merchandise,Commercial,High,https://printkee.com/,Monitor
portronics products,0,24,0%,20.58,Brand/navigation noise,Navigational / informational,Low,,Deprioritize
promotional products supplier,0,24,0%,51.21,Corporate & Promotional Merchandise,Commercial,High,https://printkee.com/,Monitor
customize duffle bag,0,23,0%,8.65,Duffle Bags,Commercial,High,https://printkee.com/bags-and-travel/duffle-bags,Tier 1
custom promotional items,0,23,0%,55.04,Other commercial products,Commercial,Medium,,Monitor
custom wireless charger,0,22,0%,8.95,Wireless Charging,Commercial,High,https://printkee.com/technology-accessories/wireless-charging,Tier 1
drink wear,0,22,0%,10.36,Unclassified / low signal,Ambiguous,Low,,Deprioritize
branded apron,0,22,0%,10.82,Aprons,Commercial,High,https://printkee.com/apparel-and-accessories/aprons,Tier 1
headwear suppliers,0,22,0%,45.59,Unclassified / low signal,Ambiguous,Low,,Deprioritize
durable cork coasters for corporate gifting,0,21,0%,10.05,Sustainable Gifts,Commercial,High,https://printkee.com/eco-products,Tier 1
portronics corporate gifting,0,21,0%,10.57,Brand corporate gifting,Commercial,High,https://printkee.com/brands/portronics,Tier 1
custom duffle bags,0,21,0%,15.9,Duffle Bags,Commercial,High,https://printkee.com/bags-and-travel/duffle-bags,Tier 1
top id card lanyard manufacturers,0,21,0%,43.76,Lanyards & ID Cards,Commercial,High,https://printkee.com/office-and-writing/lanyard-and-id-card,Monitor
corporate welcome kit,0,21,0%,59.19,Employee Welcome Kits,Commercial,High,https://printkee.com/collection/welcome-kits,Monitor
bespoke artwork on duffle bags in delhi,0,20,0%,5.8,Duffle Bags,Local commercial,High,https://printkee.com/bags-and-travel/duffle-bags,Tier 3
duffle bag custom,0,19,0%,12.47,Duffle Bags,Commercial,High,https://printkee.com/bags-and-travel/duffle-bags,Tier 1
custom ties,0,19,0%,14.37,Ties,Commercial,High,https://printkee.com/apparel-and-accessories/ties,Tier 1
customised aprons india,0,19,0%,18.95,Aprons,Commercial,High,https://printkee.com/apparel-and-accessories/aprons,Tier 1
custom polo shirts bulk,0,19,0%,42.11,Custom Apparel,Commercial,High,https://printkee.com/apparel-and-accessories,Monitor
portronics logo stylized p,0,18,0%,9.22,Brand/navigation noise,Navigational / informational,Low,,Deprioritize
portronics bulk order,0,18,0%,11,Brand corporate gifting,Commercial,High,https://printkee.com/brands/portronics,Tier 1
personalised business merchandise,0,18,0%,43.5,Unclassified / low signal,Ambiguous,Low,,Deprioritize
premium corporate welcome kit,0,18,0%,44.72,Employee Welcome Kits,Commercial,High,https://printkee.com/collection/welcome-kits,Monitor
customized wireless charger,0,17,0%,8.41,Wireless Charging,Commercial,High,https://printkee.com/technology-accessories/wireless-charging,Tier 1
event merchandise india,0,17,0%,8.41,Event Merchandise,Commercial,High,https://printkee.com/collection,Tier 1
personalised wireless charger,0,17,0%,9.47,Wireless Charging,Commercial,High,https://printkee.com/technology-accessories/wireless-charging,Tier 1
custom cork coasters,0,17,0%,12.29,Sustainable Gifts,Commercial,High,https://printkee.com/eco-products,Tier 1
portronics which country brand,0,17,0%,14.59,Brand/navigation noise,Navigational / informational,Low,,Deprioritize
id card lanyard printing,0,17,0%,19.12,Lanyards & ID Cards,Commercial,High,https://printkee.com/office-and-writing/lanyard-and-id-card,Tier 1
personalised corporate merchandise,0,17,0%,35,Corporate & Promotional Merchandise,Commercial,High,https://printkee.com/,Tier 2
customized welcome kit,0,17,0%,40.06,Employee Welcome Kits,Commercial,High,https://printkee.com/collection/welcome-kits,Monitor
fuzo logo,0,16,0%,8.75,Brand/navigation noise,Navigational / informational,Low,,Deprioritize
custom printed file folders india,0,16,0%,13.44,Files & Folders,Commercial,High,https://printkee.com/office-and-writing/file-and-folder,Tier 1
portronics official website,0,16,0%,24.5,Brand/navigation noise,Navigational / informational,Low,,Deprioritize
corporate ties,0,16,0%,30.19,Ties,Commercial,High,https://printkee.com/apparel-and-accessories/ties,Tier 2
hats manufacturers,0,16,0%,40.69,Unclassified / low signal,Ambiguous,Low,,Deprioritize
promotional merchandise company,0,16,0%,44.19,Corporate & Promotional Merchandise,Commercial,High,https://printkee.com/,Monitor
custom corporate apparel,0,16,0%,47.94,Custom Apparel,Commercial,High,https://printkee.com/apparel-and-accessories,Monitor
personalised business items,0,16,0%,48.5,Unclassified / low signal,Ambiguous,Low,,Deprioritize
duffle bag manufacturers in delhi,0,15,0%,8.27,Duffle Bags,Local commercial,High,https://printkee.com/bags-and-travel/duffle-bags,Tier 1
kee ring,0,15,0%,11.2,Unclassified / low signal,Ambiguous,Low,,Deprioritize
fuzo,0,15,0%,15.67,Brand/navigation noise,Navigational / informational,Low,,Deprioritize
corporate coasters,0,15,0%,42.4,Other commercial products,Commercial,Medium,,Monitor
tote bag manufacturer,0,15,0%,43.33,Tote Bags,Commercial,High,https://printkee.com/bags-and-travel/tote-bags,Monitor
custom company merchandise,0,15,0%,44.8,Other commercial products,Commercial,Medium,,Monitor
custom corporate mugs,0,15,0%,45.2,Other commercial products,Commercial,Medium,,Monitor
portronics company is from which country,0,14,0%,7,Brand/navigation noise,Navigational / informational,Low,,Deprioritize
cork laptop bag,0,14,0%,10.5,Backpacks & Bags,Commercial,High,https://printkee.com/bags-and-travel/backpacks,Tier 1
cap manufacturers in gurgaon,0,14,0%,14.43,Unclassified / low signal,Ambiguous,Low,,Deprioritize
custom backpack india,0,14,0%,16.43,Backpacks & Bags,Commercial,High,https://printkee.com/bags-and-travel/backpacks,Tier 1
custom tote bags manufacturer,0,14,0%,34.14,Tote Bags,Commercial,High,https://printkee.com/bags-and-travel/tote-bags,Tier 2
custom lanyard id card printing,0,14,0%,35.29,Lanyards & ID Cards,Commercial,High,https://printkee.com/office-and-writing/lanyard-and-id-card,Tier 2
corporate logo mugs,0,14,0%,37.93,Other commercial products,Commercial,Medium,,Tier 2
personalised company merchandise,0,14,0%,42.64,Other commercial products,Commercial,Medium,,Monitor
mug corporate,0,14,0%,47.71,Other commercial products,Commercial,Medium,,Monitor
corporate branded notebooks,0,14,0%,57.29,Other commercial products,Commercial,Medium,,Monitor
personalised corporate mugs,0,14,0%,59,Other commercial products,Commercial,Medium,,Monitor
aprons with logo,0,13,0%,12.69,Aprons,Commercial,High,https://printkee.com/apparel-and-accessories/aprons,Tier 1
custom logo printed wireless chargers,0,13,0%,21.54,Wireless Charging,Commercial,High,https://printkee.com/technology-accessories/wireless-charging,Tier 2
personalized aprons,0,13,0%,30.92,Aprons,Commercial,High,https://printkee.com/apparel-and-accessories/aprons,Tier 2
branded welcome kits,0,13,0%,33,Employee Welcome Kits,Commercial,High,https://printkee.com/collection/welcome-kits,Tier 2
promotional kits supplier in india,0,13,0%,34.54,Other commercial products,Commercial,Medium,,Tier 2
corporate pens,0,13,0%,42,Other commercial products,Commercial,Medium,,Monitor
personalized company items,0,13,0%,51,Other commercial products,Commercial,Medium,,Monitor
company branded apparel,0,13,0%,55.69,Custom Apparel,Commercial,High,https://printkee.com/apparel-and-accessories,Monitor
corporate coffee mugs,0,13,0%,56.31,Other commercial products,Commercial,Medium,,Monitor
personalized promotional products,0,13,0%,59.46,Corporate & Promotional Merchandise,Commercial,High,https://printkee.com/,Monitor
custom products,0,13,0%,61.77,Other commercial products,Commercial,Medium,,Monitor
portronics brand logo,0,12,0%,2.58,Brand/navigation noise,Navigational / informational,Low,,Deprioritize
is portronics an indian company,0,12,0%,9.75,Brand/navigation noise,Navigational / informational,Low,,Deprioritize
printed power bank,0,12,0%,10.42,Power Banks,Commercial,High,https://printkee.com/technology-accessories/power-banks,Tier 1
is portronics a indian company,0,12,0%,10.5,Brand/navigation noise,Navigational / informational,Low,,Deprioritize
high quality corporate merchandise,0,12,0%,29.17,Corporate & Promotional Merchandise,Commercial,High,https://printkee.com/,Tier 2
promotional kits exporter in india,0,12,0%,30.83,Other commercial products,Commercial,Medium,,Tier 2
corporate mugs with logo,0,12,0%,41.17,Other commercial products,Commercial,Medium,,Monitor
personalized merchandise,0,12,0%,41.75,Unclassified / low signal,Ambiguous,Low,,Deprioritize
customized employee welcome kits,0,12,0%,45.58,Employee Welcome Kits,Commercial,High,https://printkee.com/collection/welcome-kits,Monitor
customized lanyard keychain printing,0,12,0%,46.42,Lanyards & ID Cards,Commercial,High,https://printkee.com/office-and-writing/lanyard-and-id-card,Monitor
corporate branded mugs,0,12,0%,50.75,Other commercial products,Commercial,Medium,,Monitor
custom business gifts,0,12,0%,51.17,Corporate & Promotional Merchandise,Commercial,High,https://printkee.com/,Monitor
corporate branded coffee mugs,0,12,0%,53.75,Other commercial products,Commercial,Medium,,Monitor
corporate logo coasters,0,12,0%,54.58,Other commercial products,Commercial,Medium,,Monitor
corporate branded apparel,0,12,0%,57.08,Custom Apparel,Commercial,High,https://printkee.com/apparel-and-accessories,Monitor
personalized company swag,0,12,0%,65.42,Other commercial products,Commercial,Medium,,Monitor
customised file,0,11,0%,8.18,Files & Folders,Commercial,High,https://printkee.com/office-and-writing/file-and-folder,Tier 1
customised tie,0,11,0%,9.73,Ties,Commercial,High,https://printkee.com/apparel-and-accessories/ties,Tier 1
printed cork coasters,0,11,0%,10.18,Sustainable Gifts,Commercial,High,https://printkee.com/eco-products,Tier 1
portronics company,0,11,0%,23.82,Brand/navigation noise,Navigational / informational,Low,,Deprioritize
promotional kits manufacturer in india,0,11,0%,30.27,Other commercial products,Commercial,Medium,,Tier 2
apron print on demand,0,11,0%,40.27,Aprons,Commercial,High,https://printkee.com/apparel-and-accessories/aprons,Monitor
lanyard for id card,0,11,0%,45.55,Lanyards & ID Cards,Commercial,High,https://printkee.com/office-and-writing/lanyard-and-id-card,Monitor
coffee mugs with corporate logo,0,11,0%,53.55,Other commercial products,Commercial,Medium,,Monitor
custom giveaway items,0,11,0%,60.82,Other commercial products,Commercial,Medium,,Monitor
cork printing,0,10,0%,7.1,Sustainable Gifts,Commercial,High,https://printkee.com/eco-products,Tier 3
customize file,0,10,0%,9.1,Files & Folders,Commercial,High,https://printkee.com/office-and-writing/file-and-folder,Tier 1
printed cotton bags suppliers in delhi,0,10,0%,9.5,Other commercial products,Commercial,Medium,,Tier 1
personalized wireless charger,0,10,0%,9.9,Wireless Charging,Commercial,High,https://printkee.com/technology-accessories/wireless-charging,Tier 1
custom file folder,0,10,0%,11.4,Files & Folders,Commercial,High,https://printkee.com/office-and-writing/file-and-folder,Tier 1
custom printed backpack,0,10,0%,14.4,Backpacks & Bags,Commercial,High,https://printkee.com/bags-and-travel/backpacks,Tier 1
custom aprons near me,0,10,0%,14.7,Aprons,Local commercial,High,https://printkee.com/apparel-and-accessories/aprons,Tier 1
fuzo products,0,10,0%,17.9,Brand/navigation noise,Navigational / informational,Low,,Deprioritize
company logo mouse pad,0,10,0%,34.8,Other commercial products,Commercial,Medium,,Tier 2
notebooks corporate gifts,0,10,0%,43.4,Other commercial products,Commercial,Medium,,Monitor
corporate welcome kits india,0,10,0%,44,Employee Welcome Kits,Commercial,High,https://printkee.com/collection/welcome-kits,Monitor
buy promotional products,0,10,0%,50.4,Corporate & Promotional Merchandise,Commercial,High,https://printkee.com/,Monitor
corporate logo coffee mugs,0,10,0%,55.1,Other commercial products,Commercial,Medium,,Monitor
corporate welcome kits,0,10,0%,56.9,Employee Welcome Kits,Commercial,High,https://printkee.com/collection/welcome-kits,Monitor
corporate gifts delhi,0,10,0%,63.9,Other commercial products,Commercial,Medium,,Monitor
portronics brand logo image,0,9,0%,6,Brand/navigation noise,Navigational / informational,Low,,Deprioritize
portronics country of origin,0,9,0%,9.33,Brand/navigation noise,Navigational / informational,Low,,Deprioritize
+portronics logo official p logo,0,9,0%,10.11,Brand/navigation noise,Navigational / informational,Low,,Deprioritize
apron logo printing,0,9,0%,10.78,Aprons,Commercial,High,https://printkee.com/apparel-and-accessories/aprons,Tier 1
portronics brand logo letter p,0,9,0%,10.89,Brand/navigation noise,Navigational / informational,Low,,Deprioritize
portronics origin country,0,9,0%,15.22,Brand/navigation noise,Navigational / informational,Low,,Deprioritize
corporate personalised notebooks,0,9,0%,43.33,Other commercial products,Commercial,Medium,,Monitor
customized welcome kit for employees,0,9,0%,45.89,Employee Welcome Kits,Commercial,High,https://printkee.com/collection/welcome-kits,Monitor
premium corporate merchandise,0,9,0%,48,Corporate & Promotional Merchandise,Commercial,High,https://printkee.com/,Monitor
custom branded promotional products,0,9,0%,48.33,Corporate & Promotional Merchandise,Commercial,High,https://printkee.com/,Monitor
custom business promotional items,0,9,0%,57.78,Other commercial products,Commercial,Medium,,Monitor
custom company swag,0,9,0%,66.44,Other commercial products,Commercial,Medium,,Monitor
cork desk accessories,0,8,0%,7.38,Sustainable Gifts,Commercial,High,https://printkee.com/eco-products,Monitor
duffle bag with company logo,0,8,0%,8.12,Duffle Bags,Commercial,High,https://printkee.com/bags-and-travel/duffle-bags,Tier 1
mouse pad in 10 minutes delivery,0,8,0%,10,Unclassified / low signal,Ambiguous,Low,,Deprioritize
portronics is indian company,0,8,0%,12.38,Brand/navigation noise,Navigational / informational,Low,,Deprioritize
personalized duffle bags,0,8,0%,16.75,Duffle Bags,Commercial,High,https://printkee.com/bags-and-travel/duffle-bags,Tier 1
promotional pen sets,0,8,0%,25.75,Other commercial products,Commercial,Medium,,Monitor
custom made aprons,0,8,0%,27.88,Aprons,Commercial,High,https://printkee.com/apparel-and-accessories/aprons,Monitor
apron custom made,0,8,0%,28.25,Aprons,Commercial,High,https://printkee.com/apparel-and-accessories/aprons,Monitor
lanyard printing near me,0,8,0%,33.62,Lanyards & ID Cards,Local commercial,High,https://printkee.com/office-and-writing/lanyard-and-id-card,Monitor
travel tote bags manufacturers in india,0,8,0%,34.12,Tote Bags,Commercial,High,https://printkee.com/bags-and-travel/tote-bags,Monitor
custom drinkware,0,8,0%,34.88,Other commercial products,Commercial,Medium,,Monitor
mousepad printing,0,8,0%,44.62,Other commercial products,Commercial,Medium,,Monitor
corporate branded coasters,0,8,0%,45.12,Other commercial products,Commercial,Medium,,Monitor
branded merchandise,0,8,0%,48.62,Corporate & Promotional Merchandise,Commercial,High,https://printkee.com/,Monitor
custom logo promotional products,0,8,0%,53.62,Corporate & Promotional Merchandise,Commercial,High,https://printkee.com/,Monitor
corporate drinkware gifts,0,8,0%,55,Other commercial products,Commercial,Medium,,Monitor
customised file folder with name,0,7,0%,8,Files & Folders,Commercial,High,https://printkee.com/office-and-writing/file-and-folder,Tier 1
custom tie with logo,0,7,0%,8.86,Ties,Commercial,High,https://printkee.com/apparel-and-accessories/ties,Tier 1
coffee mugs near me,0,7,0%,9.29,Other commercial products,Commercial,Medium,,Tier 1
branded aprons with logo,0,7,0%,9.57,Aprons,Commercial,High,https://printkee.com/apparel-and-accessories/aprons,Tier 1
acrylic trophy hsn code,0,7,0%,11,Brand/navigation noise,Navigational / informational,Low,,Deprioritize
custom lanyard printing,0,7,0%,14.71,Lanyards & ID Cards,Commercial,High,https://printkee.com/office-and-writing/lanyard-and-id-card,Tier 1
corporate branded merchandise,0,7,0%,30.29,Corporate & Promotional Merchandise,Commercial,High,https://printkee.com/,Monitor
custom corporate awards,0,7,0%,31.43,Other commercial products,Commercial,Medium,,Monitor
corporate pen printing,0,7,0%,31.86,Other commercial products,Commercial,Medium,,Monitor
pens with logo,0,7,0%,32.14,Other commercial products,Commercial,Medium,,Monitor
personalized corporate awards,0,7,0%,33.57,Other commercial products,Commercial,Medium,,Monitor
custom hats,0,7,0%,41.43,Other commercial products,Commercial,Medium,,Monitor
branded desk accessories exporter,0,7,0%,44,Other commercial products,Commercial,Medium,,Monitor
custom lanyards,0,7,0%,47,Lanyards & ID Cards,Commercial,High,https://printkee.com/office-and-writing/lanyard-and-id-card,Monitor
id card lanyard,0,7,0%,47.43,Lanyards & ID Cards,Commercial,High,https://printkee.com/office-and-writing/lanyard-and-id-card,Monitor
promotional wear,0,7,0%,48.71,Other commercial products,Commercial,Medium,,Monitor
custom printed cotton bags,0,7,0%,48.86,Other commercial products,Commercial,Medium,,Monitor
personalised products for business,0,7,0%,48.86,Unclassified / low signal,Ambiguous,Low,,Deprioritize
corporate gifts gurgaon,0,7,0%,51.57,Other commercial products,Commercial,Medium,,Monitor
personalized business items,0,7,0%,52.57,Unclassified / low signal,Ambiguous,Low,,Deprioritize
promotional products with custom logo,0,7,0%,53.57,Corporate & Promotional Merchandise,Commercial,High,https://printkee.com/,Monitor
personalised business promotional items,0,7,0%,53.71,Other commercial products,Commercial,Medium,,Monitor
branded promo products software,0,7,0%,57.29,Other commercial products,Commercial,Medium,,Monitor
promotional products online,0,7,0%,61,Corporate & Promotional Merchandise,Commercial,High,https://printkee.com/,Monitor
portronics which country,0,6,0%,5.5,Brand/navigation noise,Navigational / informational,Low,,Deprioritize
promotional duffel bag,0,6,0%,9.67,Duffle Bags,Commercial,High,https://printkee.com/bags-and-travel/duffle-bags,Tier 1
backpack with logo print,0,6,0%,10.33,Backpacks & Bags,Commercial,High,https://printkee.com/bags-and-travel/backpacks,Tier 1
is portronics indian brand,0,6,0%,10.5,Brand/navigation noise,Navigational / informational,Low,,Deprioritize
customize file folders,0,6,0%,10.67,Files & Folders,Commercial,High,https://printkee.com/office-and-writing/file-and-folder,Tier 1
customized file folder,0,6,0%,11,Files & Folders,Commercial,High,https://printkee.com/office-and-writing/file-and-folder,Tier 1
printed lanyard cards,0,6,0%,11.33,Lanyards & ID Cards,Commercial,High,https://printkee.com/office-and-writing/lanyard-and-id-card,Tier 1
customized tie,0,6,0%,13.17,Ties,Commercial,High,https://printkee.com/apparel-and-accessories/ties,Tier 1
corporate backpacks in bulk,0,6,0%,14.67,Backpacks & Bags,Commercial,High,https://printkee.com/bags-and-travel/backpacks,Tier 1
custom corporate shirt,0,6,0%,22,Custom Apparel,Commercial,High,https://printkee.com/apparel-and-accessories,Monitor
lanyard printing services in delhi,0,6,0%,27,Lanyards & ID Cards,Local commercial,High,https://printkee.com/office-and-writing/lanyard-and-id-card,Monitor
promotional tote bags supplier,0,6,0%,27.67,Tote Bags,Commercial,High,https://printkee.com/bags-and-travel/tote-bags,Monitor
tote bag manufacturers,0,6,0%,33.67,Tote Bags,Commercial,High,https://printkee.com/bags-and-travel/tote-bags,Monitor
custom file,0,6,0%,33.83,Files & Folders,Commercial,High,https://printkee.com/office-and-writing/file-and-folder,Monitor
promotional clocks,0,6,0%,34.5,Other commercial products,Commercial,Medium,,Monitor
customized apron,0,6,0%,35,Aprons,Commercial,High,https://printkee.com/apparel-and-accessories/aprons,Monitor
thank you mugs bulk,0,6,0%,36.33,Other commercial products,Commercial,Medium,,Monitor
branded merchandise for employees,0,6,0%,39,Corporate & Promotional Merchandise,Commercial,High,https://printkee.com/,Monitor
corporate pens with logo,0,6,0%,39.83,Other commercial products,Commercial,Medium,,Monitor
custom event products,0,6,0%,39.83,Other commercial products,Commercial,Medium,,Monitor
business pens,0,6,0%,43.83,Unclassified / low signal,Ambiguous,Low,,Deprioritize
logo pens,0,6,0%,45,Other commercial products,Commercial,Medium,,Monitor
mugs for corporate gifts,0,6,0%,46.83,Other commercial products,Commercial,Medium,,Monitor
bulk coffee mugs with logo,0,6,0%,47.17,Other commercial products,Commercial,Medium,,Monitor
custom printed hats,0,6,0%,49.83,Other commercial products,Commercial,Medium,,Monitor
personalized company logo items,0,6,0%,53.33,Other commercial products,Commercial,Medium,,Monitor
corporate promotional items,0,6,0%,55.17,Other commercial products,Commercial,Medium,,Monitor
custom printed lanyards,0,6,0%,56.17,Lanyards & ID Cards,Commercial,High,https://printkee.com/office-and-writing/lanyard-and-id-card,Monitor
corporate branded clothing,0,6,0%,62.33,Other commercial products,Commercial,Medium,,Monitor
corporate branded jackets,0,6,0%,71.17,Winter Wear,Commercial,High,https://printkee.com/apparel-and-accessories/winter-wear,Monitor
portronics logo official,0,5,0%,5.2,Brand/navigation noise,Navigational / informational,Low,,Deprioritize
noise brand logo,0,5,0%,7.4,Brand/navigation noise,Navigational / informational,Low,,Deprioritize
custom file folders with logo,0,5,0%,8.6,Files & Folders,Commercial,High,https://printkee.com/office-and-writing/file-and-folder,Tier 1
duffle bag custom logo,0,5,0%,8.6,Duffle Bags,Commercial,High,https://printkee.com/bags-and-travel/duffle-bags,Tier 1
duffle bag with logo,0,5,0%,8.6,Duffle Bags,Commercial,High,https://printkee.com/bags-and-travel/duffle-bags,Tier 1
promotional duffle bags,0,5,0%,9,Duffle Bags,Commercial,High,https://printkee.com/bags-and-travel/duffle-bags,Tier 1
custom tie printing,0,5,0%,9.6,Ties,Commercial,High,https://printkee.com/apparel-and-accessories/ties,Tier 1
logo duffle bag,0,5,0%,9.6,Duffle Bags,Commercial,High,https://printkee.com/bags-and-travel/duffle-bags,Tier 1
apron printing near me,0,5,0%,9.8,Aprons,Local commercial,High,https://printkee.com/apparel-and-accessories/aprons,Tier 1
customizable duffle bag,0,5,0%,11,Duffle Bags,Commercial,High,https://printkee.com/bags-and-travel/duffle-bags,Tier 1
custom embroidered ties,0,5,0%,17.6,Ties,Commercial,High,https://printkee.com/apparel-and-accessories/ties,Tier 1
promotional backpacks for corporate,0,5,0%,17.6,Backpacks & Bags,Commercial,High,https://printkee.com/bags-and-travel/backpacks,Tier 1
custom coffee,0,5,0%,18.8,Other commercial products,Commercial,Medium,,Tier 1
portronics website,0,5,0%,22.6,Brand/navigation noise,Navigational / informational,Low,,Deprioritize
custom kitchen apron,0,5,0%,24.4,Aprons,Commercial,High,https://printkee.com/apparel-and-accessories/aprons,Monitor
noise brand,0,5,0%,25.4,Brand/navigation noise,Navigational / informational,Low,,Deprioritize
company branded merchandise,0,5,0%,26.8,Corporate & Promotional Merchandise,Commercial,High,https://printkee.com/,Monitor
tie printing,0,5,0%,27.4,Ties,Commercial,High,https://printkee.com/apparel-and-accessories/ties,Monitor
id card and lanyard printing near me,0,5,0%,27.8,Lanyards & ID Cards,Local commercial,High,https://printkee.com/office-and-writing/lanyard-and-id-card,Monitor
portronics accessories,0,5,0%,28.4,Brand/navigation noise,Navigational / informational,Low,,Deprioritize
canvas tote bags delhi,0,5,0%,30.4,Tote Bags,Local commercial,High,https://printkee.com/bags-and-travel/tote-bags,Monitor
promotional corporate,0,5,0%,31,Other commercial products,Commercial,Medium,,Monitor
branded corporate items,0,5,0%,32.8,Other commercial products,Commercial,Medium,,Monitor
eco friendly welcome kit,0,5,0%,35.4,Employee Welcome Kits,Commercial,High,https://printkee.com/collection/welcome-kits,Monitor
id cards lanyards suppliers,0,5,0%,35.6,Lanyards & ID Cards,Commercial,High,https://printkee.com/office-and-writing/lanyard-and-id-card,Monitor
corporate logo merchandise,0,5,0%,36.6,Other commercial products,Commercial,Medium,,Monitor
customised backpack,0,5,0%,37.4,Backpacks & Bags,Commercial,High,https://printkee.com/bags-and-travel/backpacks,Monitor
custom corporate coasters,0,5,0%,39.4,Other commercial products,Commercial,Medium,,Monitor
branded corporate wear,0,5,0%,43,Other commercial products,Commercial,Medium,,Monitor
customized backpacks,0,5,0%,43,Backpacks & Bags,Commercial,High,https://printkee.com/bags-and-travel/backpacks,Monitor
t shirt printing in roorkee,0,5,0%,43,Other commercial products,Commercial,Medium,,Monitor
company logo coasters,0,5,0%,43.2,Other commercial products,Commercial,Medium,,Monitor
custom marketing gifts,0,5,0%,43.4,Other commercial products,Commercial,Medium,,Monitor
custom tote bags,0,5,0%,44.2,Tote Bags,Commercial,High,https://printkee.com/bags-and-travel/tote-bags,Monitor
corporate promotional merchandise,0,5,0%,44.6,Corporate & Promotional Merchandise,Commercial,High,https://printkee.com/,Monitor
company branded coasters,0,5,0%,46.8,Other commercial products,Commercial,Medium,,Monitor
custom pens,0,5,0%,46.8,Other commercial products,Commercial,Medium,,Monitor
customized corporate merchandise,0,5,0%,46.8,Corporate & Promotional Merchandise,Commercial,High,https://printkee.com/,Monitor
custom branded apparel,0,5,0%,47.4,Custom Apparel,Commercial,High,https://printkee.com/apparel-and-accessories,Monitor
custom logo hats,0,5,0%,47.8,Other commercial products,Commercial,Medium,,Monitor
custom advertising products,0,5,0%,50.2,Other commercial products,Commercial,Medium,,Monitor
promotional products suppliers,0,5,0%,53.8,Corporate & Promotional Merchandise,Commercial,High,https://printkee.com/,Monitor
personalized business promotional products,0,5,0%,54.8,Corporate & Promotional Merchandise,Commercial,High,https://printkee.com/,Monitor
branded corporate clothing,0,5,0%,55,Other commercial products,Commercial,Medium,,Monitor
custom logo items,0,5,0%,55,Other commercial products,Commercial,Medium,,Monitor
custom promotional merchandise,0,5,0%,55.4,Corporate & Promotional Merchandise,Commercial,High,https://printkee.com/,Monitor
custom swag,0,5,0%,56,Other commercial products,Commercial,Medium,,Monitor
cheap custom promotional products,0,5,0%,56.4,Corporate & Promotional Merchandise,Commercial,High,https://printkee.com/,Monitor
branded corporate apparel,0,5,0%,56.6,Custom Apparel,Commercial,High,https://printkee.com/apparel-and-accessories,Monitor
promotional products bangalore,0,5,0%,56.6,Corporate & Promotional Merchandise,Commercial,High,https://printkee.com/,Monitor
corporate gifts delhi ncr,0,5,0%,58.4,Other commercial products,Commercial,Medium,,Monitor
customisable corporate gifts,0,5,0%,58.4,Other commercial products,Commercial,Medium,,Monitor
corporate gifting drinkware,0,5,0%,58.6,Corporate & Promotional Merchandise,Commercial,High,https://printkee.com/,Monitor
custom promotional materials,0,5,0%,59.6,Other commercial products,Commercial,Medium,,Monitor
customizable products,0,5,0%,64,Unclassified / low signal,Ambiguous,Low,,Deprioritize
gst on memento,0,4,0%,1,Brand/navigation noise,Navigational / informational,Low,,Deprioritize
digital welcome kit,0,4,0%,3.5,Employee Welcome Kits,Commercial,High,https://printkee.com/collection/welcome-kits,Monitor
branded file,0,4,0%,4.75,Files & Folders,Commercial,High,https://printkee.com/office-and-writing/file-and-folder,Monitor
catering aprons with logo,0,4,0%,6,Aprons,Commercial,High,https://printkee.com/apparel-and-accessories/aprons,Monitor
yes,0,4,0%,6,Unclassified / low signal,Ambiguous,Low,,Deprioritize
portronics belongs to which country,0,4,0%,7.75,Brand/navigation noise,Navigational / informational,Low,,Deprioritize
wireless charger custom logo,0,4,0%,7.75,Wireless Charging,Commercial,High,https://printkee.com/technology-accessories/wireless-charging,Monitor
cork coaster printing,0,4,0%,8,Sustainable Gifts,Commercial,High,https://printkee.com/eco-products,Monitor
custom keychains india,0,4,0%,8.25,Other commercial products,Commercial,Medium,,Monitor
portroncs,0,4,0%,8.5,Unclassified / low signal,Ambiguous,Low,,Deprioritize
portronics logo p,0,4,0%,8.5,Brand/navigation noise,Navigational / informational,Low,,Deprioritize
cork lamps,0,4,0%,8.75,Sustainable Gifts,Commercial,High,https://printkee.com/eco-products,Monitor
printed power banks,0,4,0%,8.75,Power Banks,Commercial,High,https://printkee.com/technology-accessories/power-banks,Monitor
logo aprons,0,4,0%,9.25,Aprons,Commercial,High,https://printkee.com/apparel-and-accessories/aprons,Monitor
portronics brand logo looks like p in square,0,4,0%,9.25,Brand/navigation noise,Navigational / informational,Low,,Deprioritize
customizable file folders,0,4,0%,9.5,Files & Folders,Commercial,High,https://printkee.com/office-and-writing/file-and-folder,Monitor
logo printed aprons,0,4,0%,9.75,Aprons,Commercial,High,https://printkee.com/apparel-and-accessories/aprons,Monitor
portronics logo svg,0,4,0%,10,Brand/navigation noise,Navigational / informational,Low,,Deprioritize
fuzo company,0,4,0%,10.25,Brand/navigation noise,Navigational / informational,Low,,Deprioritize
apron printed with logo,0,4,0%,10.5,Aprons,Commercial,High,https://printkee.com/apparel-and-accessories/aprons,Monitor
aprons with logo printed,0,4,0%,10.75,Aprons,Commercial,High,https://printkee.com/apparel-and-accessories/aprons,Monitor
custom duffel bags,0,4,0%,11,Duffle Bags,Commercial,High,https://printkee.com/bags-and-travel/duffle-bags,Monitor
customized ties,0,4,0%,12.25,Ties,Commercial,High,https://printkee.com/apparel-and-accessories/ties,Monitor
embroidered duffle bags,0,4,0%,12.75,Duffle Bags,Commercial,High,https://printkee.com/bags-and-travel/duffle-bags,Monitor
custom cork yoga mat,0,4,0%,13.25,Sustainable Gifts,Commercial,High,https://printkee.com/eco-products,Monitor
tote bag quick delivery,0,4,0%,13.25,Tote Bags,Commercial,High,https://printkee.com/bags-and-travel/tote-bags,Monitor
cork wallets india,0,4,0%,14,Sustainable Gifts,Commercial,High,https://printkee.com/eco-products,Monitor
backpack printing,0,4,0%,14.5,Backpacks & Bags,Commercial,High,https://printkee.com/bags-and-travel/backpacks,Monitor
custom welcome kit,0,4,0%,14.5,Employee Welcome Kits,Commercial,High,https://printkee.com/collection/welcome-kits,Monitor
notebook merchandise,0,4,0%,19,Unclassified / low signal,Ambiguous,Low,,Deprioritize
promotional backpacks,0,4,0%,21.25,Backpacks & Bags,Commercial,High,https://printkee.com/bags-and-travel/backpacks,Monitor
noise official website,0,4,0%,22.75,Brand/navigation noise,Navigational / informational,Low,,Deprioritize
+bulk +pens +with +logo,0,4,0%,23.5,Other commercial products,Commercial,Medium,,Monitor
custom mens aprons,0,4,0%,26.5,Aprons,Commercial,High,https://printkee.com/apparel-and-accessories/aprons,Monitor
backpack print on demand,0,4,0%,27.5,Backpacks & Bags,Commercial,High,https://printkee.com/bags-and-travel/backpacks,Monitor
custom tote bags wholesale,0,4,0%,27.5,Tote Bags,Commercial,High,https://printkee.com/bags-and-travel/tote-bags,Monitor
print on demand backpacks,0,4,0%,29.5,Backpacks & Bags,Commercial,High,https://printkee.com/bags-and-travel/backpacks,Monitor
custom branded products,0,4,0%,30.25,Other commercial products,Commercial,Medium,,Monitor
portronics company origin,0,4,0%,31.25,Brand/navigation noise,Navigational / informational,Low,,Deprioritize
custom apron,0,4,0%,32,Aprons,Commercial,High,https://printkee.com/apparel-and-accessories/aprons,Monitor
corporate white shirt,0,4,0%,32.75,Other commercial products,Commercial,Medium,,Monitor
long service award memento,0,4,0%,33,Unclassified / low signal,Ambiguous,Low,,Deprioritize
promotional gifts india,0,4,0%,33.25,Other commercial products,Commercial,Medium,,Monitor
customised id card,0,4,0%,35.5,Lanyards & ID Cards,Commercial,High,https://printkee.com/office-and-writing/lanyard-and-id-card,Monitor
print on demand aprons,0,4,0%,36.25,Aprons,Commercial,High,https://printkee.com/apparel-and-accessories/aprons,Monitor
corporate promotional pens,0,4,0%,37,Other commercial products,Commercial,Medium,,Monitor
personalised corporate pens,0,4,0%,37,Other commercial products,Commercial,Medium,,Monitor
personalized business giveaways,0,4,0%,37,Unclassified / low signal,Ambiguous,Low,,Deprioritize
embroidered ties,0,4,0%,41,Ties,Commercial,High,https://printkee.com/apparel-and-accessories/ties,Monitor
personalised duffle bag,0,4,0%,41.75,Duffle Bags,Commercial,High,https://printkee.com/bags-and-travel/duffle-bags,Monitor
employee welcome kits india,0,4,0%,42.5,Employee Welcome Kits,Commercial,High,https://printkee.com/collection/welcome-kits,Monitor
id card ribbon printing,0,4,0%,42.75,Lanyards & ID Cards,Commercial,High,https://printkee.com/office-and-writing/lanyard-and-id-card,Monitor
lanyard manufacturer in delhi,0,4,0%,44,Lanyards & ID Cards,Local commercial,High,https://printkee.com/office-and-writing/lanyard-and-id-card,Monitor
cork promotional products,0,4,0%,44.25,Sustainable Gifts,Commercial,High,https://printkee.com/eco-products,Monitor
corporate clothing and gifts,0,4,0%,46,Other commercial products,Commercial,Medium,,Monitor
corporate logo items,0,4,0%,46.25,Other commercial products,Commercial,Medium,,Monitor
corporate products,0,4,0%,47,Other commercial products,Commercial,Medium,,Monitor
custom 7800mah tork portronics power bank- orange,0,4,0%,48,Brand/navigation noise,Navigational / informational,Low,,Deprioritize
customized pens for business,0,4,0%,50,Other commercial products,Commercial,Medium,,Monitor
merchandise corporate gifts,0,4,0%,51.75,Other commercial products,Commercial,Medium,,Monitor
custom print lanyards,0,4,0%,52,Lanyards & ID Cards,Commercial,High,https://printkee.com/office-and-writing/lanyard-and-id-card,Monitor
corporate gifts in gurgaon,0,4,0%,53.25,Other commercial products,Commercial,Medium,,Monitor
corporate gifts noida,0,4,0%,54.5,Other commercial products,Commercial,Medium,,Monitor
custom promo products,0,4,0%,57.75,Other commercial products,Commercial,Medium,,Monitor
personalized business promotional items,0,4,0%,58.5,Other commercial products,Commercial,Medium,,Monitor
personalized business swag,0,4,0%,58.5,Unclassified / low signal,Ambiguous,Low,,Deprioritize
corporate gifts in delhi,0,4,0%,59.75,Other commercial products,Commercial,Medium,,Monitor
branded mugs for business,0,4,0%,62.5,Other commercial products,Commercial,Medium,,Monitor
corporate mugs no minimum order,0,4,0%,69,Other commercial products,Commercial,Medium,,Monitor
lanyard hsn code 18 gst rate,0,3,0%,1.67,Brand/navigation noise,Navigational / informational,Low,,Deprioritize
"where to order personalized company merchandise and souvenirs online in 
india?",0,3,0%,5.33,Other commercial products,Commercial,Medium,,Monitor
id card lanyard hsn code and gst rate,0,3,0%,6,Brand/navigation noise,Navigational / informational,Low,,Deprioritize
personalised cork coasters,0,3,0%,6,Sustainable Gifts,Commercial,High,https://printkee.com/eco-products,Monitor
portronics logo p inside square,0,3,0%,6,Brand/navigation noise,Navigational / informational,Low,,Deprioritize
lanyard hsn code and gst rate,0,3,0%,6.67,Brand/navigation noise,Navigational / informational,Low,,Deprioritize
custom duffle bags with logo,0,3,0%,7,Duffle Bags,Commercial,High,https://printkee.com/bags-and-travel/duffle-bags,Monitor
customized cork coasters,0,3,0%,7,Sustainable Gifts,Commercial,High,https://printkee.com/eco-products,Monitor
custom winter jacket,0,3,0%,8,Winter Wear,Commercial,High,https://printkee.com/apparel-and-accessories/winter-wear,Monitor
personalised wireless phone charger,0,3,0%,8,Unclassified / low signal,Ambiguous,Low,,Deprioritize
promotional duffle bag,0,3,0%,8,Duffle Bags,Commercial,High,https://printkee.com/bags-and-travel/duffle-bags,Monitor
%portronics logo official p,0,3,0%,8.33,Brand/navigation noise,Navigational / informational,Low,,Deprioritize
premium welcome kit,0,3,0%,8.33,Employee Welcome Kits,Commercial,High,https://printkee.com/collection/welcome-kits,Monitor
apron bulk order,0,3,0%,8.67,Aprons,Commercial,High,https://printkee.com/apparel-and-accessories/aprons,Monitor
custom cork coaster,0,3,0%,8.67,Sustainable Gifts,Commercial,High,https://printkee.com/eco-products,Monitor
custom gel pen,0,3,0%,8.67,Other commercial products,Commercial,Medium,,Monitor
printed cork,0,3,0%,8.67,Sustainable Gifts,Commercial,High,https://printkee.com/eco-products,Monitor
logo wireless charger,0,3,0%,9,Wireless Charging,Commercial,High,https://printkee.com/technology-accessories/wireless-charging,Monitor
+portronics logo official p,0,3,0%,9.33,Brand/navigation noise,Navigational / informational,Low,,Deprioritize
in india,0,3,0%,9.33,Other commercial products,Commercial,Medium,,Monitor
personalized duffle bag,0,3,0%,9.33,Duffle Bags,Commercial,High,https://printkee.com/bags-and-travel/duffle-bags,Monitor
custom winter clothes,0,3,0%,9.67,Other commercial products,Commercial,Medium,,Monitor
promotional drinkware,0,3,0%,9.67,Other commercial products,Commercial,Medium,,Monitor
wireless charger customized,0,3,0%,9.67,Wireless Charging,Commercial,High,https://printkee.com/technology-accessories/wireless-charging,Monitor
custom files and folders,0,3,0%,10,Files & Folders,Commercial,High,https://printkee.com/office-and-writing/file-and-folder,Monitor
branded lanyard,0,3,0%,10.33,Lanyards & ID Cards,Commercial,High,https://printkee.com/office-and-writing/lanyard-and-id-card,Monitor
cork bags india,0,3,0%,10.33,Sustainable Gifts,Commercial,High,https://printkee.com/eco-products,Monitor
tote bags fast delivery,0,3,0%,10.33,Tote Bags,Commercial,High,https://printkee.com/bags-and-travel/tote-bags,Monitor
business apron,0,3,0%,10.67,Aprons,Commercial,High,https://printkee.com/apparel-and-accessories/aprons,Monitor
branded drinkware,0,3,0%,12.33,Other commercial products,Commercial,Medium,,Monitor
duffle bag manufacturer,0,3,0%,13.33,Duffle Bags,Commercial,High,https://printkee.com/bags-and-travel/duffle-bags,Monitor
mouse pad manufacturers in delhi,0,3,0%,13.33,Other commercial products,Commercial,Medium,,Monitor
portronics company country,0,3,0%,13.67,Brand/navigation noise,Navigational / informational,Low,,Deprioritize
custom printed duffle bags,0,3,0%,14,Duffle Bags,Commercial,High,https://printkee.com/bags-and-travel/duffle-bags,Monitor
custom printed backpacks,0,3,0%,14.33,Backpacks & Bags,Commercial,High,https://printkee.com/bags-and-travel/backpacks,Monitor
customized file folders,0,3,0%,21.67,Files & Folders,Commercial,High,https://printkee.com/office-and-writing/file-and-folder,Monitor
trophies mementos,0,3,0%,26.33,Unclassified / low signal,Ambiguous,Low,,Deprioritize
tote bag manufacturers in delhi,0,3,0%,27.33,Tote Bags,Local commercial,High,https://printkee.com/bags-and-travel/tote-bags,Monitor
mouse pad manufacturer in delhi,0,3,0%,27.67,Other commercial products,Commercial,Medium,,Monitor
lanyards for id cards,0,3,0%,30.67,Lanyards & ID Cards,Commercial,High,https://printkee.com/office-and-writing/lanyard-and-id-card,Monitor
apron customized,0,3,0%,31.67,Aprons,Commercial,High,https://printkee.com/apparel-and-accessories/aprons,Monitor
hat printing,0,3,0%,31.67,Other commercial products,Commercial,Medium,,Monitor
customised apron for men,0,3,0%,35.33,Aprons,Commercial,High,https://printkee.com/apparel-and-accessories/aprons,Monitor
custom corporate pens,0,3,0%,35.67,Other commercial products,Commercial,Medium,,Monitor
custom keychains in bulk,0,3,0%,35.67,Other commercial products,Commercial,Medium,,Monitor
custom employee welcome boxes,0,3,0%,37.67,Other commercial products,Commercial,Medium,,Monitor
id card lanyard supplier,0,3,0%,38.33,Lanyards & ID Cards,Commercial,High,https://printkee.com/office-and-writing/lanyard-and-id-card,Monitor
custom id card holder,0,3,0%,39.67,Lanyards & ID Cards,Commercial,High,https://printkee.com/office-and-writing/lanyard-and-id-card,Monitor
id cards lanyard visiting card printing services,0,3,0%,40.33,Lanyards & ID Cards,Commercial,High,https://printkee.com/office-and-writing/lanyard-and-id-card,Monitor
promo wear,0,3,0%,42,Unclassified / low signal,Ambiguous,Low,,Deprioritize
apron with name,0,3,0%,42.33,Aprons,Commercial,High,https://printkee.com/apparel-and-accessories/aprons,Monitor
custom yoga mats india,0,3,0%,42.33,Other commercial products,Commercial,Medium,,Monitor
cork promotional items,0,3,0%,42.67,Sustainable Gifts,Commercial,High,https://printkee.com/eco-products,Monitor
personalised pens for business,0,3,0%,42.67,Unclassified / low signal,Ambiguous,Low,,Deprioritize
custom logo ceramic mugs,0,3,0%,43.33,Other commercial products,Commercial,Medium,,Monitor
custom pens with logo,0,3,0%,43.33,Other commercial products,Commercial,Medium,,Monitor
personalized ink pens for business,0,3,0%,43.67,Unclassified / low signal,Ambiguous,Low,,Deprioritize
corporate apparel,0,3,0%,44,Custom Apparel,Commercial,High,https://printkee.com/apparel-and-accessories,Monitor
corporate gifts mugs,0,3,0%,44,Other commercial products,Commercial,Medium,,Monitor
personalised marketing gifts,0,3,0%,46,Other commercial products,Commercial,Medium,,Monitor
bamboo bottle manufacturer in india,0,3,0%,47,Other commercial products,Commercial,Medium,,Monitor
best corporate pens,0,3,0%,47,Other commercial products,Commercial,Medium,,Monitor
personalized bulk items,0,3,0%,47.33,Other commercial products,Commercial,Medium,,Monitor
personalised yoga mat,0,3,0%,47.67,Unclassified / low signal,Ambiguous,Low,,Deprioritize
custom bucket hats,0,3,0%,49.33,Other commercial products,Commercial,Medium,,Monitor
customised merchandise,0,3,0%,50.67,Other commercial products,Commercial,Medium,,Monitor
personalised branded gifts,0,3,0%,50.67,Other commercial products,Commercial,Medium,,Monitor
bulk promotional items,0,3,0%,51,Other commercial products,Commercial,Medium,,Monitor
other headwear supplier,0,3,0%,52.67,Other commercial products,Commercial,Medium,,Monitor
portronics company owner,0,3,0%,52.67,Brand/navigation noise,Navigational / informational,Low,,Deprioritize
corporate keychains,0,3,0%,56,Other commercial products,Commercial,Medium,,Monitor
bulk id card printing india,0,3,0%,56.67,Lanyards & ID Cards,Commercial,High,https://printkee.com/office-and-writing/lanyard-and-id-card,Monitor
custom corporate gifting,0,3,0%,58,Corporate & Promotional Merchandise,Commercial,High,https://printkee.com/,Monitor
merchandise companies,0,3,0%,59,Unclassified / low signal,Ambiguous,Low,,Deprioritize
printed business gifts,0,3,0%,60.67,Corporate & Promotional Merchandise,Commercial,High,https://printkee.com/,Monitor
customized gifts bulk,0,3,0%,61,Other commercial products,Commercial,Medium,,Monitor
personalised company gifts,0,3,0%,68.67,Other commercial products,Commercial,Medium,,Monitor
2021 diary with company logo,0,3,0%,76,Other commercial products,Commercial,Medium,,Monitor
cotton apron hsn code and gst rate,0,2,0%,1,Brand/navigation noise,Navigational / informational,Low,,Deprioritize
premium corporate branding,0,2,0%,1.5,Other commercial products,Commercial,Medium,,Monitor
promotional cap manufacturers in delhi,0,2,0%,3,Other commercial products,Commercial,Medium,,Monitor
cork coasters custom,0,2,0%,5.5,Sustainable Gifts,Commercial,High,https://printkee.com/eco-products,Monitor
portronics is from which country,0,2,0%,5.5,Brand/navigation noise,Navigational / informational,Low,,Deprioritize
cork print,0,2,0%,6,Sustainable Gifts,Commercial,High,https://printkee.com/eco-products,Monitor
portronics packaging,0,2,0%,6,Brand/navigation noise,Navigational / informational,Low,,Deprioritize
portronics pico bluetooth speaker () reviews,0,2,0%,6,Brand/navigation noise,Navigational / informational,Low,,Deprioritize
noise gift wrap kya hota hai,0,2,0%,6.5,Brand corporate gifting,Commercial,High,https://printkee.com/brands/noise,Monitor
duffle bags customized,0,2,0%,7,Duffle Bags,Commercial,High,https://printkee.com/bags-and-travel/duffle-bags,Monitor
corporate duffle bag,0,2,0%,7.5,Duffle Bags,Commercial,High,https://printkee.com/bags-and-travel/duffle-bags,Monitor
custom logo tie,0,2,0%,7.5,Ties,Commercial,High,https://printkee.com/apparel-and-accessories/ties,Monitor
duffle bags with logo,0,2,0%,7.5,Duffle Bags,Commercial,High,https://printkee.com/bags-and-travel/duffle-bags,Monitor
protronics logo,0,2,0%,7.5,Other commercial products,Commercial,Medium,,Monitor
bulk lanyards,0,2,0%,8,Lanyards & ID Cards,Commercial,High,https://printkee.com/office-and-writing/lanyard-and-id-card,Monitor
large cork coasters,0,2,0%,8,Sustainable Gifts,Commercial,High,https://printkee.com/eco-products,Monitor
custom travel backpack,0,2,0%,8.5,Backpacks & Bags,Commercial,High,https://printkee.com/bags-and-travel/backpacks,Monitor
customizable cork coasters,0,2,0%,8.5,Sustainable Gifts,Commercial,High,https://printkee.com/eco-products,Monitor
customizable wireless charger,0,2,0%,8.5,Wireless Charging,Commercial,High,https://printkee.com/technology-accessories/wireless-charging,Monitor
logo printed backpacks,0,2,0%,8.5,Backpacks & Bags,Commercial,High,https://printkee.com/bags-and-travel/backpacks,Monitor
apron customized near me,0,2,0%,9,Aprons,Local commercial,High,https://printkee.com/apparel-and-accessories/aprons,Monitor
cork coasters wholesale,0,2,0%,9,Sustainable Gifts,Commercial,High,https://printkee.com/eco-products,Monitor
customized folders with logo,0,2,0%,9,Files & Folders,Commercial,High,https://printkee.com/office-and-writing/file-and-folder,Monitor
hat customization near me,0,2,0%,9,Other commercial products,Commercial,Medium,,Monitor
order apron with logo,0,2,0%,9,Aprons,Commercial,High,https://printkee.com/apparel-and-accessories/aprons,Monitor
personalised charging pad,0,2,0%,9,Unclassified / low signal,Ambiguous,Low,,Deprioritize
portronics is indian brand,0,2,0%,9,Brand/navigation noise,Navigational / informational,Low,,Deprioritize
apron customization,0,2,0%,9.5,Aprons,Commercial,High,https://printkee.com/apparel-and-accessories/aprons,Monitor
branded file folders,0,2,0%,9.5,Files & Folders,Commercial,High,https://printkee.com/office-and-writing/file-and-folder,Monitor
custom mugs near me,0,2,0%,9.5,Other commercial products,Commercial,Medium,,Monitor
custom weekender bag,0,2,0%,9.5,Other commercial products,Commercial,Medium,,Monitor
engraved duffle bag,0,2,0%,9.5,Duffle Bags,Commercial,High,https://printkee.com/bags-and-travel/duffle-bags,Monitor
lanyard and id card printing,0,2,0%,9.5,Lanyards & ID Cards,Commercial,High,https://printkee.com/office-and-writing/lanyard-and-id-card,Monitor
wireless charging pad with logo,0,2,0%,9.5,Wireless Charging,Commercial,High,https://printkee.com/technology-accessories/wireless-charging,Monitor
custom backpack,0,2,0%,10,Backpacks & Bags,Commercial,High,https://printkee.com/bags-and-travel/backpacks,Monitor
portronics is a indian brand,0,2,0%,10,Brand/navigation noise,Navigational / informational,Low,,Deprioritize
promotional aprons,0,2,0%,10,Aprons,Commercial,High,https://printkee.com/apparel-and-accessories/aprons,Monitor
%portronics logo official p logo,0,2,0%,10.5,Brand/navigation noise,Navigational / informational,Low,,Deprioritize
custom embroidered duffle bags,0,2,0%,10.5,Duffle Bags,Commercial,High,https://printkee.com/bags-and-travel/duffle-bags,Monitor
custom printed files,0,2,0%,10.5,Files & Folders,Commercial,High,https://printkee.com/office-and-writing/file-and-folder,Monitor
customized gel pens,0,2,0%,10.5,Other commercial products,Commercial,Medium,,Monitor
duffle bag personalized,0,2,0%,10.5,Duffle Bags,Commercial,High,https://printkee.com/bags-and-travel/duffle-bags,Monitor
portronics logo p square,0,2,0%,10.5,Brand/navigation noise,Navigational / informational,Low,,Deprioritize
printed duffle bag,0,2,0%,10.5,Duffle Bags,Commercial,High,https://printkee.com/bags-and-travel/duffle-bags,Monitor
aprons customized with logo,0,2,0%,11,Aprons,Commercial,High,https://printkee.com/apparel-and-accessories/aprons,Monitor
custom made ties,0,2,0%,11,Ties,Commercial,High,https://printkee.com/apparel-and-accessories/ties,Monitor
duffle bag manufacturers,0,2,0%,12,Duffle Bags,Commercial,High,https://printkee.com/bags-and-travel/duffle-bags,Monitor
portronics is an indian company,0,2,0%,12,Brand/navigation noise,Navigational / informational,Low,,Deprioritize
polo shirts embroidery near me,0,2,0%,12.5,Custom Apparel,Local commercial,High,https://printkee.com/apparel-and-accessories,Monitor
custom mouse pad near me,0,2,0%,13,Other commercial products,Commercial,Medium,,Monitor
custom ties with logo,0,2,0%,13,Ties,Commercial,High,https://printkee.com/apparel-and-accessories/ties,Monitor
printed duffle bags,0,2,0%,13,Duffle Bags,Commercial,High,https://printkee.com/bags-and-travel/duffle-bags,Monitor
tote bag manufacturers delhi,0,2,0%,13,Tote Bags,Local commercial,High,https://printkee.com/bags-and-travel/tote-bags,Monitor
protonics logo,0,2,0%,13.5,Other commercial products,Commercial,Medium,,Monitor
sublimated duffle bags suppliers,0,2,0%,13.5,Duffle Bags,Commercial,High,https://printkee.com/bags-and-travel/duffle-bags,Monitor
lanyard printing in delhi,0,2,0%,14,Lanyards & ID Cards,Local commercial,High,https://printkee.com/office-and-writing/lanyard-and-id-card,Monitor
custom hats near me,0,2,0%,14.5,Other commercial products,Commercial,Medium,,Monitor
portronics electronics,0,2,0%,14.5,Brand/navigation noise,Navigational / informational,Low,,Deprioritize
custom wireless charger manufacturer,0,2,0%,15,Wireless Charging,Commercial,High,https://printkee.com/technology-accessories/wireless-charging,Monitor
portronics product,0,2,0%,15.5,Brand/navigation noise,Navigational / informational,Low,,Deprioritize
monkkee diary,0,2,0%,16,Unclassified / low signal,Ambiguous,Low,,Deprioritize
print logo on apron,0,2,0%,16,Aprons,Commercial,High,https://printkee.com/apparel-and-accessories/aprons,Monitor
boat headphones logo,0,2,0%,16.5,Brand/navigation noise,Navigational / informational,Low,,Deprioritize
ties with logos,0,2,0%,17,Ties,Commercial,High,https://printkee.com/apparel-and-accessories/ties,Monitor
boat earphones logo,0,2,0%,18,Brand/navigation noise,Navigational / informational,Low,,Deprioritize
mouse pad manufacturers near me,0,2,0%,19,Other commercial products,Commercial,Medium,,Monitor
personalized file folders,0,2,0%,19,Files & Folders,Commercial,High,https://printkee.com/office-and-writing/file-and-folder,Monitor
custom gel pens,0,2,0%,19.5,Other commercial products,Commercial,Medium,,Monitor
customize apron,0,2,0%,19.5,Aprons,Commercial,High,https://printkee.com/apparel-and-accessories/aprons,Monitor
travel tote bag manufacturers,0,2,0%,19.5,Tote Bags,Commercial,High,https://printkee.com/bags-and-travel/tote-bags,Monitor
customised ties,0,2,0%,20.5,Ties,Commercial,High,https://printkee.com/apparel-and-accessories/ties,Monitor
portronics meaning,0,2,0%,21,Brand/navigation noise,Navigational / informational,Low,,Deprioritize
tie with logo,0,2,0%,21,Ties,Commercial,High,https://printkee.com/apparel-and-accessories/ties,Monitor
custom logo backpacks,0,2,0%,21.5,Backpacks & Bags,Commercial,High,https://printkee.com/bags-and-travel/backpacks,Monitor
custom trophies,0,2,0%,21.5,Other commercial products,Commercial,Medium,,Monitor
wireless charger with logo,0,2,0%,22.5,Wireless Charging,Commercial,High,https://printkee.com/technology-accessories/wireless-charging,Monitor
corporate merchandise store,0,2,0%,25,Corporate & Promotional Merchandise,Commercial,High,https://printkee.com/,Monitor
apron customised,0,2,0%,25.5,Aprons,Commercial,High,https://printkee.com/apparel-and-accessories/aprons,Monitor
cork coasters,0,2,0%,26,Sustainable Gifts,Commercial,High,https://printkee.com/eco-products,Monitor
custom baseball duffle bags,0,2,0%,26,Duffle Bags,Commercial,High,https://printkee.com/bags-and-travel/duffle-bags,Monitor
id card less printing,0,2,0%,26,Lanyards & ID Cards,Commercial,High,https://printkee.com/office-and-writing/lanyard-and-id-card,Monitor
portronics wikipedia,0,2,0%,26,Brand/navigation noise,Navigational / informational,Low,,Deprioritize
lanyards bulk,0,2,0%,26.5,Lanyards & ID Cards,Commercial,High,https://printkee.com/office-and-writing/lanyard-and-id-card,Monitor
boat myshopify,0,2,0%,27,Brand/navigation noise,Navigational / informational,Low,,Deprioritize
bulk custom lanyards,0,2,0%,27,Lanyards & ID Cards,Commercial,High,https://printkee.com/office-and-writing/lanyard-and-id-card,Monitor
portronics country,0,2,0%,27,Brand/navigation noise,Navigational / informational,Low,,Deprioritize
branded merchandise company,0,2,0%,27.5,Corporate & Promotional Merchandise,Commercial,High,https://printkee.com/,Monitor
cheap pens with logo in bulk,0,2,0%,27.5,Other commercial products,Commercial,Medium,,Monitor
portronics all products,0,2,0%,28.5,Brand/navigation noise,Navigational / informational,Low,,Deprioritize
portronics support,0,2,0%,28.5,Brand/navigation noise,Navigational / informational,Low,,Deprioritize
customized momentos,0,2,0%,29,Other commercial products,Commercial,Medium,,Monitor
trophies and mementos,0,2,0%,29.5,Unclassified / low signal,Ambiguous,Low,,Deprioritize
chef aprons with logo,0,2,0%,30,Aprons,Commercial,High,https://printkee.com/apparel-and-accessories/aprons,Monitor
noise sponsorship,0,2,0%,30,Brand/navigation noise,Navigational / informational,Low,,Deprioritize
porronics,0,2,0%,31,Unclassified / low signal,Ambiguous,Low,,Deprioritize
customize id card holder,0,2,0%,31.5,Lanyards & ID Cards,Commercial,High,https://printkee.com/office-and-writing/lanyard-and-id-card,Monitor
custom mousepad printing,0,2,0%,32,Other commercial products,Commercial,Medium,,Monitor
cork planters,0,2,0%,32.5,Sustainable Gifts,Commercial,High,https://printkee.com/eco-products,Monitor
shop portronics products online,0,2,0%,33,Brand/navigation noise,Navigational / informational,Low,,Deprioritize
custom business notebooks,0,2,0%,35.5,Other commercial products,Commercial,Medium,,Monitor
customised apron for women,0,2,0%,36.5,Aprons,Commercial,High,https://printkee.com/apparel-and-accessories/aprons,Monitor
cork lined serving tray,0,2,0%,37,Sustainable Gifts,Commercial,High,https://printkee.com/eco-products,Monitor
portronics headquarters,0,2,0%,37,Brand/navigation noise,Navigational / informational,Low,,Deprioritize
company pens with logo,0,2,0%,38.5,Other commercial products,Commercial,Medium,,Monitor
print on cork,0,2,0%,38.5,Sustainable Gifts,Commercial,High,https://printkee.com/eco-products,Monitor
wholesale custom hats,0,2,0%,38.5,Other commercial products,Commercial,Medium,,Monitor
customized id card holder,0,2,0%,39,Lanyards & ID Cards,Commercial,High,https://printkee.com/office-and-writing/lanyard-and-id-card,Monitor
embroidered tie,0,2,0%,39.5,Ties,Commercial,High,https://printkee.com/apparel-and-accessories/ties,Monitor
custom printed folders,0,2,0%,40,Files & Folders,Commercial,High,https://printkee.com/office-and-writing/file-and-folder,Monitor
ink pens with logo,0,2,0%,40.5,Other commercial products,Commercial,Medium,,Monitor
personalized giveaways for business,0,2,0%,40.5,Unclassified / low signal,Ambiguous,Low,,Deprioritize
personalised company pens,0,2,0%,41.5,Other commercial products,Commercial,Medium,,Monitor
corporate notebooks,0,2,0%,42,Other commercial products,Commercial,Medium,,Monitor
custom lanyards printing,0,2,0%,42,Lanyards & ID Cards,Commercial,High,https://printkee.com/office-and-writing/lanyard-and-id-card,Monitor
custom tie manufacturers,0,2,0%,42,Ties,Commercial,High,https://printkee.com/apparel-and-accessories/ties,Monitor
portronics order tracking,0,2,0%,42,Brand/navigation noise,Navigational / informational,Low,,Deprioritize
logo tie,0,2,0%,42.5,Ties,Commercial,High,https://printkee.com/apparel-and-accessories/ties,Monitor
customize hats,0,2,0%,43.5,Unclassified / low signal,Ambiguous,Low,,Deprioritize
branded merchandise suppliers,0,2,0%,44,Corporate & Promotional Merchandise,Commercial,High,https://printkee.com/,Monitor
mouse pad printing,0,2,0%,44.5,Other commercial products,Commercial,Medium,,Monitor
cork tray,0,2,0%,45,Sustainable Gifts,Commercial,High,https://printkee.com/eco-products,Monitor
pvc cards and lanyard,0,2,0%,45,Lanyards & ID Cards,Commercial,High,https://printkee.com/office-and-writing/lanyard-and-id-card,Monitor
welcome kits,0,2,0%,45.5,Employee Welcome Kits,Commercial,High,https://printkee.com/collection/welcome-kits,Monitor
pens for business gifts,0,2,0%,46,Corporate & Promotional Merchandise,Commercial,High,https://printkee.com/,Monitor
customized corporate giveaways,0,2,0%,46.5,Other commercial products,Commercial,Medium,,Monitor
noise gift card,0,2,0%,46.5,Brand corporate gifting,Commercial,High,https://printkee.com/brands/noise,Monitor
customized hats,0,2,0%,47,Other commercial products,Commercial,Medium,,Monitor
id card tag printing,0,2,0%,47,Lanyards & ID Cards,Commercial,High,https://printkee.com/office-and-writing/lanyard-and-id-card,Monitor
personalized pens for businesses,0,2,0%,47,Unclassified / low signal,Ambiguous,Low,,Deprioritize
corporate promotional materials,0,2,0%,47.5,Other commercial products,Commercial,Medium,,Monitor
corporate promotional products,0,2,0%,47.5,Corporate & Promotional Merchandise,Commercial,High,https://printkee.com/,Monitor
personalized bulk,0,2,0%,47.5,Other commercial products,Commercial,Medium,,Monitor
personalized company logo gifts,0,2,0%,48,Other commercial products,Commercial,Medium,,Monitor
+order +custom +pens +online,0,2,0%,48.5,Other commercial products,Commercial,Medium,,Monitor
custom bulk gifts,0,2,0%,49,Other commercial products,Commercial,Medium,,Monitor
customized items corporation,0,2,0%,49,Other commercial products,Commercial,Medium,,Monitor
personalized company pens,0,2,0%,49,Other commercial products,Commercial,Medium,,Monitor
corporate promo items,0,2,0%,49.5,Other commercial products,Commercial,Medium,,Monitor
branded folders,0,2,0%,50,Files & Folders,Commercial,High,https://printkee.com/office-and-writing/file-and-folder,Monitor
custom branded corporate gifts,0,2,0%,50.5,Other commercial products,Commercial,Medium,,Monitor
custom made corporate gifts,0,2,0%,51,Other commercial products,Commercial,Medium,,Monitor
headwear manufacturers,0,2,0%,51,Unclassified / low signal,Ambiguous,Low,,Deprioritize
promotional keychain printing,0,2,0%,51,Other commercial products,Commercial,Medium,,Monitor
promotional products india,0,2,0%,51,Corporate & Promotional Merchandise,Commercial,High,https://printkee.com/,Monitor
custom company gifts,0,2,0%,52,Other commercial products,Commercial,Medium,,Monitor
corporate gifting in noida,0,2,0%,52.5,Corporate & Promotional Merchandise,Local commercial,High,https://printkee.com/,Monitor
bulk custom gifts,0,2,0%,53,Other commercial products,Commercial,Medium,,Monitor
custom corporate,0,2,0%,53,Other commercial products,Commercial,Medium,,Monitor
custom employee welcome kit,0,2,0%,53,Employee Welcome Kits,Commercial,High,https://printkee.com/collection/welcome-kits,Monitor
promotional products tote bags,0,2,0%,53,Tote Bags,Commercial,High,https://printkee.com/bags-and-travel/tote-bags,Monitor
custom printing promotional products,0,2,0%,53.5,Corporate & Promotional Merchandise,Commercial,High,https://printkee.com/,Monitor
global corporate merchandise,0,2,0%,53.5,Corporate & Promotional Merchandise,Commercial,High,https://printkee.com/,Monitor
portronics digital pvt ltd,0,2,0%,53.5,Brand/navigation noise,Navigational / informational,Low,,Deprioritize
potronics,0,2,0%,54,Unclassified / low signal,Ambiguous,Low,,Deprioritize
promotional corporate merchandise,0,2,0%,54,Corporate & Promotional Merchandise,Commercial,High,https://printkee.com/,Monitor
customized promotional product,0,2,0%,55.5,Corporate & Promotional Merchandise,Commercial,High,https://printkee.com/,Monitor
order company merch,0,2,0%,56,Other commercial products,Commercial,Medium,,Monitor
lanyards printing,0,2,0%,56.5,Lanyards & ID Cards,Commercial,High,https://printkee.com/office-and-writing/lanyard-and-id-card,Monitor
portronics digital pvt. ltd,0,2,0%,56.5,Brand/navigation noise,Navigational / informational,Low,,Deprioritize
employee merchandise store,0,2,0%,57,Unclassified / low signal,Ambiguous,Low,,Deprioritize
corporate printed gifts,0,2,0%,57.5,Other commercial products,Commercial,Medium,,Monitor
custom printed lanyard,0,2,0%,57.5,Lanyards & ID Cards,Commercial,High,https://printkee.com/office-and-writing/lanyard-and-id-card,Monitor
custom swag kits,0,2,0%,58,Other commercial products,Commercial,Medium,,Monitor
cotton tote bag manufacturers in india,0,2,0%,58.5,Tote Bags,Commercial,High,https://printkee.com/bags-and-travel/tote-bags,Monitor
branded merch,0,2,0%,59,Other commercial products,Commercial,Medium,,Monitor
bulk customized gifts,0,2,0%,61,Other commercial products,Commercial,Medium,,Monitor
multicolour lanyard printing,0,2,0%,61,Lanyards & ID Cards,Commercial,High,https://printkee.com/office-and-writing/lanyard-and-id-card,Monitor
branded promotional clothing,0,2,0%,61.5,Other commercial products,Commercial,Medium,,Monitor
printed promotional items,0,2,0%,65,Other commercial products,Commercial,Medium,,Monitor
printed corporate gifts,0,2,0%,67.5,Other commercial products,Commercial,Medium,,Monitor
cork mat,0,2,0%,70,Sustainable Gifts,Commercial,High,https://printkee.com/eco-products,Monitor
cork garden,0,2,0%,71.5,Sustainable Gifts,Commercial,High,https://printkee.com/eco-products,Monitor
corporate jackets,0,2,0%,75.5,Winter Wear,Commercial,High,https://printkee.com/apparel-and-accessories/winter-wear,Monitor
premium desk accessories manufacturer,0,2,0%,76.5,Other commercial products,Commercial,Medium,,Monitor
cdr file maker near me,0,1,0%,1,Files & Folders,Local commercial,High,https://printkee.com/office-and-writing/file-and-folder,Monitor
coaster hsn code and gst rate,0,1,0%,1,Brand/navigation noise,Navigational / informational,Low,,Deprioritize
lanyard hsn code,0,1,0%,1,Brand/navigation noise,Navigational / informational,Low,,Deprioritize
lanyard printing hsn code and gst rate,0,1,0%,1,Brand/navigation noise,Navigational / informational,Low,,Deprioritize
magic mug printing near me,0,1,0%,1,Other commercial products,Commercial,Medium,,Monitor
medal gst rate,0,1,0%,1,Brand/navigation noise,Navigational / informational,Low,,Deprioritize
polaroid photo print shop near me,0,1,0%,1,Other commercial products,Commercial,Medium,,Monitor
portronics brand country,0,1,0%,1,Brand/navigation noise,Navigational / informational,Low,,Deprioritize
portronics company which country,0,1,0%,1,Brand/navigation noise,Navigational / informational,Low,,Deprioritize
portronics means,0,1,0%,1,Brand/navigation noise,Navigational / informational,Low,,Deprioritize
show some pictures,0,1,0%,1,Unclassified / low signal,Ambiguous,Low,,Deprioritize
sublimation photo mug,0,1,0%,1,Unclassified / low signal,Ambiguous,Low,,Deprioritize
what is portronics,0,1,0%,1,Brand/navigation noise,Navigational / informational,Low,,Deprioritize
which wireless chargers are best for logo printing?,0,1,0%,1,Wireless Charging,Commercial,High,https://printkee.com/technology-accessories/wireless-charging,Monitor
branded computer accessories for employees,0,1,0%,2,Other commercial products,Commercial,Medium,,Monitor
duffle bags custom,0,1,0%,2,Duffle Bags,Commercial,High,https://printkee.com/bags-and-travel/duffle-bags,Monitor
give me more name,0,1,0%,2,Unclassified / low signal,Ambiguous,Low,,Deprioritize
image,0,1,0%,2,Unclassified / low signal,Ambiguous,Low,,Deprioritize
numbers,0,1,0%,2,Unclassified / low signal,Ambiguous,Low,,Deprioritize
photronics stock,0,1,0%,2,Unclassified / low signal,Ambiguous,Low,,Deprioritize
portronics brand origin,0,1,0%,2,Brand/navigation noise,Navigational / informational,Low,,Deprioritize
which company is this,0,1,0%,2,Other commercial products,Commercial,Medium,,Monitor
apron,0,1,0%,3,Aprons,Commercial,High,https://printkee.com/apparel-and-accessories/aprons,Monitor
beste luxus-geschenkideen zu diwali,0,1,0%,3,Diwali Gifting,Commercial,High,https://printkee.com/diwali-special,Monitor
bulk,0,1,0%,3,Other commercial products,Commercial,Medium,,Monitor
business,0,1,0%,3,Unclassified / low signal,Ambiguous,Low,,Deprioritize
business logo coffee mugs,0,1,0%,3,Other commercial products,Commercial,Medium,,Monitor
custom notebook printing india,0,1,0%,3,Other commercial products,Commercial,Medium,,Monitor
corporate,0,1,0%,4,Other commercial products,Commercial,Medium,,Monitor
corporate gift wireless charger,0,1,0%,4,Wireless Charging,Commercial,High,https://printkee.com/technology-accessories/wireless-charging,Monitor
lanyard gst rate,0,1,0%,4,Brand/navigation noise,Navigational / informational,Low,,Deprioritize
power bank printing,0,1,0%,4,Power Banks,Commercial,High,https://printkee.com/technology-accessories/power-banks,Monitor
ya kya ha,0,1,0%,4,Unclassified / low signal,Ambiguous,Low,,Deprioritize
yes please,0,1,0%,4,Unclassified / low signal,Ambiguous,Low,,Deprioritize
বিস্তারিত জানা,0,1,0%,4,Unclassified / low signal,Ambiguous,Low,,Deprioritize
custom backpack with logo,0,1,0%,5,Backpacks & Bags,Commercial,High,https://printkee.com/bags-and-travel/backpacks,Monitor
custom bags,0,1,0%,5,Other commercial products,Commercial,Medium,,Monitor
custom branded equipment,0,1,0%,5,Other commercial products,Commercial,Medium,,Monitor
custom hat maker near me,0,1,0%,5,Other commercial products,Commercial,Medium,,Monitor
customized backpack india,0,1,0%,5,Backpacks & Bags,Commercial,High,https://printkee.com/bags-and-travel/backpacks,Monitor
duffle bag print,0,1,0%,5,Duffle Bags,Commercial,High,https://printkee.com/bags-and-travel/duffle-bags,Monitor
noise india logo,0,1,0%,5,Brand/navigation noise,Navigational / informational,Low,,Deprioritize
personalized wireless chargers,0,1,0%,5,Wireless Charging,Commercial,High,https://printkee.com/technology-accessories/wireless-charging,Monitor
portronics india,0,1,0%,5,Brand/navigation noise,Navigational / informational,Low,,Deprioritize
print on mug,0,1,0%,5,Unclassified / low signal,Ambiguous,Low,,Deprioritize
branded mousepads,0,1,0%,6,Other commercial products,Commercial,Medium,,Monitor
custom aprons bulk,0,1,0%,6,Aprons,Commercial,High,https://printkee.com/apparel-and-accessories/aprons,Monitor
custom business folders,0,1,0%,6,Files & Folders,Commercial,High,https://printkee.com/office-and-writing/file-and-folder,Monitor
custom company ties,0,1,0%,6,Ties,Commercial,High,https://printkee.com/apparel-and-accessories/ties,Monitor
custom duffel bag,0,1,0%,6,Duffle Bags,Commercial,High,https://printkee.com/bags-and-travel/duffle-bags,Monitor
laptop wrap near me,0,1,0%,6,Other commercial products,Commercial,Medium,,Monitor
merchandise for companies,0,1,0%,6,Unclassified / low signal,Ambiguous,Low,,Deprioritize
portonics logo,0,1,0%,6,Other commercial products,Commercial,Medium,,Monitor
portronics apollo 30 () reviews,0,1,0%,6,Brand/navigation noise,Navigational / informational,Low,,Deprioritize
portronics apollo one 20w bluetooth speaker () reviews,0,1,0%,6,Brand/navigation noise,Navigational / informational,Low,,Deprioritize
portronics beem 200+ mini wireless led projector () reviews,0,1,0%,6,Brand/navigation noise,Navigational / informational,Low,,Deprioritize
portronics beem 480 smart led projector () reviews,0,1,0%,6,Brand/navigation noise,Navigational / informational,Low,,Deprioritize
portronics freedom fold foldable wireless charger () reviews,0,1,0%,6,Brand/navigation noise,Navigational / informational,Low,,Deprioritize
portronics key11 combo rechargeable wireless keyboard & mouse () reviews,0,1,0%,6,Brand/navigation noise,Navigational / informational,Low,,Deprioritize
portronics key2 wireless keyboard & mouse combo () reviews,0,1,0%,6,Brand/navigation noise,Navigational / informational,Low,,Deprioritize
portronics key5 combo wireless keyboard & mouse () reviews,0,1,0%,6,Brand/navigation noise,Navigational / informational,Low,,Deprioritize
portronics konnect recoil 100w charging cable () reviews,0,1,0%,6,Brand/navigation noise,Navigational / informational,Low,,Deprioritize
portronics logo p in square,0,1,0%,6,Brand/navigation noise,Navigational / informational,Low,,Deprioritize
portronics luxcell wireless mini 20k () reviews,0,1,0%,6,Brand/navigation noise,Navigational / informational,Low,,Deprioritize
portronics my buddy k9 adjustable laptop stand () reviews,0,1,0%,6,Brand/navigation noise,Navigational / informational,Low,,Deprioritize
portronics ruffpad 16 lite lcd writing pad () reviews,0,1,0%,6,Brand/navigation noise,Navigational / informational,Low,,Deprioritize
portronics talk three wearable bluetooth speaker () reviews,0,1,0%,6,Brand/navigation noise,Navigational / informational,Low,,Deprioritize
portronics toad one bluetooth mouse () reviews,0,1,0%,6,Brand/navigation noise,Navigational / informational,Low,,Deprioritize
portronics uniconnect usb extension cable () reviews,0,1,0%,6,Brand/navigation noise,Navigational / informational,Low,,Deprioritize
portronics vader pro wireless mouse () reviews,0,1,0%,6,Brand/navigation noise,Navigational / informational,Low,,Deprioritize
portronics vayu 5.0 lite corded tyre inflator () reviews,0,1,0%,6,Brand/navigation noise,Navigational / informational,Low,,Deprioritize
portronics vlogmate 3 dual wireless collar lapel microphone () reviews,0,1,0%,6,Brand/navigation noise,Navigational / informational,Low,,Deprioritize
portronics voltclock wireless charger () reviews,0,1,0%,6,Brand/navigation noise,Navigational / informational,Low,,Deprioritize
print on apron,0,1,0%,6,Aprons,Commercial,High,https://printkee.com/apparel-and-accessories/aprons,Monitor
كيف,0,1,0%,6,Unclassified / low signal,Ambiguous,Low,,Deprioritize
"""momento shield"" sellers india",0,1,0%,7,Other commercial products,Commercial,Medium,,Monitor
business apparel near me,0,1,0%,7,Custom Apparel,Local commercial,High,https://printkee.com/apparel-and-accessories,Monitor
company branded notebooks,0,1,0%,7,Other commercial products,Commercial,Medium,,Monitor
custom aprons for business,0,1,0%,7,Aprons,Commercial,High,https://printkee.com/apparel-and-accessories/aprons,Monitor
custom hat shaping near me,0,1,0%,7,Other commercial products,Commercial,Medium,,Monitor
custom made duffle bags,0,1,0%,7,Duffle Bags,Commercial,High,https://printkee.com/bags-and-travel/duffle-bags,Monitor
custom notebook india,0,1,0%,7,Other commercial products,Commercial,Medium,,Monitor
custom size duffle bags,0,1,0%,7,Duffle Bags,Commercial,High,https://printkee.com/bags-and-travel/duffle-bags,Monitor
custom tote bag manufacturer,0,1,0%,7,Tote Bags,Commercial,High,https://printkee.com/bags-and-travel/tote-bags,Monitor
customised coffee,0,1,0%,7,Other commercial products,Commercial,Medium,,Monitor
customized duffel bags,0,1,0%,7,Duffle Bags,Commercial,High,https://printkee.com/bags-and-travel/duffle-bags,Monitor
duffle bag with name embroidered,0,1,0%,7,Duffle Bags,Commercial,High,https://printkee.com/bags-and-travel/duffle-bags,Monitor
full color,0,1,0%,7,Unclassified / low signal,Ambiguous,Low,,Deprioritize
id card strap printing,0,1,0%,7,Lanyards & ID Cards,Commercial,High,https://printkee.com/office-and-writing/lanyard-and-id-card,Monitor
20 backpacks,0,1,0%,8,Backpacks & Bags,Commercial,High,https://printkee.com/bags-and-travel/backpacks,Monitor
bulk aprons with logo,0,1,0%,8,Aprons,Commercial,High,https://printkee.com/apparel-and-accessories/aprons,Monitor
bulk backpacks with logo,0,1,0%,8,Backpacks & Bags,Commercial,High,https://printkee.com/bags-and-travel/backpacks,Monitor
cork boxes,0,1,0%,8,Sustainable Gifts,Commercial,High,https://printkee.com/eco-products,Monitor
custom backpack embroidery,0,1,0%,8,Backpacks & Bags,Commercial,High,https://printkee.com/bags-and-travel/backpacks,Monitor
custom ceramic mugs bulk,0,1,0%,8,Other commercial products,Commercial,Medium,,Monitor
custom foldable bag,0,1,0%,8,Other commercial products,Commercial,Medium,,Monitor
custom foldable bags,0,1,0%,8,Other commercial products,Commercial,Medium,,Monitor
custom promotional backpacks,0,1,0%,8,Backpacks & Bags,Commercial,High,https://printkee.com/bags-and-travel/backpacks,Monitor
custom wireless chargers,0,1,0%,8,Wireless Charging,Commercial,High,https://printkee.com/technology-accessories/wireless-charging,Monitor
designer wireless charger,0,1,0%,8,Wireless Charging,Commercial,High,https://printkee.com/technology-accessories/wireless-charging,Monitor
drinkware company,0,1,0%,8,Other commercial products,Commercial,Medium,,Monitor
event welcome kit,0,1,0%,8,Employee Welcome Kits,Commercial,High,https://printkee.com/collection/welcome-kits,Monitor
for a corporate event,0,1,0%,8,Other commercial products,Commercial,Medium,,Monitor
mousepad printing near me,0,1,0%,8,Other commercial products,Commercial,Medium,,Monitor
order aprons with logo,0,1,0%,8,Aprons,Commercial,High,https://printkee.com/apparel-and-accessories/aprons,Monitor
personalised folders for business,0,1,0%,8,Files & Folders,Commercial,High,https://printkee.com/office-and-writing/file-and-folder,Monitor
portronics p logo on products,0,1,0%,8,Brand/navigation noise,Navigational / informational,Low,,Deprioritize
printing on cork,0,1,0%,8,Sustainable Gifts,Commercial,High,https://printkee.com/eco-products,Monitor
promotional duffel bags,0,1,0%,8,Duffle Bags,Commercial,High,https://printkee.com/bags-and-travel/duffle-bags,Monitor
tote bags bulk custom,0,1,0%,8,Tote Bags,Commercial,High,https://printkee.com/bags-and-travel/tote-bags,Monitor
wireless charger corporate gift,0,1,0%,8,Wireless Charging,Commercial,High,https://printkee.com/technology-accessories/wireless-charging,Monitor
wireless chargers with logo,0,1,0%,8,Wireless Charging,Commercial,High,https://printkee.com/technology-accessories/wireless-charging,Monitor
apron with custom logo,0,1,0%,9,Aprons,Commercial,High,https://printkee.com/apparel-and-accessories/aprons,Monitor
branded mousepad,0,1,0%,9,Other commercial products,Commercial,Medium,,Monitor
custom bagpack,0,1,0%,9,Other commercial products,Commercial,Medium,,Monitor
custom branded backpack,0,1,0%,9,Backpacks & Bags,Commercial,High,https://printkee.com/bags-and-travel/backpacks,Monitor
custom print backpack,0,1,0%,9,Backpacks & Bags,Commercial,High,https://printkee.com/bags-and-travel/backpacks,Monitor
embroidery cap near me,0,1,0%,9,Other commercial products,Commercial,Medium,,Monitor
id lanyard printing,0,1,0%,9,Lanyards & ID Cards,Commercial,High,https://printkee.com/office-and-writing/lanyard-and-id-card,Monitor
is portronics an indian brand,0,1,0%,9,Brand/navigation noise,Navigational / informational,Low,,Deprioritize
por gifts,0,1,0%,9,Other commercial products,Commercial,Medium,,Monitor
portronics 'p' logo on products,0,1,0%,9,Brand/navigation noise,Navigational / informational,Low,,Deprioritize
portronics desk gadgets,0,1,0%,9,Brand/navigation noise,Navigational / informational,Low,,Deprioritize
portronics indian company,0,1,0%,9,Brand/navigation noise,Navigational / informational,Low,,Deprioritize
portronics symbol,0,1,0%,9,Brand/navigation noise,Navigational / informational,Low,,Deprioritize
power bank bulk order,0,1,0%,9,Power Banks,Commercial,High,https://printkee.com/technology-accessories/power-banks,Monitor
printed duffel bag,0,1,0%,9,Duffle Bags,Commercial,High,https://printkee.com/bags-and-travel/duffle-bags,Monitor
promotional duffel bags with logo,0,1,0%,9,Duffle Bags,Commercial,High,https://printkee.com/bags-and-travel/duffle-bags,Monitor
tie customisation,0,1,0%,9,Ties,Commercial,High,https://printkee.com/apparel-and-accessories/ties,Monitor
tote bags for marketing,0,1,0%,9,Tote Bags,Commercial,High,https://printkee.com/bags-and-travel/tote-bags,Monitor
tìm hình ảnh này,0,1,0%,9,Unclassified / low signal,Ambiguous,Low,,Deprioritize
wireless charger with company logo,0,1,0%,9,Wireless Charging,Commercial,High,https://printkee.com/technology-accessories/wireless-charging,Monitor
wireless charging pad with company logo,0,1,0%,9,Wireless Charging,Commercial,High,https://printkee.com/technology-accessories/wireless-charging,Monitor
%portronics logo official stylized p,0,1,0%,10,Brand/navigation noise,Navigational / informational,Low,,Deprioritize
custom branded drinkware,0,1,0%,10,Other commercial products,Commercial,Medium,,Monitor
custom cork,0,1,0%,10,Sustainable Gifts,Commercial,High,https://printkee.com/eco-products,Monitor
custom made duffle bag,0,1,0%,10,Duffle Bags,Commercial,High,https://printkee.com/bags-and-travel/duffle-bags,Monitor
custom office folders,0,1,0%,10,Files & Folders,Commercial,High,https://printkee.com/office-and-writing/file-and-folder,Monitor
custom winter coat,0,1,0%,10,Other commercial products,Commercial,Medium,,Monitor
customized apron near me,0,1,0%,10,Aprons,Local commercial,High,https://printkee.com/apparel-and-accessories/aprons,Monitor
momento and trophy difference,0,1,0%,10,Informational research,Informational,Medium,,Monitor
portronics brand logo png,0,1,0%,10,Brand/navigation noise,Navigational / informational,Low,,Deprioritize
portronics from which country,0,1,0%,10,Brand/navigation noise,Navigational / informational,Low,,Deprioritize
portronics monogram p logo,0,1,0%,10,Brand/navigation noise,Navigational / informational,Low,,Deprioritize
portronics official logo p,0,1,0%,10,Brand/navigation noise,Navigational / informational,Low,,Deprioritize
premium acrylic trophy,0,1,0%,10,Unclassified / low signal,Ambiguous,Low,,Deprioritize
premium lanyard printing,0,1,0%,10,Lanyards & ID Cards,Commercial,High,https://printkee.com/office-and-writing/lanyard-and-id-card,Monitor
product name?,0,1,0%,10,Unclassified / low signal,Ambiguous,Low,,Deprioritize
promotional apron,0,1,0%,10,Aprons,Commercial,High,https://printkee.com/apparel-and-accessories/aprons,Monitor
promotional wireless charger,0,1,0%,10,Wireless Charging,Commercial,High,https://printkee.com/technology-accessories/wireless-charging,Monitor
team duffle bags,0,1,0%,10,Duffle Bags,Commercial,High,https://printkee.com/bags-and-travel/duffle-bags,Monitor
ties with logo,0,1,0%,10,Ties,Commercial,High,https://printkee.com/apparel-and-accessories/ties,Monitor
apron catering,0,1,0%,11,Aprons,Commercial,High,https://printkee.com/apparel-and-accessories/aprons,Monitor
apron for company,0,1,0%,11,Aprons,Commercial,High,https://printkee.com/apparel-and-accessories/aprons,Monitor
backpack with company logo,0,1,0%,11,Backpacks & Bags,Commercial,High,https://printkee.com/bags-and-travel/backpacks,Monitor
branded merchandise quick delivery,0,1,0%,11,Corporate & Promotional Merchandise,Commercial,High,https://printkee.com/,Monitor
cooperate gifting,0,1,0%,11,Unclassified / low signal,Ambiguous,Low,,Deprioritize
custom apron with logo,0,1,0%,11,Aprons,Commercial,High,https://printkee.com/apparel-and-accessories/aprons,Monitor
custom branded wireless charger,0,1,0%,11,Wireless Charging,Commercial,High,https://printkee.com/technology-accessories/wireless-charging,Monitor
custom cork mat,0,1,0%,11,Sustainable Gifts,Commercial,High,https://printkee.com/eco-products,Monitor
custom duffle bag with logo,0,1,0%,11,Duffle Bags,Commercial,High,https://printkee.com/bags-and-travel/duffle-bags,Monitor
custom hats and apparel,0,1,0%,11,Custom Apparel,Commercial,High,https://printkee.com/apparel-and-accessories,Monitor
custom lanyard with id holder,0,1,0%,11,Lanyards & ID Cards,Commercial,High,https://printkee.com/office-and-writing/lanyard-and-id-card,Monitor
custom print backpacks,0,1,0%,11,Backpacks & Bags,Commercial,High,https://printkee.com/bags-and-travel/backpacks,Monitor
customised apron near me,0,1,0%,11,Aprons,Local commercial,High,https://printkee.com/apparel-and-accessories/aprons,Monitor
customize winter jacket,0,1,0%,11,Winter Wear,Commercial,High,https://printkee.com/apparel-and-accessories/winter-wear,Monitor
customized mouse pad near me,0,1,0%,11,Other commercial products,Commercial,Medium,,Monitor
difference between momento and trophy,0,1,0%,11,Informational research,Informational,Medium,,Monitor
duffle bags personalized,0,1,0%,11,Duffle Bags,Commercial,High,https://printkee.com/bags-and-travel/duffle-bags,Monitor
personalised merchandise,0,1,0%,11,Unclassified / low signal,Ambiguous,Low,,Deprioritize
personalized overnight bags,0,1,0%,11,Unclassified / low signal,Ambiguous,Low,,Deprioritize
portronics logo icon,0,1,0%,11,Brand/navigation noise,Navigational / informational,Low,,Deprioritize
portronics logo p in a square,0,1,0%,11,Brand/navigation noise,Navigational / informational,Low,,Deprioritize
portronics logo p symbol,0,1,0%,11,Brand/navigation noise,Navigational / informational,Low,,Deprioritize
potronics logo,0,1,0%,11,Other commercial products,Commercial,Medium,,Monitor
printed drinkware,0,1,0%,11,Other commercial products,Commercial,Medium,,Monitor
where can i get custom embroidered sports team hats near me?,0,1,0%,11,Other commercial products,Commercial,Medium,,Monitor
acrylic momento hsn code,0,1,0%,12,Brand/navigation noise,Navigational / informational,Low,,Deprioritize
apron branded,0,1,0%,12,Aprons,Commercial,High,https://printkee.com/apparel-and-accessories/aprons,Monitor
cap manufacturer in gurgaon,0,1,0%,12,Other commercial products,Commercial,Medium,,Monitor
customize duffle bags,0,1,0%,12,Duffle Bags,Commercial,High,https://printkee.com/bags-and-travel/duffle-bags,Monitor
customize tie,0,1,0%,12,Ties,Commercial,High,https://printkee.com/apparel-and-accessories/ties,Monitor
customized charger,0,1,0%,12,Other commercial products,Commercial,Medium,,Monitor
customized file cover,0,1,0%,12,Files & Folders,Commercial,High,https://printkee.com/office-and-writing/file-and-folder,Monitor
id card lace printing,0,1,0%,12,Lanyards & ID Cards,Commercial,High,https://printkee.com/office-and-writing/lanyard-and-id-card,Monitor
logo apron,0,1,0%,12,Aprons,Commercial,High,https://printkee.com/apparel-and-accessories/aprons,Monitor
personalized apparel accessories,0,1,0%,12,Custom Apparel,Commercial,High,https://printkee.com/apparel-and-accessories,Monitor
personalized gel pens,0,1,0%,12,Unclassified / low signal,Ambiguous,Low,,Deprioritize
personalized wireless phone charger,0,1,0%,12,Unclassified / low signal,Ambiguous,Low,,Deprioritize
portronics manufacturing plant in india,0,1,0%,12,Brand/navigation noise,Navigational / informational,Low,,Deprioritize
printed mugs near me,0,1,0%,12,Other commercial products,Commercial,Medium,,Monitor
branded merchandise solutions,0,1,0%,13,Corporate & Promotional Merchandise,Commercial,High,https://printkee.com/,Monitor
bulk business gifts,0,1,0%,13,Corporate & Promotional Merchandise,Commercial,High,https://printkee.com/,Monitor
business aprons with logo,0,1,0%,13,Aprons,Commercial,High,https://printkee.com/apparel-and-accessories/aprons,Monitor
company backpacks with logo,0,1,0%,13,Backpacks & Bags,Commercial,High,https://printkee.com/bags-and-travel/backpacks,Monitor
company branded ties,0,1,0%,13,Ties,Commercial,High,https://printkee.com/apparel-and-accessories/ties,Monitor
custom printed tie,0,1,0%,13,Ties,Commercial,High,https://printkee.com/apparel-and-accessories/ties,Monitor
customized lanyard for id card,0,1,0%,13,Lanyards & ID Cards,Commercial,High,https://printkee.com/office-and-writing/lanyard-and-id-card,Monitor
fuzo corporate gifts,0,1,0%,13,Brand corporate gifting,Commercial,High,https://printkee.com/brands/fuzo,Monitor
id card strap customized,0,1,0%,13,Lanyards & ID Cards,Commercial,High,https://printkee.com/office-and-writing/lanyard-and-id-card,Monitor
printed file folders,0,1,0%,13,Files & Folders,Commercial,High,https://printkee.com/office-and-writing/file-and-folder,Monitor
bulk custom notebooks,0,1,0%,14,Other commercial products,Commercial,Medium,,Monitor
custom welcome box,0,1,0%,14,Other commercial products,Commercial,Medium,,Monitor
lanyard id card printing,0,1,0%,14,Lanyards & ID Cards,Commercial,High,https://printkee.com/office-and-writing/lanyard-and-id-card,Monitor
monogrammed sports bags,0,1,0%,14,Unclassified / low signal,Ambiguous,Low,,Deprioritize
personalized duffle bags for women,0,1,0%,14,Duffle Bags,Commercial,High,https://printkee.com/bags-and-travel/duffle-bags,Monitor
portronics wholesale,0,1,0%,14,Brand/navigation noise,Navigational / informational,Low,,Deprioritize
branded mouse pads,0,1,0%,15,Other commercial products,Commercial,Medium,,Monitor
boat airdopes logo,0,1,0%,16,Brand/navigation noise,Navigational / informational,Low,,Deprioritize
branded keychains bulk,0,1,0%,16,Other commercial products,Commercial,Medium,,Monitor
corporate merchandise company,0,1,0%,16,Corporate & Promotional Merchandise,Commercial,High,https://printkee.com/,Monitor
premium trophy,0,1,0%,16,Unclassified / low signal,Ambiguous,Low,,Deprioritize
custom coasters cork,0,1,0%,17,Sustainable Gifts,Commercial,High,https://printkee.com/eco-products,Monitor
custom computer backpacks,0,1,0%,17,Backpacks & Bags,Commercial,High,https://printkee.com/bags-and-travel/backpacks,Monitor
employee gifting solutions,0,1,0%,17,Corporate & Promotional Merchandise,Commercial,High,https://printkee.com/,Monitor
boat earbuds logo,0,1,0%,18,Brand/navigation noise,Navigational / informational,Low,,Deprioritize
corporate apparel near me,0,1,0%,18,Custom Apparel,Local commercial,High,https://printkee.com/apparel-and-accessories,Monitor
custom brand merchandise,0,1,0%,18,Other commercial products,Commercial,Medium,,Monitor
promotional products near me,0,1,0%,18,Corporate & Promotional Merchandise,Local commercial,High,https://printkee.com/,Monitor
custom hats with logo near me,0,1,0%,19,Other commercial products,Commercial,Medium,,Monitor
employee welcome kit india,0,1,0%,19,Employee Welcome Kits,Commercial,High,https://printkee.com/collection/welcome-kits,Monitor
make hats near me,0,1,0%,19,Other commercial products,Commercial,Medium,,Monitor
momento customize,0,1,0%,19,Unclassified / low signal,Ambiguous,Low,,Deprioritize
customize file cover,0,1,0%,20,Files & Folders,Commercial,High,https://printkee.com/office-and-writing/file-and-folder,Monitor
merchandise notebooks,0,1,0%,20,Unclassified / low signal,Ambiguous,Low,,Deprioritize
personalized backpacks wholesale,0,1,0%,20,Backpacks & Bags,Commercial,High,https://printkee.com/bags-and-travel/backpacks,Monitor
portronics meaning in english,0,1,0%,20,Brand/navigation noise,Navigational / informational,Low,,Deprioritize
print your own backpack,0,1,0%,20,Backpacks & Bags,Commercial,High,https://printkee.com/bags-and-travel/backpacks,Monitor
about portronics,0,1,0%,21,Brand/navigation noise,Navigational / informational,Low,,Deprioritize
custom branding products,0,1,0%,21,Other commercial products,Commercial,Medium,,Monitor
portronics items,0,1,0%,21,Brand/navigation noise,Navigational / informational,Low,,Deprioritize
power bank bulk purchase,0,1,0%,21,Power Banks,Commercial,High,https://printkee.com/technology-accessories/power-banks,Monitor
protonixs,0,1,0%,21,Unclassified / low signal,Ambiguous,Low,,Deprioritize
silver id card,0,1,0%,21,Lanyards & ID Cards,Commercial,High,https://printkee.com/office-and-writing/lanyard-and-id-card,Monitor
backpacks with logo,0,1,0%,22,Backpacks & Bags,Commercial,High,https://printkee.com/bags-and-travel/backpacks,Monitor
boat company products,0,1,0%,22,Brand/navigation noise,Navigational / informational,Low,,Deprioritize
contact us make it yours custom tech accessories,0,1,0%,22,Other commercial products,Commercial,Medium,,Monitor
corporate diwali gifts for employees,0,1,0%,22,Diwali Gifting,Commercial,High,https://printkee.com/diwali-special,Monitor
mouse pad printing near me,0,1,0%,22,Other commercial products,Commercial,Medium,,Monitor
corporate backpacks bulk supplier,0,1,0%,23,Backpacks & Bags,Commercial,High,https://printkee.com/bags-and-travel/backpacks,Monitor
porteonics,0,1,0%,23,Unclassified / low signal,Ambiguous,Low,,Deprioritize
portronics company wikipedia,0,1,0%,23,Brand/navigation noise,Navigational / informational,Low,,Deprioritize
boat company logo,0,1,0%,24,Brand/navigation noise,Navigational / informational,Low,,Deprioritize
cork desk,0,1,0%,24,Sustainable Gifts,Commercial,High,https://printkee.com/eco-products,Monitor
corporate merchandise solutions,0,1,0%,24,Corporate & Promotional Merchandise,Commercial,High,https://printkee.com/,Monitor
noice logo,0,1,0%,24,Other commercial products,Commercial,Medium,,Monitor
personalized sports bag,0,1,0%,24,Unclassified / low signal,Ambiguous,Low,,Deprioritize
portronics com,0,1,0%,24,Brand/navigation noise,Navigational / informational,Low,,Deprioritize
portronics made in which country,0,1,0%,24,Brand/navigation noise,Navigational / informational,Low,,Deprioritize
boat original logo,0,1,0%,25,Brand/navigation noise,Navigational / informational,Low,,Deprioritize
cleaning apron with logo,0,1,0%,25,Aprons,Commercial,High,https://printkee.com/apparel-and-accessories/aprons,Monitor
document folder printing,0,1,0%,25,Files & Folders,Commercial,High,https://printkee.com/office-and-writing/file-and-folder,Monitor
potromics,0,1,0%,25,Unclassified / low signal,Ambiguous,Low,,Deprioritize
aprons with company logo,0,1,0%,26,Aprons,Commercial,High,https://printkee.com/apparel-and-accessories/aprons,Monitor
customised momentos,0,1,0%,26,Other commercial products,Commercial,Medium,,Monitor
customized aprons,0,1,0%,26,Aprons,Commercial,High,https://printkee.com/apparel-and-accessories/aprons,Monitor
monogrammed gym bag,0,1,0%,26,Unclassified / low signal,Ambiguous,Low,,Deprioritize
promotional lanyards,0,1,0%,26,Lanyards & ID Cards,Commercial,High,https://printkee.com/office-and-writing/lanyard-and-id-card,Monitor
apron prints,0,1,0%,27,Aprons,Commercial,High,https://printkee.com/apparel-and-accessories/aprons,Monitor
black aprons with logo,0,1,0%,27,Aprons,Commercial,High,https://printkee.com/apparel-and-accessories/aprons,Monitor
corporate shirt printing,0,1,0%,27,Custom Apparel,Commercial,High,https://printkee.com/apparel-and-accessories,Monitor
custom branded aprons,0,1,0%,27,Aprons,Commercial,High,https://printkee.com/apparel-and-accessories/aprons,Monitor
custom branded wireless chargers,0,1,0%,27,Wireless Charging,Commercial,High,https://printkee.com/technology-accessories/wireless-charging,Monitor
customised folder,0,1,0%,27,Files & Folders,Commercial,High,https://printkee.com/office-and-writing/file-and-folder,Monitor
customizable apron,0,1,0%,27,Aprons,Commercial,High,https://printkee.com/apparel-and-accessories/aprons,Monitor
hats and shirts for business,0,1,0%,27,Unclassified / low signal,Ambiguous,Low,,Deprioritize
lanyards wholesale,0,1,0%,27,Lanyards & ID Cards,Commercial,High,https://printkee.com/office-and-writing/lanyard-and-id-card,Monitor
mouse pad with logo,0,1,0%,27,Other commercial products,Commercial,Medium,,Monitor
personalised wireless charging pad,0,1,0%,27,Wireless Charging,Commercial,High,https://printkee.com/technology-accessories/wireless-charging,Monitor
promotional coasters,0,1,0%,27,Other commercial products,Commercial,Medium,,Monitor
apron with print,0,1,0%,28,Aprons,Commercial,High,https://printkee.com/apparel-and-accessories/aprons,Monitor
branding accessories,0,1,0%,28,Unclassified / low signal,Ambiguous,Low,,Deprioritize
custom printed apron,0,1,0%,28,Aprons,Commercial,High,https://printkee.com/apparel-and-accessories/aprons,Monitor
custom printed aprons,0,1,0%,28,Aprons,Commercial,High,https://printkee.com/apparel-and-accessories/aprons,Monitor
kee creation,0,1,0%,28,Unclassified / low signal,Ambiguous,Low,,Deprioritize
portronics warrenty claim,0,1,0%,28,Brand/navigation noise,Navigational / informational,Low,,Deprioritize
apron logo,0,1,0%,29,Aprons,Commercial,High,https://printkee.com/apparel-and-accessories/aprons,Monitor
custom lanyards with card holder,0,1,0%,29,Lanyards & ID Cards,Commercial,High,https://printkee.com/office-and-writing/lanyard-and-id-card,Monitor
imprinted aprons,0,1,0%,29,Aprons,Commercial,High,https://printkee.com/apparel-and-accessories/aprons,Monitor
portronics products online,0,1,0%,29,Brand/navigation noise,Navigational / informational,Low,,Deprioritize
sustainable onboarding gift ideas,0,1,0%,29,Sustainable Gifts,Commercial,High,https://printkee.com/eco-products,Monitor
want to buy,0,1,0%,29,Other commercial products,Commercial,Medium,,Monitor
company lanyard,0,1,0%,30,Lanyards & ID Cards,Commercial,High,https://printkee.com/office-and-writing/lanyard-and-id-card,Monitor
custom duffle bags with names,0,1,0%,30,Duffle Bags,Commercial,High,https://printkee.com/bags-and-travel/duffle-bags,Monitor
custom lanyards wholesale,0,1,0%,30,Lanyards & ID Cards,Commercial,High,https://printkee.com/office-and-writing/lanyard-and-id-card,Monitor
custom pens bulk,0,1,0%,30,Other commercial products,Commercial,Medium,,Monitor
custom recognition awards,0,1,0%,30,Other commercial products,Commercial,Medium,,Monitor
monogrammed hats,0,1,0%,30,Unclassified / low signal,Ambiguous,Low,,Deprioritize
name tag lanyards near me,0,1,0%,30,Lanyards & ID Cards,Local commercial,High,https://printkee.com/office-and-writing/lanyard-and-id-card,Monitor
one off apparel,0,1,0%,30,Custom Apparel,Commercial,High,https://printkee.com/apparel-and-accessories,Monitor
printing on backpacks,0,1,0%,30,Backpacks & Bags,Commercial,High,https://printkee.com/bags-and-travel/backpacks,Monitor
what is product name with por,0,1,0%,30,Informational research,Informational,Medium,,Monitor
+bulk +order +personalized +pens,0,1,0%,31,Other commercial products,Commercial,Medium,,Monitor
banks power sticker,0,1,0%,31,Unclassified / low signal,Ambiguous,Low,,Deprioritize
corporate lanyards wholesale,0,1,0%,31,Lanyards & ID Cards,Commercial,High,https://printkee.com/office-and-writing/lanyard-and-id-card,Monitor
custom hats and t shirts,0,1,0%,31,Other commercial products,Commercial,Medium,,Monitor
customique,0,1,0%,32,Unclassified / low signal,Ambiguous,Low,,Deprioritize
boat product portfolio,0,1,0%,33,Brand/navigation noise,Navigational / informational,Low,,Deprioritize
bulk personalized lanyards,0,1,0%,33,Lanyards & ID Cards,Commercial,High,https://printkee.com/office-and-writing/lanyard-and-id-card,Monitor
custom notebook premium,0,1,0%,33,Other commercial products,Commercial,Medium,,Monitor
customized lanyards bulk,0,1,0%,33,Lanyards & ID Cards,Commercial,High,https://printkee.com/office-and-writing/lanyard-and-id-card,Monitor
portronics digital,0,1,0%,33,Brand/navigation noise,Navigational / informational,Low,,Deprioritize
bulk keychains personalized,0,1,0%,34,Other commercial products,Commercial,Medium,,Monitor
custom caps near me,0,1,0%,34,Other commercial products,Commercial,Medium,,Monitor
custom football duffel bags,0,1,0%,34,Duffle Bags,Commercial,High,https://printkee.com/bags-and-travel/duffle-bags,Monitor
custom toque,0,1,0%,34,Other commercial products,Commercial,Medium,,Monitor
embroidered aprons,0,1,0%,34,Aprons,Commercial,High,https://printkee.com/apparel-and-accessories/aprons,Monitor
noise company logo,0,1,0%,34,Brand/navigation noise,Navigational / informational,Low,,Deprioritize
promo pens with logo,0,1,0%,34,Other commercial products,Commercial,Medium,,Monitor
cap manufacturers in rohini,0,1,0%,35,Unclassified / low signal,Ambiguous,Low,,Deprioritize
corkyogis,0,1,0%,35,Unclassified / low signal,Ambiguous,Low,,Deprioritize
custom bucket hats fast delivery,0,1,0%,35,Other commercial products,Commercial,Medium,,Monitor
custom tie down,0,1,0%,35,Ties,Commercial,High,https://printkee.com/apparel-and-accessories/ties,Monitor
customized folders,0,1,0%,35,Files & Folders,Commercial,High,https://printkee.com/office-and-writing/file-and-folder,Monitor
diwali 2026 gifts,0,1,0%,35,Diwali Gifting,Commercial,High,https://printkee.com/diwali-special,Monitor
logo ties,0,1,0%,35,Ties,Commercial,High,https://printkee.com/apparel-and-accessories/ties,Monitor
sublimation duffle bag suppliers,0,1,0%,35,Duffle Bags,Commercial,High,https://printkee.com/bags-and-travel/duffle-bags,Monitor
where to order custom hats,0,1,0%,35,Other commercial products,Commercial,Medium,,Monitor
www.portronics.com,0,1,0%,35,Brand/navigation noise,Navigational / informational,Low,,Deprioritize
branded onboarding kits wholesale,0,1,0%,36,Employee Welcome Kits,Commercial,High,https://printkee.com/collection/welcome-kits,Monitor
bulk hats custom,0,1,0%,36,Other commercial products,Commercial,Medium,,Monitor
company logo notebooks,0,1,0%,36,Other commercial products,Commercial,Medium,,Monitor
cork organizer,0,1,0%,36,Sustainable Gifts,Commercial,High,https://printkee.com/eco-products,Monitor
custom logo folders,0,1,0%,36,Files & Folders,Commercial,High,https://printkee.com/office-and-writing/file-and-folder,Monitor
customised apron,0,1,0%,36,Aprons,Commercial,High,https://printkee.com/apparel-and-accessories/aprons,Monitor
customizable hats in bulk,0,1,0%,36,Other commercial products,Commercial,Medium,,Monitor
portronics electric kettle,0,1,0%,36,Brand/navigation noise,Navigational / informational,Low,,Deprioritize
portronics gift card,0,1,0%,36,Brand corporate gifting,Commercial,High,https://printkee.com/brands/portronics,Monitor
round cork tray,0,1,0%,36,Sustainable Gifts,Commercial,High,https://printkee.com/eco-products,Monitor
support portronics,0,1,0%,36,Brand/navigation noise,Navigational / informational,Low,,Deprioritize
apron printed,0,1,0%,37,Aprons,Commercial,High,https://printkee.com/apparel-and-accessories/aprons,Monitor
custom pen set,0,1,0%,37,Other commercial products,Commercial,Medium,,Monitor
lanyard and card,0,1,0%,37,Lanyards & ID Cards,Commercial,High,https://printkee.com/office-and-writing/lanyard-and-id-card,Monitor
personalized key chains bulk,0,1,0%,37,Other commercial products,Commercial,Medium,,Monitor
cork box,0,1,0%,38,Sustainable Gifts,Commercial,High,https://printkee.com/eco-products,Monitor
portronics.com,0,1,0%,38,Brand/navigation noise,Navigational / informational,Low,,Deprioritize
custom hats for restaurants,0,1,0%,39,Other commercial products,Commercial,Medium,,Monitor
custom printed drinkware,0,1,0%,39,Other commercial products,Commercial,Medium,,Monitor
customized drinkware pens bags,0,1,0%,39,Other commercial products,Commercial,Medium,,Monitor
id card and lanyard,0,1,0%,39,Lanyards & ID Cards,Commercial,High,https://printkee.com/office-and-writing/lanyard-and-id-card,Monitor
order branded items,0,1,0%,39,Other commercial products,Commercial,Medium,,Monitor
promotional printed lanyards,0,1,0%,39,Lanyards & ID Cards,Commercial,High,https://printkee.com/office-and-writing/lanyard-and-id-card,Monitor
promotional travel bags with logo,0,1,0%,39,Backpacks & Bags,Commercial,High,https://printkee.com/bags-and-travel/backpacks,Monitor
tote bag maker,0,1,0%,39,Tote Bags,Commercial,High,https://printkee.com/bags-and-travel/tote-bags,Monitor
chef apron with logo,0,1,0%,40,Aprons,Commercial,High,https://printkee.com/apparel-and-accessories/aprons,Monitor
custom folders with logo,0,1,0%,40,Files & Folders,Commercial,High,https://printkee.com/office-and-writing/file-and-folder,Monitor
customized corporate gifts india,0,1,0%,40,Other commercial products,Commercial,Medium,,Monitor
personalized business folders,0,1,0%,40,Files & Folders,Commercial,High,https://printkee.com/office-and-writing/file-and-folder,Monitor
personalized corporate gifts india,0,1,0%,40,Other commercial products,Commercial,Medium,,Monitor
print ties,0,1,0%,40,Ties,Commercial,High,https://printkee.com/apparel-and-accessories/ties,Monitor
ties logo,0,1,0%,40,Ties,Commercial,High,https://printkee.com/apparel-and-accessories/ties,Monitor
ceramic mug logo,0,1,0%,42,Other commercial products,Commercial,Medium,,Monitor
company lanyards,0,1,0%,42,Lanyards & ID Cards,Commercial,High,https://printkee.com/office-and-writing/lanyard-and-id-card,Monitor
merchandise branding company,0,1,0%,42,Other commercial products,Commercial,Medium,,Monitor
promotional keychains with logo,0,1,0%,42,Other commercial products,Commercial,Medium,,Monitor
company branded gear,0,1,0%,43,Other commercial products,Commercial,Medium,,Monitor
custom giveaways,0,1,0%,43,Other commercial products,Commercial,Medium,,Monitor
customized yoga mat,0,1,0%,43,Other commercial products,Commercial,Medium,,Monitor
id card rope printing,0,1,0%,43,Lanyards & ID Cards,Commercial,High,https://printkee.com/office-and-writing/lanyard-and-id-card,Monitor
outdoor & travel accessories for corporate gifting,0,1,0%,43,Corporate & Promotional Merchandise,Commercial,High,https://printkee.com/,Monitor
promotional tote bags,0,1,0%,43,Tote Bags,Commercial,High,https://printkee.com/bags-and-travel/tote-bags,Monitor
business lanyards,0,1,0%,44,Lanyards & ID Cards,Commercial,High,https://printkee.com/office-and-writing/lanyard-and-id-card,Monitor
ceramic mugs with logo,0,1,0%,44,Other commercial products,Commercial,Medium,,Monitor
company merchandise,0,1,0%,44,Other commercial products,Commercial,Medium,,Monitor
corporate folders,0,1,0%,44,Files & Folders,Commercial,High,https://printkee.com/office-and-writing/file-and-folder,Monitor
corporate lanyards,0,1,0%,44,Lanyards & ID Cards,Commercial,High,https://printkee.com/office-and-writing/lanyard-and-id-card,Monitor
custom bulk keychains,0,1,0%,44,Other commercial products,Commercial,Medium,,Monitor
customised corporate gifts india,0,1,0%,44,Other commercial products,Commercial,Medium,,Monitor
